datetime,timestamp,site_id,sun_azimuth_deg,sun_elevation_deg,sun_horizon_deg,earth_azimuth_deg,earth_elevation_deg,earth_horizon_deg,is_illuminated,has_earth_comm,dual_operational,state
2026-11-01 00:00:00+00:00,1793491200.0,shackleton_peak_b,66.94,1.68,10.25,145.77,2.48,4.83,False,False,False,Blackout
2026-11-01 01:00:00+00:00,1793494800.0,shackleton_peak_b,66.44,1.68,10.25,145.81,2.42,4.83,False,False,False,Blackout
2026-11-01 02:00:00+00:00,1793498400.0,shackleton_peak_b,65.93,1.69,10.25,145.85,2.36,4.83,False,False,False,Blackout
2026-11-01 03:00:00+00:00,1793502000.0,shackleton_peak_b,65.42,1.69,10.25,145.89,2.3,4.83,False,False,False,Blackout
2026-11-01 04:00:00+00:00,1793505600.0,shackleton_peak_b,64.92,1.7,10.24,145.92,2.24,4.82,False,False,False,Blackout
2026-11-01 05:00:00+00:00,1793509200.0,shackleton_peak_b,64.41,1.7,10.21,145.96,2.18,4.82,False,False,False,Blackout
2026-11-01 06:00:00+00:00,1793512800.0,shackleton_peak_b,63.9,1.71,10.17,146.0,2.12,4.82,False,False,False,Blackout
2026-11-01 07:00:00+00:00,1793516400.0,shackleton_peak_b,63.39,1.71,10.14,146.03,2.05,4.82,False,False,False,Blackout
2026-11-01 08:00:00+00:00,1793520000.0,shackleton_peak_b,62.89,1.72,10.1,146.07,1.99,4.82,False,False,False,Blackout
2026-11-01 09:00:00+00:00,1793523600.0,shackleton_peak_b,62.38,1.72,10.07,146.1,1.93,4.82,False,False,False,Blackout
2026-11-01 10:00:00+00:00,1793527200.0,shackleton_peak_b,61.87,1.73,10.03,146.13,1.87,4.82,False,False,False,Blackout
2026-11-01 11:00:00+00:00,1793530800.0,shackleton_peak_b,61.37,1.73,10.0,146.17,1.81,4.82,False,False,False,Blackout
2026-11-01 12:00:00+00:00,1793534400.0,shackleton_peak_b,60.86,1.73,9.96,146.2,1.74,4.82,False,False,False,Blackout
2026-11-01 13:00:00+00:00,1793538000.0,shackleton_peak_b,60.35,1.74,9.92,146.24,1.68,4.82,False,False,False,Blackout
2026-11-01 14:00:00+00:00,1793541600.0,shackleton_peak_b,59.85,1.74,9.86,146.27,1.62,4.81,False,False,False,Blackout
2026-11-01 15:00:00+00:00,1793545200.0,shackleton_peak_b,59.34,1.75,9.73,146.3,1.56,4.81,False,False,False,Blackout
2026-11-01 16:00:00+00:00,1793548800.0,shackleton_peak_b,58.83,1.75,9.61,146.33,1.49,4.81,False,False,False,Blackout
2026-11-01 17:00:00+00:00,1793552400.0,shackleton_peak_b,58.32,1.76,9.48,146.36,1.43,4.81,False,False,False,Blackout
2026-11-01 18:00:00+00:00,1793556000.0,shackleton_peak_b,57.82,1.76,9.35,146.39,1.37,4.81,False,False,False,Blackout
2026-11-01 19:00:00+00:00,1793559600.0,shackleton_peak_b,57.31,1.77,9.23,146.42,1.3,4.81,False,False,False,Blackout
2026-11-01 20:00:00+00:00,1793563200.0,shackleton_peak_b,56.8,1.77,9.1,146.45,1.24,4.81,False,False,False,Blackout
2026-11-01 21:00:00+00:00,1793566800.0,shackleton_peak_b,56.3,1.78,8.97,146.48,1.18,4.81,False,False,False,Blackout
2026-11-01 22:00:00+00:00,1793570400.0,shackleton_peak_b,55.79,1.78,8.85,146.51,1.11,4.81,False,False,False,Blackout
2026-11-01 23:00:00+00:00,1793574000.0,shackleton_peak_b,55.28,1.78,8.72,146.53,1.05,4.81,False,False,False,Blackout
2026-11-02 00:00:00+00:00,1793577600.0,shackleton_peak_b,54.77,1.79,8.65,146.56,0.98,4.81,False,False,False,Blackout
2026-11-02 01:00:00+00:00,1793581200.0,shackleton_peak_b,54.26,1.79,8.65,146.59,0.92,4.81,False,False,False,Blackout
2026-11-02 02:00:00+00:00,1793584800.0,shackleton_peak_b,53.76,1.8,8.65,146.62,0.85,4.8,False,False,False,Blackout
2026-11-02 03:00:00+00:00,1793588400.0,shackleton_peak_b,53.25,1.8,8.65,146.64,0.79,4.8,False,False,False,Blackout
2026-11-02 04:00:00+00:00,1793592000.0,shackleton_peak_b,52.74,1.81,8.65,146.67,0.72,4.8,False,False,False,Blackout
2026-11-02 05:00:00+00:00,1793595600.0,shackleton_peak_b,52.24,1.81,8.65,146.69,0.66,4.8,False,False,False,Blackout
2026-11-02 06:00:00+00:00,1793599200.0,shackleton_peak_b,51.73,1.82,8.65,146.72,0.59,4.8,False,False,False,Blackout
2026-11-02 07:00:00+00:00,1793602800.0,shackleton_peak_b,51.22,1.82,8.65,146.74,0.53,4.8,False,False,False,Blackout
2026-11-02 08:00:00+00:00,1793606400.0,shackleton_peak_b,50.71,1.82,8.65,146.76,0.46,4.8,False,False,False,Blackout
2026-11-02 09:00:00+00:00,1793610000.0,shackleton_peak_b,50.21,1.83,8.65,146.79,0.4,4.8,False,False,False,Blackout
2026-11-02 10:00:00+00:00,1793613600.0,shackleton_peak_b,49.7,1.83,8.65,146.81,0.33,4.8,False,False,False,Blackout
2026-11-02 11:00:00+00:00,1793617200.0,shackleton_peak_b,49.19,1.84,8.65,146.83,0.27,4.8,False,False,False,Blackout
2026-11-02 12:00:00+00:00,1793620800.0,shackleton_peak_b,48.68,1.84,8.65,146.86,0.2,4.8,False,False,False,Blackout
2026-11-02 13:00:00+00:00,1793624400.0,shackleton_peak_b,48.18,1.84,8.65,146.88,0.14,4.8,False,False,False,Blackout
2026-11-02 14:00:00+00:00,1793628000.0,shackleton_peak_b,47.67,1.85,8.65,146.9,0.07,4.8,False,False,False,Blackout
2026-11-02 15:00:00+00:00,1793631600.0,shackleton_peak_b,47.16,1.85,8.65,146.92,0.01,4.8,False,False,False,Blackout
2026-11-02 16:00:00+00:00,1793635200.0,shackleton_peak_b,46.65,1.86,8.65,146.94,-0.06,4.8,False,False,False,Blackout
2026-11-02 17:00:00+00:00,1793638800.0,shackleton_peak_b,46.15,1.86,8.65,146.96,-0.13,4.8,False,False,False,Blackout
2026-11-02 18:00:00+00:00,1793642400.0,shackleton_peak_b,45.64,1.86,8.65,146.98,-0.19,4.79,False,False,False,Blackout
2026-11-02 19:00:00+00:00,1793646000.0,shackleton_peak_b,45.13,1.87,8.65,147.0,-0.26,4.79,False,False,False,Blackout
2026-11-02 20:00:00+00:00,1793649600.0,shackleton_peak_b,44.62,1.87,8.65,147.01,-0.32,4.79,False,False,False,Blackout
2026-11-02 21:00:00+00:00,1793653200.0,shackleton_peak_b,44.12,1.88,8.65,147.03,-0.39,4.79,False,False,False,Blackout
2026-11-02 22:00:00+00:00,1793656800.0,shackleton_peak_b,43.61,1.88,8.65,147.05,-0.45,4.79,False,False,False,Blackout
2026-11-02 23:00:00+00:00,1793660400.0,shackleton_peak_b,43.1,1.89,8.65,147.07,-0.52,4.79,False,False,False,Blackout
2026-11-03 00:00:00+00:00,1793664000.0,shackleton_peak_b,42.59,1.89,8.65,147.08,-0.58,4.79,False,False,False,Blackout
2026-11-03 01:00:00+00:00,1793667600.0,shackleton_peak_b,42.08,1.89,8.65,147.1,-0.65,4.79,False,False,False,Blackout
2026-11-03 02:00:00+00:00,1793671200.0,shackleton_peak_b,41.58,1.9,8.65,147.12,-0.71,4.79,False,False,False,Blackout
2026-11-03 03:00:00+00:00,1793674800.0,shackleton_peak_b,41.07,1.9,8.65,147.13,-0.78,4.79,False,False,False,Blackout
2026-11-03 04:00:00+00:00,1793678400.0,shackleton_peak_b,40.56,1.9,8.65,147.15,-0.85,4.79,False,False,False,Blackout
2026-11-03 05:00:00+00:00,1793682000.0,shackleton_peak_b,40.06,1.91,8.65,147.16,-0.91,4.79,False,False,False,Blackout
2026-11-03 06:00:00+00:00,1793685600.0,shackleton_peak_b,39.55,1.91,8.65,147.18,-0.98,4.79,False,False,False,Blackout
2026-11-03 07:00:00+00:00,1793689200.0,shackleton_peak_b,39.04,1.92,8.65,147.19,-1.04,4.79,False,False,False,Blackout
2026-11-03 08:00:00+00:00,1793692800.0,shackleton_peak_b,38.53,1.92,8.65,147.2,-1.11,4.79,False,False,False,Blackout
2026-11-03 09:00:00+00:00,1793696400.0,shackleton_peak_b,38.02,1.92,8.65,147.22,-1.17,4.79,False,False,False,Blackout
2026-11-03 10:00:00+00:00,1793700000.0,shackleton_peak_b,37.52,1.93,8.65,147.23,-1.24,4.79,False,False,False,Blackout
2026-11-03 11:00:00+00:00,1793703600.0,shackleton_peak_b,37.01,1.93,8.65,147.24,-1.3,4.79,False,False,False,Blackout
2026-11-03 12:00:00+00:00,1793707200.0,shackleton_peak_b,36.5,1.93,8.65,147.25,-1.37,4.79,False,False,False,Blackout
2026-11-03 13:00:00+00:00,1793710800.0,shackleton_peak_b,35.99,1.94,8.65,147.26,-1.43,4.79,False,False,False,Blackout
2026-11-03 14:00:00+00:00,1793714400.0,shackleton_peak_b,35.49,1.94,8.65,147.28,-1.5,4.79,False,False,False,Blackout
2026-11-03 15:00:00+00:00,1793718000.0,shackleton_peak_b,34.98,1.94,8.65,147.29,-1.56,4.79,False,False,False,Blackout
2026-11-03 16:00:00+00:00,1793721600.0,shackleton_peak_b,34.47,1.95,8.65,147.3,-1.62,4.79,False,False,False,Blackout
2026-11-03 17:00:00+00:00,1793725200.0,shackleton_peak_b,33.96,1.95,8.65,147.31,-1.69,4.79,False,False,False,Blackout
2026-11-03 18:00:00+00:00,1793728800.0,shackleton_peak_b,33.45,1.95,8.65,147.32,-1.75,4.79,False,False,False,Blackout
2026-11-03 19:00:00+00:00,1793732400.0,shackleton_peak_b,32.95,1.96,8.65,147.33,-1.81,4.78,False,False,False,Blackout
2026-11-03 20:00:00+00:00,1793736000.0,shackleton_peak_b,32.44,1.96,8.65,147.33,-1.88,4.78,False,False,False,Blackout
2026-11-03 21:00:00+00:00,1793739600.0,shackleton_peak_b,31.93,1.96,8.65,147.34,-1.94,4.78,False,False,False,Blackout
2026-11-03 22:00:00+00:00,1793743200.0,shackleton_peak_b,31.42,1.96,8.65,147.35,-2.01,4.78,False,False,False,Blackout
2026-11-03 23:00:00+00:00,1793746800.0,shackleton_peak_b,30.91,1.97,8.65,147.36,-2.07,4.78,False,False,False,Blackout
2026-11-04 00:00:00+00:00,1793750400.0,shackleton_peak_b,30.41,1.97,8.65,147.37,-2.13,4.78,False,False,False,Blackout
2026-11-04 01:00:00+00:00,1793754000.0,shackleton_peak_b,29.9,1.97,8.65,147.37,-2.19,4.78,False,False,False,Blackout
2026-11-04 02:00:00+00:00,1793757600.0,shackleton_peak_b,29.39,1.98,8.65,147.38,-2.26,4.78,False,False,False,Blackout
2026-11-04 03:00:00+00:00,1793761200.0,shackleton_peak_b,28.88,1.98,8.65,147.39,-2.32,4.78,False,False,False,Blackout
2026-11-04 04:00:00+00:00,1793764800.0,shackleton_peak_b,28.37,1.98,8.65,147.39,-2.38,4.78,False,False,False,Blackout
2026-11-04 05:00:00+00:00,1793768400.0,shackleton_peak_b,27.87,1.99,8.65,147.4,-2.44,4.78,False,False,False,Blackout
2026-11-04 06:00:00+00:00,1793772000.0,shackleton_peak_b,27.36,1.99,8.65,147.4,-2.5,4.78,False,False,False,Blackout
2026-11-04 07:00:00+00:00,1793775600.0,shackleton_peak_b,26.85,1.99,8.65,147.41,-2.57,4.78,False,False,False,Blackout
2026-11-04 08:00:00+00:00,1793779200.0,shackleton_peak_b,26.34,1.99,8.65,147.41,-2.63,4.78,False,False,False,Blackout
2026-11-04 09:00:00+00:00,1793782800.0,shackleton_peak_b,25.83,2.0,8.65,147.41,-2.69,4.78,False,False,False,Blackout
2026-11-04 10:00:00+00:00,1793786400.0,shackleton_peak_b,25.33,2.0,8.65,147.42,-2.75,4.78,False,False,False,Blackout
2026-11-04 11:00:00+00:00,1793790000.0,shackleton_peak_b,24.82,2.0,8.65,147.42,-2.81,4.78,False,False,False,Blackout
2026-11-04 12:00:00+00:00,1793793600.0,shackleton_peak_b,24.31,2.0,8.65,147.43,-2.87,4.78,False,False,False,Blackout
2026-11-04 13:00:00+00:00,1793797200.0,shackleton_peak_b,23.8,2.0,8.65,147.43,-2.93,4.78,False,False,False,Blackout
2026-11-04 14:00:00+00:00,1793800800.0,shackleton_peak_b,23.29,2.01,8.65,147.43,-2.99,4.78,False,False,False,Blackout
2026-11-04 15:00:00+00:00,1793804400.0,shackleton_peak_b,22.79,2.01,8.65,147.43,-3.05,4.78,False,False,False,Blackout
2026-11-04 16:00:00+00:00,1793808000.0,shackleton_peak_b,22.28,2.01,8.65,147.43,-3.11,4.78,False,False,False,Blackout
2026-11-04 17:00:00+00:00,1793811600.0,shackleton_peak_b,21.77,2.02,8.65,147.44,-3.17,4.78,False,False,False,Blackout
2026-11-04 18:00:00+00:00,1793815200.0,shackleton_peak_b,21.26,2.02,8.65,147.44,-3.23,4.78,False,False,False,Blackout
2026-11-04 19:00:00+00:00,1793818800.0,shackleton_peak_b,20.75,2.02,8.65,147.44,-3.29,4.78,False,False,False,Blackout
2026-11-04 20:00:00+00:00,1793822400.0,shackleton_peak_b,20.25,2.02,8.65,147.44,-3.35,4.78,False,False,False,Blackout
2026-11-04 21:00:00+00:00,1793826000.0,shackleton_peak_b,19.74,2.02,8.65,147.44,-3.4,4.78,False,False,False,Blackout
2026-11-04 22:00:00+00:00,1793829600.0,shackleton_peak_b,19.23,2.03,8.65,147.44,-3.46,4.78,False,False,False,Blackout
2026-11-04 23:00:00+00:00,1793833200.0,shackleton_peak_b,18.72,2.03,8.65,147.44,-3.52,4.78,False,False,False,Blackout
2026-11-05 00:00:00+00:00,1793836800.0,shackleton_peak_b,18.21,2.03,8.65,147.44,-3.58,4.78,False,False,False,Blackout
2026-11-05 01:00:00+00:00,1793840400.0,shackleton_peak_b,17.7,2.03,8.65,147.44,-3.63,4.78,False,False,False,Blackout
2026-11-05 02:00:00+00:00,1793844000.0,shackleton_peak_b,17.2,2.03,8.65,147.43,-3.69,4.78,False,False,False,Blackout
2026-11-05 03:00:00+00:00,1793847600.0,shackleton_peak_b,16.69,2.04,8.65,147.43,-3.75,4.78,False,False,False,Blackout
2026-11-05 04:00:00+00:00,1793851200.0,shackleton_peak_b,16.18,2.04,8.65,147.43,-3.8,4.78,False,False,False,Blackout
2026-11-05 05:00:00+00:00,1793854800.0,shackleton_peak_b,15.67,2.04,8.65,147.43,-3.86,4.78,False,False,False,Blackout
2026-11-05 06:00:00+00:00,1793858400.0,shackleton_peak_b,15.16,2.04,8.65,147.42,-3.91,4.78,False,False,False,Blackout
2026-11-05 07:00:00+00:00,1793862000.0,shackleton_peak_b,14.65,2.04,8.65,147.42,-3.97,4.78,False,False,False,Blackout
2026-11-05 08:00:00+00:00,1793865600.0,shackleton_peak_b,14.15,2.04,8.65,147.42,-4.02,4.78,False,False,False,Blackout
2026-11-05 09:00:00+00:00,1793869200.0,shackleton_peak_b,13.64,2.05,8.65,147.41,-4.08,4.78,False,False,False,Blackout
2026-11-05 10:00:00+00:00,1793872800.0,shackleton_peak_b,13.13,2.05,8.65,147.41,-4.13,4.78,False,False,False,Blackout
2026-11-05 11:00:00+00:00,1793876400.0,shackleton_peak_b,12.62,2.05,8.65,147.41,-4.18,4.78,False,False,False,Blackout
2026-11-05 12:00:00+00:00,1793880000.0,shackleton_peak_b,12.11,2.05,8.65,147.4,-4.24,4.78,False,False,False,Blackout
2026-11-05 13:00:00+00:00,1793883600.0,shackleton_peak_b,11.61,2.05,8.65,147.4,-4.29,4.78,False,False,False,Blackout
2026-11-05 14:00:00+00:00,1793887200.0,shackleton_peak_b,11.1,2.05,8.65,147.39,-4.34,4.78,False,False,False,Blackout
2026-11-05 15:00:00+00:00,1793890800.0,shackleton_peak_b,10.59,2.06,8.65,147.38,-4.39,4.78,False,False,False,Blackout
2026-11-05 16:00:00+00:00,1793894400.0,shackleton_peak_b,10.08,2.06,8.65,147.38,-4.45,4.78,False,False,False,Blackout
2026-11-05 17:00:00+00:00,1793898000.0,shackleton_peak_b,9.57,2.06,8.53,147.37,-4.5,4.78,False,False,False,Blackout
2026-11-05 18:00:00+00:00,1793901600.0,shackleton_peak_b,9.06,2.06,8.4,147.37,-4.55,4.78,False,False,False,Blackout
2026-11-05 19:00:00+00:00,1793905200.0,shackleton_peak_b,8.56,2.06,8.26,147.36,-4.6,4.78,False,False,False,Blackout
2026-11-05 20:00:00+00:00,1793908800.0,shackleton_peak_b,8.05,2.06,8.12,147.35,-4.65,4.78,False,False,False,Blackout
2026-11-05 21:00:00+00:00,1793912400.0,shackleton_peak_b,7.54,2.06,7.99,147.35,-4.7,4.78,False,False,False,Blackout
2026-11-05 22:00:00+00:00,1793916000.0,shackleton_peak_b,7.03,2.06,7.85,147.34,-4.75,4.78,False,False,False,Blackout
2026-11-05 23:00:00+00:00,1793919600.0,shackleton_peak_b,6.52,2.06,7.71,147.33,-4.8,4.78,False,False,False,Blackout
2026-11-06 00:00:00+00:00,1793923200.0,shackleton_peak_b,6.01,2.07,7.57,147.32,-4.85,4.78,False,False,False,Blackout
2026-11-06 01:00:00+00:00,1793926800.0,shackleton_peak_b,5.51,2.07,7.44,147.31,-4.89,4.79,False,False,False,Blackout
2026-11-06 02:00:00+00:00,1793930400.0,shackleton_peak_b,5.0,2.07,7.3,147.31,-4.94,4.79,False,False,False,Blackout
2026-11-06 03:00:00+00:00,1793934000.0,shackleton_peak_b,4.49,2.07,7.3,147.3,-4.99,4.79,False,False,False,Blackout
2026-11-06 04:00:00+00:00,1793937600.0,shackleton_peak_b,3.98,2.07,7.3,147.29,-5.04,4.79,False,False,False,Blackout
2026-11-06 05:00:00+00:00,1793941200.0,shackleton_peak_b,3.47,2.07,7.3,147.28,-5.08,4.79,False,False,False,Blackout
2026-11-06 06:00:00+00:00,1793944800.0,shackleton_peak_b,2.96,2.07,7.3,147.27,-5.13,4.79,False,False,False,Blackout
2026-11-06 07:00:00+00:00,1793948400.0,shackleton_peak_b,2.45,2.07,7.3,147.26,-5.18,4.79,False,False,False,Blackout
2026-11-06 08:00:00+00:00,1793952000.0,shackleton_peak_b,1.95,2.07,7.3,147.25,-5.22,4.79,False,False,False,Blackout
2026-11-06 09:00:00+00:00,1793955600.0,shackleton_peak_b,1.44,2.07,7.3,147.24,-5.27,4.79,False,False,False,Blackout
2026-11-06 10:00:00+00:00,1793959200.0,shackleton_peak_b,0.93,2.07,7.3,147.23,-5.31,4.79,False,False,False,Blackout
2026-11-06 11:00:00+00:00,1793962800.0,shackleton_peak_b,0.42,2.07,7.3,147.21,-5.36,4.79,False,False,False,Blackout
2026-11-06 12:00:00+00:00,1793966400.0,shackleton_peak_b,359.91,2.07,7.3,147.2,-5.4,4.79,False,False,False,Blackout
2026-11-06 13:00:00+00:00,1793970000.0,shackleton_peak_b,359.4,2.08,7.3,147.19,-5.44,4.79,False,False,False,Blackout
2026-11-06 14:00:00+00:00,1793973600.0,shackleton_peak_b,358.9,2.08,7.3,147.18,-5.48,4.79,False,False,False,Blackout
2026-11-06 15:00:00+00:00,1793977200.0,shackleton_peak_b,358.39,2.08,7.3,147.16,-5.53,4.79,False,False,False,Blackout
2026-11-06 16:00:00+00:00,1793980800.0,shackleton_peak_b,357.88,2.08,7.3,147.15,-5.57,4.79,False,False,False,Blackout
2026-11-06 17:00:00+00:00,1793984400.0,shackleton_peak_b,357.37,2.08,7.3,147.14,-5.61,4.79,False,False,False,Blackout
2026-11-06 18:00:00+00:00,1793988000.0,shackleton_peak_b,356.86,2.08,7.3,147.13,-5.65,4.79,False,False,False,Blackout
2026-11-06 19:00:00+00:00,1793991600.0,shackleton_peak_b,356.35,2.08,7.3,147.11,-5.69,4.79,False,False,False,Blackout
2026-11-06 20:00:00+00:00,1793995200.0,shackleton_peak_b,355.84,2.08,7.3,147.1,-5.73,4.79,False,False,False,Blackout
2026-11-06 21:00:00+00:00,1793998800.0,shackleton_peak_b,355.34,2.08,7.3,147.08,-5.77,4.79,False,False,False,Blackout
2026-11-06 22:00:00+00:00,1794002400.0,shackleton_peak_b,354.83,2.08,7.3,147.07,-5.81,4.79,False,False,False,Blackout
2026-11-06 23:00:00+00:00,1794006000.0,shackleton_peak_b,354.32,2.08,7.3,147.06,-5.85,4.79,False,False,False,Blackout
2026-11-07 00:00:00+00:00,1794009600.0,shackleton_peak_b,353.81,2.08,7.3,147.04,-5.89,4.79,False,False,False,Blackout
2026-11-07 01:00:00+00:00,1794013200.0,shackleton_peak_b,353.3,2.08,7.3,147.02,-5.92,4.79,False,False,False,Blackout
2026-11-07 02:00:00+00:00,1794016800.0,shackleton_peak_b,352.79,2.08,7.3,147.01,-5.96,4.79,False,False,False,Blackout
2026-11-07 03:00:00+00:00,1794020400.0,shackleton_peak_b,352.29,2.08,7.3,146.99,-6.0,4.79,False,False,False,Blackout
2026-11-07 04:00:00+00:00,1794024000.0,shackleton_peak_b,351.78,2.08,7.3,146.98,-6.03,4.79,False,False,False,Blackout
2026-11-07 05:00:00+00:00,1794027600.0,shackleton_peak_b,351.27,2.08,7.3,146.96,-6.07,4.8,False,False,False,Blackout
2026-11-07 06:00:00+00:00,1794031200.0,shackleton_peak_b,350.76,2.08,7.3,146.94,-6.1,4.8,False,False,False,Blackout
2026-11-07 07:00:00+00:00,1794034800.0,shackleton_peak_b,350.25,2.07,7.3,146.93,-6.14,4.8,False,False,False,Blackout
2026-11-07 08:00:00+00:00,1794038400.0,shackleton_peak_b,349.74,2.07,7.3,146.91,-6.17,4.8,False,False,False,Blackout
2026-11-07 09:00:00+00:00,1794042000.0,shackleton_peak_b,349.23,2.07,7.3,146.89,-6.21,4.8,False,False,False,Blackout
2026-11-07 10:00:00+00:00,1794045600.0,shackleton_peak_b,348.73,2.07,7.3,146.88,-6.24,4.8,False,False,False,Blackout
2026-11-07 11:00:00+00:00,1794049200.0,shackleton_peak_b,348.22,2.07,7.3,146.86,-6.27,4.8,False,False,False,Blackout
2026-11-07 12:00:00+00:00,1794052800.0,shackleton_peak_b,347.71,2.07,7.3,146.84,-6.3,4.8,False,False,False,Blackout
2026-11-07 13:00:00+00:00,1794056400.0,shackleton_peak_b,347.2,2.07,7.3,146.82,-6.34,4.8,False,False,False,Blackout
2026-11-07 14:00:00+00:00,1794060000.0,shackleton_peak_b,346.69,2.07,7.3,146.8,-6.37,4.8,False,False,False,Blackout
2026-11-07 15:00:00+00:00,1794063600.0,shackleton_peak_b,346.18,2.07,7.3,146.78,-6.4,4.8,False,False,False,Blackout
2026-11-07 16:00:00+00:00,1794067200.0,shackleton_peak_b,345.67,2.07,7.3,146.76,-6.43,4.8,False,False,False,Blackout
2026-11-07 17:00:00+00:00,1794070800.0,shackleton_peak_b,345.17,2.07,7.3,146.74,-6.46,4.8,False,False,False,Blackout
2026-11-07 18:00:00+00:00,1794074400.0,shackleton_peak_b,344.66,2.07,7.3,146.72,-6.49,4.8,False,False,False,Blackout
2026-11-07 19:00:00+00:00,1794078000.0,shackleton_peak_b,344.15,2.07,7.3,146.7,-6.52,4.8,False,False,False,Blackout
2026-11-07 20:00:00+00:00,1794081600.0,shackleton_peak_b,343.64,2.06,7.3,146.68,-6.54,4.8,False,False,False,Blackout
2026-11-07 21:00:00+00:00,1794085200.0,shackleton_peak_b,343.13,2.06,7.3,146.66,-6.57,4.8,False,False,False,Blackout
2026-11-07 22:00:00+00:00,1794088800.0,shackleton_peak_b,342.62,2.06,7.3,146.64,-6.6,4.8,False,False,False,Blackout
2026-11-07 23:00:00+00:00,1794092400.0,shackleton_peak_b,342.11,2.06,7.3,146.62,-6.62,4.8,False,False,False,Blackout
2026-11-08 00:00:00+00:00,1794096000.0,shackleton_peak_b,341.61,2.06,7.3,146.6,-6.65,4.81,False,False,False,Blackout
2026-11-08 01:00:00+00:00,1794099600.0,shackleton_peak_b,341.1,2.06,7.3,146.57,-6.68,4.81,False,False,False,Blackout
2026-11-08 02:00:00+00:00,1794103200.0,shackleton_peak_b,340.59,2.06,7.3,146.55,-6.7,4.81,False,False,False,Blackout
2026-11-08 03:00:00+00:00,1794106800.0,shackleton_peak_b,340.08,2.06,7.3,146.53,-6.73,4.81,False,False,False,Blackout
2026-11-08 04:00:00+00:00,1794110400.0,shackleton_peak_b,339.57,2.06,6.91,146.51,-6.75,4.81,False,False,False,Blackout
2026-11-08 05:00:00+00:00,1794114000.0,shackleton_peak_b,339.06,2.05,6.45,146.48,-6.77,4.81,False,False,False,Blackout
2026-11-08 06:00:00+00:00,1794117600.0,shackleton_peak_b,338.56,2.05,5.99,146.46,-6.8,4.81,False,False,False,Blackout
2026-11-08 07:00:00+00:00,1794121200.0,shackleton_peak_b,338.05,2.05,5.53,146.44,-6.82,4.81,False,False,False,Blackout
2026-11-08 08:00:00+00:00,1794124800.0,shackleton_peak_b,337.54,2.05,5.07,146.41,-6.84,4.81,False,False,False,Blackout
2026-11-08 09:00:00+00:00,1794128400.0,shackleton_peak_b,337.03,2.05,4.61,146.39,-6.86,4.81,False,False,False,Blackout
2026-11-08 10:00:00+00:00,1794132000.0,shackleton_peak_b,336.52,2.05,4.15,146.36,-6.88,4.81,False,False,False,Blackout
2026-11-08 11:00:00+00:00,1794135600.0,shackleton_peak_b,336.01,2.04,3.69,146.34,-6.9,4.81,False,False,False,Blackout
2026-11-08 12:00:00+00:00,1794139200.0,shackleton_peak_b,335.5,2.04,3.23,146.31,-6.92,4.81,False,False,False,Blackout
2026-11-08 13:00:00+00:00,1794142800.0,shackleton_peak_b,334.99,2.04,2.77,146.29,-6.94,4.81,False,False,False,Blackout
2026-11-08 14:00:00+00:00,1794146400.0,shackleton_peak_b,334.49,2.04,2.77,146.26,-6.96,4.81,False,False,False,Blackout
2026-11-08 15:00:00+00:00,1794150000.0,shackleton_peak_b,333.98,2.04,2.77,146.23,-6.98,4.82,False,False,False,Blackout
2026-11-08 16:00:00+00:00,1794153600.0,shackleton_peak_b,333.47,2.04,2.77,146.21,-7.0,4.82,False,False,False,Blackout
2026-11-08 17:00:00+00:00,1794157200.0,shackleton_peak_b,332.96,2.03,2.77,146.18,-7.01,4.82,False,False,False,Blackout
2026-11-08 18:00:00+00:00,1794160800.0,shackleton_peak_b,332.45,2.03,2.77,146.15,-7.03,4.82,False,False,False,Blackout
2026-11-08 19:00:00+00:00,1794164400.0,shackleton_peak_b,331.94,2.03,2.77,146.13,-7.05,4.82,False,False,False,Blackout
2026-11-08 20:00:00+00:00,1794168000.0,shackleton_peak_b,331.43,2.03,2.77,146.1,-7.06,4.82,False,False,False,Blackout
2026-11-08 21:00:00+00:00,1794171600.0,shackleton_peak_b,330.93,2.03,2.77,146.07,-7.08,4.82,False,False,False,Blackout
2026-11-08 22:00:00+00:00,1794175200.0,shackleton_peak_b,330.42,2.02,2.77,146.04,-7.09,4.82,False,False,False,Blackout
2026-11-08 23:00:00+00:00,1794178800.0,shackleton_peak_b,329.91,2.02,2.72,146.01,-7.1,4.82,False,False,False,Blackout
2026-11-09 00:00:00+00:00,1794182400.0,shackleton_peak_b,329.4,2.02,2.44,145.99,-7.12,4.82,False,False,False,Blackout
2026-11-09 01:00:00+00:00,1794186000.0,shackleton_peak_b,328.89,2.02,2.16,145.96,-7.13,4.82,False,False,False,Blackout
2026-11-09 02:00:00+00:00,1794189600.0,shackleton_peak_b,328.38,2.02,1.87,145.93,-7.14,4.82,True,False,False,Sun Only
2026-11-09 03:00:00+00:00,1794193200.0,shackleton_peak_b,327.87,2.01,1.59,145.9,-7.15,4.82,True,False,False,Sun Only
2026-11-09 04:00:00+00:00,1794196800.0,shackleton_peak_b,327.36,2.01,1.31,145.87,-7.17,4.83,True,False,False,Sun Only
2026-11-09 05:00:00+00:00,1794200400.0,shackleton_peak_b,326.86,2.01,1.03,145.84,-7.17,4.83,True,False,False,Sun Only
2026-11-09 06:00:00+00:00,1794204000.0,shackleton_peak_b,326.35,2.0,0.75,145.81,-7.18,4.83,True,False,False,Sun Only
2026-11-09 07:00:00+00:00,1794207600.0,shackleton_peak_b,325.84,2.0,0.47,145.78,-7.2,4.83,True,False,False,Sun Only
2026-11-09 08:00:00+00:00,1794211200.0,shackleton_peak_b,325.33,2.0,0.18,145.75,-7.2,4.83,True,False,False,Sun Only
2026-11-09 09:00:00+00:00,1794214800.0,shackleton_peak_b,324.82,2.0,0.0,145.71,-7.21,4.83,True,False,False,Sun Only
2026-11-09 10:00:00+00:00,1794218400.0,shackleton_peak_b,324.31,2.0,0.0,145.68,-7.22,4.83,True,False,False,Sun Only
2026-11-09 11:00:00+00:00,1794222000.0,shackleton_peak_b,323.81,1.99,0.0,145.65,-7.23,4.83,True,False,False,Sun Only
2026-11-09 12:00:00+00:00,1794225600.0,shackleton_peak_b,323.3,1.99,0.0,145.62,-7.23,4.83,True,False,False,Sun Only
2026-11-09 13:00:00+00:00,1794229200.0,shackleton_peak_b,322.79,1.99,0.0,145.59,-7.24,4.83,True,False,False,Sun Only
2026-11-09 14:00:00+00:00,1794232800.0,shackleton_peak_b,322.28,1.99,0.0,145.55,-7.25,4.83,True,False,False,Sun Only
2026-11-09 15:00:00+00:00,1794236400.0,shackleton_peak_b,321.77,1.98,0.0,145.52,-7.25,4.84,True,False,False,Sun Only
2026-11-09 16:00:00+00:00,1794240000.0,shackleton_peak_b,321.26,1.98,0.0,145.49,-7.25,4.84,True,False,False,Sun Only
2026-11-09 17:00:00+00:00,1794243600.0,shackleton_peak_b,320.75,1.98,0.0,145.45,-7.26,4.84,True,False,False,Sun Only
2026-11-09 18:00:00+00:00,1794247200.0,shackleton_peak_b,320.24,1.97,0.0,145.42,-7.26,4.84,True,False,False,Sun Only
2026-11-09 19:00:00+00:00,1794250800.0,shackleton_peak_b,319.74,1.97,0.0,145.38,-7.27,4.84,True,False,False,Sun Only
2026-11-09 20:00:00+00:00,1794254400.0,shackleton_peak_b,319.23,1.97,0.0,145.35,-7.27,4.84,True,False,False,Sun Only
2026-11-09 21:00:00+00:00,1794258000.0,shackleton_peak_b,318.72,1.96,0.0,145.31,-7.27,4.84,True,False,False,Sun Only
2026-11-09 22:00:00+00:00,1794261600.0,shackleton_peak_b,318.21,1.96,0.0,145.28,-7.27,4.84,True,False,False,Sun Only
2026-11-09 23:00:00+00:00,1794265200.0,shackleton_peak_b,317.7,1.96,0.0,145.24,-7.27,4.84,True,False,False,Sun Only
2026-11-10 00:00:00+00:00,1794268800.0,shackleton_peak_b,317.19,1.96,0.0,145.21,-7.27,4.84,True,False,False,Sun Only
2026-11-10 01:00:00+00:00,1794272400.0,shackleton_peak_b,316.69,1.95,0.0,145.17,-7.27,4.85,True,False,False,Sun Only
2026-11-10 02:00:00+00:00,1794276000.0,shackleton_peak_b,316.18,1.95,0.0,145.13,-7.27,4.85,True,False,False,Sun Only
2026-11-10 03:00:00+00:00,1794279600.0,shackleton_peak_b,315.67,1.95,0.0,145.1,-7.27,4.85,True,False,False,Sun Only
2026-11-10 04:00:00+00:00,1794283200.0,shackleton_peak_b,315.16,1.94,0.0,145.06,-7.27,4.85,True,False,False,Sun Only
2026-11-10 05:00:00+00:00,1794286800.0,shackleton_peak_b,314.65,1.94,0.0,145.02,-7.27,4.85,True,False,False,Sun Only
2026-11-10 06:00:00+00:00,1794290400.0,shackleton_peak_b,314.14,1.94,0.0,144.98,-7.26,4.85,True,False,False,Sun Only
2026-11-10 07:00:00+00:00,1794294000.0,shackleton_peak_b,313.63,1.93,0.0,144.95,-7.26,4.85,True,False,False,Sun Only
2026-11-10 08:00:00+00:00,1794297600.0,shackleton_peak_b,313.13,1.93,0.0,144.91,-7.26,4.86,True,False,False,Sun Only
2026-11-10 09:00:00+00:00,1794301200.0,shackleton_peak_b,312.62,1.93,0.0,144.87,-7.25,4.86,True,False,False,Sun Only
2026-11-10 10:00:00+00:00,1794304800.0,shackleton_peak_b,312.11,1.92,0.0,144.83,-7.25,4.86,True,False,False,Sun Only
2026-11-10 11:00:00+00:00,1794308400.0,shackleton_peak_b,311.6,1.92,0.0,144.79,-7.24,4.87,True,False,False,Sun Only
2026-11-10 12:00:00+00:00,1794312000.0,shackleton_peak_b,311.09,1.92,0.0,144.75,-7.24,4.87,True,False,False,Sun Only
2026-11-10 13:00:00+00:00,1794315600.0,shackleton_peak_b,310.58,1.91,0.0,144.71,-7.23,4.88,True,False,False,Sun Only
2026-11-10 14:00:00+00:00,1794319200.0,shackleton_peak_b,310.07,1.91,0.0,144.67,-7.22,4.88,True,False,False,Sun Only
2026-11-10 15:00:00+00:00,1794322800.0,shackleton_peak_b,309.57,1.91,0.0,144.63,-7.21,4.88,True,False,False,Sun Only
2026-11-10 16:00:00+00:00,1794326400.0,shackleton_peak_b,309.06,1.9,0.0,144.59,-7.21,4.89,True,False,False,Sun Only
2026-11-10 17:00:00+00:00,1794330000.0,shackleton_peak_b,308.55,1.9,0.0,144.55,-7.2,4.89,True,False,False,Sun Only
2026-11-10 18:00:00+00:00,1794333600.0,shackleton_peak_b,308.04,1.89,0.0,144.51,-7.19,4.89,True,False,False,Sun Only
2026-11-10 19:00:00+00:00,1794337200.0,shackleton_peak_b,307.53,1.89,0.0,144.47,-7.18,4.9,True,False,False,Sun Only
2026-11-10 20:00:00+00:00,1794340800.0,shackleton_peak_b,307.02,1.89,0.0,144.43,-7.17,4.9,True,False,False,Sun Only
2026-11-10 21:00:00+00:00,1794344400.0,shackleton_peak_b,306.52,1.88,0.0,144.38,-7.16,4.9,True,False,False,Sun Only
2026-11-10 22:00:00+00:00,1794348000.0,shackleton_peak_b,306.01,1.88,0.0,144.34,-7.15,4.91,True,False,False,Sun Only
2026-11-10 23:00:00+00:00,1794351600.0,shackleton_peak_b,305.5,1.88,0.0,144.3,-7.14,4.91,True,False,False,Sun Only
2026-11-11 00:00:00+00:00,1794355200.0,shackleton_peak_b,304.99,1.87,0.0,144.25,-7.12,4.92,True,False,False,Sun Only
2026-11-11 01:00:00+00:00,1794358800.0,shackleton_peak_b,304.48,1.87,0.0,144.21,-7.11,4.92,True,False,False,Sun Only
2026-11-11 02:00:00+00:00,1794362400.0,shackleton_peak_b,303.97,1.86,0.0,144.17,-7.1,4.92,True,False,False,Sun Only
2026-11-11 03:00:00+00:00,1794366000.0,shackleton_peak_b,303.46,1.86,0.0,144.12,-7.09,4.93,True,False,False,Sun Only
2026-11-11 04:00:00+00:00,1794369600.0,shackleton_peak_b,302.96,1.85,0.0,144.08,-7.07,4.93,True,False,False,Sun Only
2026-11-11 05:00:00+00:00,1794373200.0,shackleton_peak_b,302.45,1.85,0.0,144.04,-7.06,4.93,True,False,False,Sun Only
2026-11-11 06:00:00+00:00,1794376800.0,shackleton_peak_b,301.94,1.85,0.0,143.99,-7.04,4.94,True,False,False,Sun Only
2026-11-11 07:00:00+00:00,1794380400.0,shackleton_peak_b,301.43,1.84,0.0,143.95,-7.03,4.94,True,False,False,Sun Only
2026-11-11 08:00:00+00:00,1794384000.0,shackleton_peak_b,300.92,1.84,0.0,143.9,-7.01,4.95,True,False,False,Sun Only
2026-11-11 09:00:00+00:00,1794387600.0,shackleton_peak_b,300.41,1.83,0.0,143.86,-6.99,4.95,True,False,False,Sun Only
2026-11-11 10:00:00+00:00,1794391200.0,shackleton_peak_b,299.91,1.83,0.0,143.81,-6.98,4.95,True,False,False,Sun Only
2026-11-11 11:00:00+00:00,1794394800.0,shackleton_peak_b,299.4,1.83,0.0,143.76,-6.96,4.96,True,False,False,Sun Only
2026-11-11 12:00:00+00:00,1794398400.0,shackleton_peak_b,298.89,1.82,0.0,143.72,-6.94,4.96,True,False,False,Sun Only
2026-11-11 13:00:00+00:00,1794402000.0,shackleton_peak_b,298.38,1.82,0.0,143.67,-6.92,4.97,True,False,False,Sun Only
2026-11-11 14:00:00+00:00,1794405600.0,shackleton_peak_b,297.87,1.81,0.0,143.62,-6.91,4.97,True,False,False,Sun Only
2026-11-11 15:00:00+00:00,1794409200.0,shackleton_peak_b,297.36,1.81,0.0,143.58,-6.89,4.98,True,False,False,Sun Only
2026-11-11 16:00:00+00:00,1794412800.0,shackleton_peak_b,296.86,1.8,0.0,143.53,-6.87,4.98,True,False,False,Sun Only
2026-11-11 17:00:00+00:00,1794416400.0,shackleton_peak_b,296.35,1.8,0.0,143.48,-6.85,4.98,True,False,False,Sun Only
2026-11-11 18:00:00+00:00,1794420000.0,shackleton_peak_b,295.84,1.8,0.0,143.44,-6.83,4.99,True,False,False,Sun Only
2026-11-11 19:00:00+00:00,1794423600.0,shackleton_peak_b,295.33,1.79,0.0,143.39,-6.8,4.99,True,False,False,Sun Only
2026-11-11 20:00:00+00:00,1794427200.0,shackleton_peak_b,294.82,1.79,0.0,143.34,-6.78,5.0,True,False,False,Sun Only
2026-11-11 21:00:00+00:00,1794430800.0,shackleton_peak_b,294.31,1.78,0.0,143.29,-6.76,5.0,True,False,False,Sun Only
2026-11-11 22:00:00+00:00,1794434400.0,shackleton_peak_b,293.81,1.78,0.0,143.24,-6.74,5.0,True,False,False,Sun Only
2026-11-11 23:00:00+00:00,1794438000.0,shackleton_peak_b,293.3,1.77,0.0,143.19,-6.71,5.01,True,False,False,Sun Only
2026-11-12 00:00:00+00:00,1794441600.0,shackleton_peak_b,292.79,1.77,0.0,143.14,-6.69,5.01,True,False,False,Sun Only
2026-11-12 01:00:00+00:00,1794445200.0,shackleton_peak_b,292.28,1.77,0.0,143.09,-6.67,5.02,True,False,False,Sun Only
2026-11-12 02:00:00+00:00,1794448800.0,shackleton_peak_b,291.77,1.76,0.0,143.04,-6.64,5.02,True,False,False,Sun Only
2026-11-12 03:00:00+00:00,1794452400.0,shackleton_peak_b,291.26,1.76,0.0,142.99,-6.62,5.03,True,False,False,Sun Only
2026-11-12 04:00:00+00:00,1794456000.0,shackleton_peak_b,290.76,1.75,0.0,142.94,-6.59,5.03,True,False,False,Sun Only
2026-11-12 05:00:00+00:00,1794459600.0,shackleton_peak_b,290.25,1.75,0.0,142.89,-6.57,5.04,True,False,False,Sun Only
2026-11-12 06:00:00+00:00,1794463200.0,shackleton_peak_b,289.74,1.74,0.0,142.84,-6.54,5.04,True,False,False,Sun Only
2026-11-12 07:00:00+00:00,1794466800.0,shackleton_peak_b,289.23,1.74,0.0,142.79,-6.51,5.04,True,False,False,Sun Only
2026-11-12 08:00:00+00:00,1794470400.0,shackleton_peak_b,288.72,1.73,0.0,142.74,-6.49,5.05,True,False,False,Sun Only
2026-11-12 09:00:00+00:00,1794474000.0,shackleton_peak_b,288.22,1.73,0.0,142.69,-6.46,5.05,True,False,False,Sun Only
2026-11-12 10:00:00+00:00,1794477600.0,shackleton_peak_b,287.71,1.73,0.0,142.64,-6.43,5.06,True,False,False,Sun Only
2026-11-12 11:00:00+00:00,1794481200.0,shackleton_peak_b,287.2,1.72,0.0,142.58,-6.4,5.06,True,False,False,Sun Only
2026-11-12 12:00:00+00:00,1794484800.0,shackleton_peak_b,286.69,1.72,0.0,142.53,-6.38,5.07,True,False,False,Sun Only
2026-11-12 13:00:00+00:00,1794488400.0,shackleton_peak_b,286.18,1.71,0.0,142.48,-6.35,5.07,True,False,False,Sun Only
2026-11-12 14:00:00+00:00,1794492000.0,shackleton_peak_b,285.67,1.71,0.0,142.43,-6.32,5.08,True,False,False,Sun Only
2026-11-12 15:00:00+00:00,1794495600.0,shackleton_peak_b,285.17,1.7,0.0,142.38,-6.29,5.08,True,False,False,Sun Only
2026-11-12 16:00:00+00:00,1794499200.0,shackleton_peak_b,284.66,1.7,0.0,142.32,-6.26,5.09,True,False,False,Sun Only
2026-11-12 17:00:00+00:00,1794502800.0,shackleton_peak_b,284.15,1.69,0.0,142.27,-6.22,5.09,True,False,False,Sun Only
2026-11-12 18:00:00+00:00,1794506400.0,shackleton_peak_b,283.64,1.69,0.0,142.22,-6.19,5.1,True,False,False,Sun Only
2026-11-12 19:00:00+00:00,1794510000.0,shackleton_peak_b,283.13,1.68,0.0,142.16,-6.16,5.1,True,False,False,Sun Only
2026-11-12 20:00:00+00:00,1794513600.0,shackleton_peak_b,282.63,1.68,0.0,142.11,-6.13,5.1,True,False,False,Sun Only
2026-11-12 21:00:00+00:00,1794517200.0,shackleton_peak_b,282.12,1.67,0.0,142.05,-6.1,5.11,True,False,False,Sun Only
2026-11-12 22:00:00+00:00,1794520800.0,shackleton_peak_b,281.61,1.67,0.0,142.0,-6.07,5.11,True,False,False,Sun Only
2026-11-12 23:00:00+00:00,1794524400.0,shackleton_peak_b,281.1,1.66,0.0,141.95,-6.03,5.12,True,False,False,Sun Only
2026-11-13 00:00:00+00:00,1794528000.0,shackleton_peak_b,280.59,1.66,0.0,141.89,-6.0,5.12,True,False,False,Sun Only
2026-11-13 01:00:00+00:00,1794531600.0,shackleton_peak_b,280.08,1.65,0.0,141.84,-5.96,5.13,True,False,False,Sun Only
2026-11-13 02:00:00+00:00,1794535200.0,shackleton_peak_b,279.58,1.65,0.0,141.78,-5.93,5.13,True,False,False,Sun Only
2026-11-13 03:00:00+00:00,1794538800.0,shackleton_peak_b,279.07,1.64,0.0,141.73,-5.89,5.14,True,False,False,Sun Only
2026-11-13 04:00:00+00:00,1794542400.0,shackleton_peak_b,278.56,1.64,0.0,141.67,-5.86,5.14,True,False,False,Sun Only
2026-11-13 05:00:00+00:00,1794546000.0,shackleton_peak_b,278.05,1.64,0.0,141.62,-5.82,5.15,True,False,False,Sun Only
2026-11-13 06:00:00+00:00,1794549600.0,shackleton_peak_b,277.54,1.63,0.0,141.56,-5.79,5.15,True,False,False,Sun Only
2026-11-13 07:00:00+00:00,1794553200.0,shackleton_peak_b,277.04,1.62,0.0,141.51,-5.75,5.16,True,False,False,Sun Only
2026-11-13 08:00:00+00:00,1794556800.0,shackleton_peak_b,276.53,1.62,0.0,141.45,-5.72,5.16,True,False,False,Sun Only
2026-11-13 09:00:00+00:00,1794560400.0,shackleton_peak_b,276.02,1.61,0.0,141.39,-5.68,5.17,True,False,False,Sun Only
2026-11-13 10:00:00+00:00,1794564000.0,shackleton_peak_b,275.51,1.61,0.0,141.34,-5.64,5.17,True,False,False,Sun Only
2026-11-13 11:00:00+00:00,1794567600.0,shackleton_peak_b,275.0,1.6,0.0,141.28,-5.6,5.18,True,False,False,Sun Only
2026-11-13 12:00:00+00:00,1794571200.0,shackleton_peak_b,274.5,1.6,0.0,141.23,-5.57,5.18,True,False,False,Sun Only
2026-11-13 13:00:00+00:00,1794574800.0,shackleton_peak_b,273.99,1.59,0.0,141.17,-5.53,5.19,True,False,False,Sun Only
2026-11-13 14:00:00+00:00,1794578400.0,shackleton_peak_b,273.48,1.59,0.0,141.11,-5.49,5.19,True,False,False,Sun Only
2026-11-13 15:00:00+00:00,1794582000.0,shackleton_peak_b,272.97,1.59,0.0,141.06,-5.45,5.2,True,False,False,Sun Only
2026-11-13 16:00:00+00:00,1794585600.0,shackleton_peak_b,272.46,1.58,0.0,141.0,-5.41,5.2,True,False,False,Sun Only
2026-11-13 17:00:00+00:00,1794589200.0,shackleton_peak_b,271.96,1.58,0.0,140.94,-5.37,5.21,True,False,False,Sun Only
2026-11-13 18:00:00+00:00,1794592800.0,shackleton_peak_b,271.45,1.57,0.0,140.89,-5.33,5.21,True,False,False,Sun Only
2026-11-13 19:00:00+00:00,1794596400.0,shackleton_peak_b,270.94,1.57,0.0,140.83,-5.29,5.22,True,False,False,Sun Only
2026-11-13 20:00:00+00:00,1794600000.0,shackleton_peak_b,270.43,1.56,0.0,140.77,-5.25,5.22,True,False,False,Sun Only
2026-11-13 21:00:00+00:00,1794603600.0,shackleton_peak_b,269.93,1.56,0.0,140.72,-5.21,5.23,True,False,False,Sun Only
2026-11-13 22:00:00+00:00,1794607200.0,shackleton_peak_b,269.42,1.55,0.0,140.66,-5.17,5.23,True,False,False,Sun Only
2026-11-13 23:00:00+00:00,1794610800.0,shackleton_peak_b,268.91,1.55,0.0,140.6,-5.12,5.24,True,False,False,Sun Only
2026-11-14 00:00:00+00:00,1794614400.0,shackleton_peak_b,268.4,1.54,0.0,140.54,-5.08,5.24,True,False,False,Sun Only
2026-11-14 01:00:00+00:00,1794618000.0,shackleton_peak_b,267.89,1.54,0.0,140.49,-5.04,5.25,True,False,False,Sun Only
2026-11-14 02:00:00+00:00,1794621600.0,shackleton_peak_b,267.39,1.53,0.0,140.43,-5.0,5.25,True,False,False,Sun Only
2026-11-14 03:00:00+00:00,1794625200.0,shackleton_peak_b,266.88,1.53,0.0,140.37,-4.95,5.26,True,False,False,Sun Only
2026-11-14 04:00:00+00:00,1794628800.0,shackleton_peak_b,266.37,1.52,0.0,140.31,-4.91,5.26,True,False,False,Sun Only
2026-11-14 05:00:00+00:00,1794632400.0,shackleton_peak_b,265.86,1.52,0.0,140.26,-4.87,5.27,True,False,False,Sun Only
2026-11-14 06:00:00+00:00,1794636000.0,shackleton_peak_b,265.35,1.51,0.0,140.2,-4.82,5.27,True,False,False,Sun Only
2026-11-14 07:00:00+00:00,1794639600.0,shackleton_peak_b,264.85,1.51,0.0,140.14,-4.78,5.28,True,False,False,Sun Only
2026-11-14 08:00:00+00:00,1794643200.0,shackleton_peak_b,264.34,1.5,0.0,140.08,-4.73,5.28,True,False,False,Sun Only
2026-11-14 09:00:00+00:00,1794646800.0,shackleton_peak_b,263.83,1.5,0.0,140.02,-4.69,5.29,True,False,False,Sun Only
2026-11-14 10:00:00+00:00,1794650400.0,shackleton_peak_b,263.32,1.49,0.0,139.97,-4.64,5.29,True,False,False,Sun Only
2026-11-14 11:00:00+00:00,1794654000.0,shackleton_peak_b,262.82,1.49,0.0,139.91,-4.6,5.29,True,False,False,Sun Only
2026-11-14 12:00:00+00:00,1794657600.0,shackleton_peak_b,262.31,1.48,0.0,139.85,-4.55,5.3,True,False,False,Sun Only
2026-11-14 13:00:00+00:00,1794661200.0,shackleton_peak_b,261.8,1.48,0.0,139.79,-4.5,5.3,True,False,False,Sun Only
2026-11-14 14:00:00+00:00,1794664800.0,shackleton_peak_b,261.29,1.47,0.0,139.74,-4.46,5.3,True,False,False,Sun Only
2026-11-14 15:00:00+00:00,1794668400.0,shackleton_peak_b,260.79,1.47,0.0,139.68,-4.41,5.31,True,False,False,Sun Only
2026-11-14 16:00:00+00:00,1794672000.0,shackleton_peak_b,260.28,1.46,0.0,139.62,-4.36,5.31,True,False,False,Sun Only
2026-11-14 17:00:00+00:00,1794675600.0,shackleton_peak_b,259.77,1.46,0.0,139.56,-4.32,5.31,True,False,False,Sun Only
2026-11-14 18:00:00+00:00,1794679200.0,shackleton_peak_b,259.26,1.45,0.0,139.5,-4.27,5.31,True,False,False,Sun Only
2026-11-14 19:00:00+00:00,1794682800.0,shackleton_peak_b,258.75,1.45,0.0,139.45,-4.22,5.32,True,False,False,Sun Only
2026-11-14 20:00:00+00:00,1794686400.0,shackleton_peak_b,258.25,1.44,0.0,139.39,-4.17,5.32,True,False,False,Sun Only
2026-11-14 21:00:00+00:00,1794690000.0,shackleton_peak_b,257.74,1.44,0.0,139.33,-4.12,5.32,True,False,False,Sun Only
2026-11-14 22:00:00+00:00,1794693600.0,shackleton_peak_b,257.23,1.43,0.0,139.27,-4.08,5.33,True,False,False,Sun Only
2026-11-14 23:00:00+00:00,1794697200.0,shackleton_peak_b,256.72,1.43,0.0,139.22,-4.03,5.33,True,False,False,Sun Only
2026-11-15 00:00:00+00:00,1794700800.0,shackleton_peak_b,256.22,1.42,0.0,139.16,-3.98,5.33,True,False,False,Sun Only
2026-11-15 01:00:00+00:00,1794704400.0,shackleton_peak_b,255.71,1.42,0.0,139.1,-3.93,5.33,True,False,False,Sun Only
2026-11-15 02:00:00+00:00,1794708000.0,shackleton_peak_b,255.2,1.41,0.0,139.04,-3.88,5.34,True,False,False,Sun Only
2026-11-15 03:00:00+00:00,1794711600.0,shackleton_peak_b,254.69,1.41,0.0,138.99,-3.83,5.34,True,False,False,Sun Only
2026-11-15 04:00:00+00:00,1794715200.0,shackleton_peak_b,254.19,1.4,0.0,138.93,-3.78,5.34,True,False,False,Sun Only
2026-11-15 05:00:00+00:00,1794718800.0,shackleton_peak_b,253.68,1.4,0.0,138.87,-3.73,5.35,True,False,False,Sun Only
2026-11-15 06:00:00+00:00,1794722400.0,shackleton_peak_b,253.17,1.39,0.0,138.81,-3.68,5.35,True,False,False,Sun Only
2026-11-15 07:00:00+00:00,1794726000.0,shackleton_peak_b,252.66,1.39,0.0,138.76,-3.62,5.35,True,False,False,Sun Only
2026-11-15 08:00:00+00:00,1794729600.0,shackleton_peak_b,252.16,1.39,0.0,138.7,-3.57,5.36,True,False,False,Sun Only
2026-11-15 09:00:00+00:00,1794733200.0,shackleton_peak_b,251.65,1.38,0.0,138.64,-3.52,5.36,True,False,False,Sun Only
2026-11-15 10:00:00+00:00,1794736800.0,shackleton_peak_b,251.14,1.38,0.0,138.59,-3.47,5.36,True,False,False,Sun Only
2026-11-15 11:00:00+00:00,1794740400.0,shackleton_peak_b,250.63,1.37,0.0,138.53,-3.42,5.36,True,False,False,Sun Only
2026-11-15 12:00:00+00:00,1794744000.0,shackleton_peak_b,250.13,1.37,0.0,138.47,-3.37,5.37,True,False,False,Sun Only
2026-11-15 13:00:00+00:00,1794747600.0,shackleton_peak_b,249.62,1.36,0.0,138.42,-3.31,5.37,True,False,False,Sun Only
2026-11-15 14:00:00+00:00,1794751200.0,shackleton_peak_b,249.11,1.36,0.0,138.36,-3.26,5.37,True,False,False,Sun Only
2026-11-15 15:00:00+00:00,1794754800.0,shackleton_peak_b,248.6,1.35,0.0,138.3,-3.21,5.37,True,False,False,Sun Only
2026-11-15 16:00:00+00:00,1794758400.0,shackleton_peak_b,248.1,1.35,0.0,138.25,-3.16,5.38,True,False,False,Sun Only
2026-11-15 17:00:00+00:00,1794762000.0,shackleton_peak_b,247.59,1.34,0.0,138.19,-3.1,5.38,True,False,False,Sun Only
2026-11-15 18:00:00+00:00,1794765600.0,shackleton_peak_b,247.08,1.34,0.0,138.14,-3.05,5.38,True,False,False,Sun Only
2026-11-15 19:00:00+00:00,1794769200.0,shackleton_peak_b,246.57,1.33,0.0,138.08,-3.0,5.39,True,False,False,Sun Only
2026-11-15 20:00:00+00:00,1794772800.0,shackleton_peak_b,246.07,1.33,0.0,138.03,-2.94,5.39,True,False,False,Sun Only
2026-11-15 21:00:00+00:00,1794776400.0,shackleton_peak_b,245.56,1.32,0.0,137.97,-2.89,5.39,True,False,False,Sun Only
2026-11-15 22:00:00+00:00,1794780000.0,shackleton_peak_b,245.05,1.32,0.0,137.92,-2.83,5.39,True,False,False,Sun Only
2026-11-15 23:00:00+00:00,1794783600.0,shackleton_peak_b,244.55,1.31,0.0,137.86,-2.78,5.4,True,False,False,Sun Only
2026-11-16 00:00:00+00:00,1794787200.0,shackleton_peak_b,244.04,1.31,0.0,137.81,-2.73,5.4,True,False,False,Sun Only
2026-11-16 01:00:00+00:00,1794790800.0,shackleton_peak_b,243.53,1.31,0.0,137.75,-2.67,5.4,True,False,False,Sun Only
2026-11-16 02:00:00+00:00,1794794400.0,shackleton_peak_b,243.02,1.3,0.0,137.7,-2.62,5.41,True,False,False,Sun Only
2026-11-16 03:00:00+00:00,1794798000.0,shackleton_peak_b,242.52,1.3,0.0,137.64,-2.56,5.41,True,False,False,Sun Only
2026-11-16 04:00:00+00:00,1794801600.0,shackleton_peak_b,242.01,1.29,0.0,137.59,-2.51,5.41,True,False,False,Sun Only
2026-11-16 05:00:00+00:00,1794805200.0,shackleton_peak_b,241.5,1.29,0.0,137.54,-2.45,5.41,True,False,False,Sun Only
2026-11-16 06:00:00+00:00,1794808800.0,shackleton_peak_b,240.99,1.28,0.0,137.49,-2.4,5.42,True,False,False,Sun Only
2026-11-16 07:00:00+00:00,1794812400.0,shackleton_peak_b,240.49,1.28,0.0,137.43,-2.34,5.42,True,False,False,Sun Only
2026-11-16 08:00:00+00:00,1794816000.0,shackleton_peak_b,239.98,1.27,0.0,137.38,-2.29,5.42,True,False,False,Sun Only
2026-11-16 09:00:00+00:00,1794819600.0,shackleton_peak_b,239.47,1.27,0.0,137.33,-2.23,5.42,True,False,False,Sun Only
2026-11-16 10:00:00+00:00,1794823200.0,shackleton_peak_b,238.97,1.27,0.0,137.27,-2.17,5.43,True,False,False,Sun Only
2026-11-16 11:00:00+00:00,1794826800.0,shackleton_peak_b,238.46,1.26,0.0,137.22,-2.12,5.43,True,False,False,Sun Only
2026-11-16 12:00:00+00:00,1794830400.0,shackleton_peak_b,237.95,1.26,0.0,137.17,-2.06,5.43,True,False,False,Sun Only
2026-11-16 13:00:00+00:00,1794834000.0,shackleton_peak_b,237.44,1.25,0.0,137.12,-2.0,5.43,True,False,False,Sun Only
2026-11-16 14:00:00+00:00,1794837600.0,shackleton_peak_b,236.94,1.25,0.0,137.07,-1.95,5.44,True,False,False,Sun Only
2026-11-16 15:00:00+00:00,1794841200.0,shackleton_peak_b,236.43,1.24,0.0,137.02,-1.89,5.44,True,False,False,Sun Only
2026-11-16 16:00:00+00:00,1794844800.0,shackleton_peak_b,235.92,1.24,0.0,136.97,-1.83,5.44,True,False,False,Sun Only
2026-11-16 17:00:00+00:00,1794848400.0,shackleton_peak_b,235.42,1.24,0.0,136.92,-1.78,5.44,True,False,False,Sun Only
2026-11-16 18:00:00+00:00,1794852000.0,shackleton_peak_b,234.91,1.23,0.0,136.87,-1.72,5.45,True,False,False,Sun Only
2026-11-16 19:00:00+00:00,1794855600.0,shackleton_peak_b,234.4,1.23,0.0,136.82,-1.66,5.45,True,False,False,Sun Only
2026-11-16 20:00:00+00:00,1794859200.0,shackleton_peak_b,233.89,1.22,0.0,136.77,-1.6,5.45,True,False,False,Sun Only
2026-11-16 21:00:00+00:00,1794862800.0,shackleton_peak_b,233.39,1.22,0.0,136.72,-1.55,5.45,True,False,False,Sun Only
2026-11-16 22:00:00+00:00,1794866400.0,shackleton_peak_b,232.88,1.22,0.0,136.67,-1.49,5.46,True,False,False,Sun Only
2026-11-16 23:00:00+00:00,1794870000.0,shackleton_peak_b,232.37,1.21,0.0,136.63,-1.43,5.46,True,False,False,Sun Only
2026-11-17 00:00:00+00:00,1794873600.0,shackleton_peak_b,231.87,1.21,0.0,136.58,-1.37,5.46,True,False,False,Sun Only
2026-11-17 01:00:00+00:00,1794877200.0,shackleton_peak_b,231.36,1.2,0.0,136.53,-1.32,5.46,True,False,False,Sun Only
2026-11-17 02:00:00+00:00,1794880800.0,shackleton_peak_b,230.85,1.2,0.0,136.49,-1.26,5.47,True,False,False,Sun Only
2026-11-17 03:00:00+00:00,1794884400.0,shackleton_peak_b,230.35,1.2,0.0,136.44,-1.2,5.47,True,False,False,Sun Only
2026-11-17 04:00:00+00:00,1794888000.0,shackleton_peak_b,229.84,1.19,0.0,136.39,-1.14,5.47,True,False,False,Sun Only
2026-11-17 05:00:00+00:00,1794891600.0,shackleton_peak_b,229.33,1.19,0.0,136.35,-1.08,5.47,True,False,False,Sun Only
2026-11-17 06:00:00+00:00,1794895200.0,shackleton_peak_b,228.82,1.18,0.0,136.3,-1.02,5.47,True,False,False,Sun Only
2026-11-17 07:00:00+00:00,1794898800.0,shackleton_peak_b,228.32,1.18,0.0,136.26,-0.97,5.48,True,False,False,Sun Only
2026-11-17 08:00:00+00:00,1794902400.0,shackleton_peak_b,227.81,1.18,0.0,136.21,-0.91,5.48,True,False,False,Sun Only
2026-11-17 09:00:00+00:00,1794906000.0,shackleton_peak_b,227.3,1.17,0.0,136.17,-0.85,5.48,True,False,False,Sun Only
2026-11-17 10:00:00+00:00,1794909600.0,shackleton_peak_b,226.8,1.17,0.0,136.13,-0.79,5.48,True,False,False,Sun Only
2026-11-17 11:00:00+00:00,1794913200.0,shackleton_peak_b,226.29,1.17,0.0,136.08,-0.73,5.49,True,False,False,Sun Only
2026-11-17 12:00:00+00:00,1794916800.0,shackleton_peak_b,225.78,1.16,0.0,136.04,-0.67,5.49,True,False,False,Sun Only
2026-11-17 13:00:00+00:00,1794920400.0,shackleton_peak_b,225.28,1.16,0.0,136.0,-0.61,5.49,True,False,False,Sun Only
2026-11-17 14:00:00+00:00,1794924000.0,shackleton_peak_b,224.77,1.15,0.0,135.96,-0.56,5.49,True,False,False,Sun Only
2026-11-17 15:00:00+00:00,1794927600.0,shackleton_peak_b,224.26,1.15,0.0,135.92,-0.5,5.49,True,False,False,Sun Only
2026-11-17 16:00:00+00:00,1794931200.0,shackleton_peak_b,223.76,1.15,0.0,135.88,-0.44,5.5,True,False,False,Sun Only
2026-11-17 17:00:00+00:00,1794934800.0,shackleton_peak_b,223.25,1.14,0.0,135.84,-0.38,5.5,True,False,False,Sun Only
2026-11-17 18:00:00+00:00,1794938400.0,shackleton_peak_b,222.74,1.14,0.0,135.8,-0.32,5.5,True,False,False,Sun Only
2026-11-17 19:00:00+00:00,1794942000.0,shackleton_peak_b,222.24,1.14,0.0,135.76,-0.26,5.5,True,False,False,Sun Only
2026-11-17 20:00:00+00:00,1794945600.0,shackleton_peak_b,221.73,1.13,0.0,135.72,-0.2,5.5,True,False,False,Sun Only
2026-11-17 21:00:00+00:00,1794949200.0,shackleton_peak_b,221.22,1.13,0.0,135.68,-0.14,5.51,True,False,False,Sun Only
2026-11-17 22:00:00+00:00,1794952800.0,shackleton_peak_b,220.71,1.13,0.0,135.64,-0.08,5.51,True,False,False,Sun Only
2026-11-17 23:00:00+00:00,1794956400.0,shackleton_peak_b,220.21,1.12,0.0,135.61,-0.03,5.51,True,False,False,Sun Only
2026-11-18 00:00:00+00:00,1794960000.0,shackleton_peak_b,219.7,1.12,0.0,135.57,0.03,5.51,True,False,False,Sun Only
2026-11-18 01:00:00+00:00,1794963600.0,shackleton_peak_b,219.19,1.12,0.0,135.53,0.09,5.51,True,False,False,Sun Only
2026-11-18 02:00:00+00:00,1794967200.0,shackleton_peak_b,218.69,1.11,0.0,135.5,0.15,5.52,True,False,False,Sun Only
2026-11-18 03:00:00+00:00,1794970800.0,shackleton_peak_b,218.18,1.11,0.0,135.46,0.21,5.52,True,False,False,Sun Only
2026-11-18 04:00:00+00:00,1794974400.0,shackleton_peak_b,217.67,1.11,0.0,135.43,0.27,5.52,True,False,False,Sun Only
2026-11-18 05:00:00+00:00,1794978000.0,shackleton_peak_b,217.17,1.1,0.0,135.39,0.33,5.52,True,False,False,Sun Only
2026-11-18 06:00:00+00:00,1794981600.0,shackleton_peak_b,216.66,1.1,0.0,135.36,0.39,5.52,True,False,False,Sun Only
2026-11-18 07:00:00+00:00,1794985200.0,shackleton_peak_b,216.15,1.1,0.0,135.33,0.45,5.52,True,False,False,Sun Only
2026-11-18 08:00:00+00:00,1794988800.0,shackleton_peak_b,215.65,1.09,0.0,135.3,0.51,5.53,True,False,False,Sun Only
2026-11-18 09:00:00+00:00,1794992400.0,shackleton_peak_b,215.14,1.09,0.0,135.27,0.56,5.53,True,False,False,Sun Only
2026-11-18 10:00:00+00:00,1794996000.0,shackleton_peak_b,214.63,1.09,0.0,135.24,0.62,5.53,True,False,False,Sun Only
2026-11-18 11:00:00+00:00,1794999600.0,shackleton_peak_b,214.13,1.09,0.0,135.21,0.68,5.53,True,False,False,Sun Only
2026-11-18 12:00:00+00:00,1795003200.0,shackleton_peak_b,213.62,1.08,0.0,135.18,0.74,5.53,True,False,False,Sun Only
2026-11-18 13:00:00+00:00,1795006800.0,shackleton_peak_b,213.12,1.08,0.0,135.15,0.8,5.53,True,False,False,Sun Only
2026-11-18 14:00:00+00:00,1795010400.0,shackleton_peak_b,212.61,1.08,0.0,135.12,0.86,5.53,True,False,False,Sun Only
2026-11-18 15:00:00+00:00,1795014000.0,shackleton_peak_b,212.1,1.07,0.0,135.09,0.92,5.54,True,False,False,Sun Only
2026-11-18 16:00:00+00:00,1795017600.0,shackleton_peak_b,211.6,1.07,0.0,135.06,0.97,5.54,True,False,False,Sun Only
2026-11-18 17:00:00+00:00,1795021200.0,shackleton_peak_b,211.09,1.07,0.0,135.04,1.03,5.54,True,False,False,Sun Only
2026-11-18 18:00:00+00:00,1795024800.0,shackleton_peak_b,210.58,1.07,0.0,135.01,1.09,5.54,True,False,False,Sun Only
2026-11-18 19:00:00+00:00,1795028400.0,shackleton_peak_b,210.08,1.06,0.0,134.99,1.15,5.54,True,False,False,Sun Only
2026-11-18 20:00:00+00:00,1795032000.0,shackleton_peak_b,209.57,1.06,0.0,134.96,1.21,5.54,True,False,False,Sun Only
2026-11-18 21:00:00+00:00,1795035600.0,shackleton_peak_b,209.06,1.06,0.0,134.94,1.27,5.54,True,False,False,Sun Only
2026-11-18 22:00:00+00:00,1795039200.0,shackleton_peak_b,208.56,1.06,0.0,134.92,1.32,5.55,True,False,False,Sun Only
2026-11-18 23:00:00+00:00,1795042800.0,shackleton_peak_b,208.05,1.05,0.0,134.9,1.38,5.55,True,False,False,Sun Only
2026-11-19 00:00:00+00:00,1795046400.0,shackleton_peak_b,207.54,1.05,0.0,134.87,1.44,5.55,True,False,False,Sun Only
2026-11-19 01:00:00+00:00,1795050000.0,shackleton_peak_b,207.04,1.05,0.0,134.85,1.5,5.55,True,False,False,Sun Only
2026-11-19 02:00:00+00:00,1795053600.0,shackleton_peak_b,206.53,1.05,0.0,134.83,1.55,5.55,True,False,False,Sun Only
2026-11-19 03:00:00+00:00,1795057200.0,shackleton_peak_b,206.02,1.04,0.0,134.81,1.61,5.55,True,False,False,Sun Only
2026-11-19 04:00:00+00:00,1795060800.0,shackleton_peak_b,205.52,1.04,0.0,134.8,1.67,5.56,True,False,False,Sun Only
2026-11-19 05:00:00+00:00,1795064400.0,shackleton_peak_b,205.01,1.04,0.0,134.78,1.73,5.56,True,False,False,Sun Only
2026-11-19 06:00:00+00:00,1795068000.0,shackleton_peak_b,204.51,1.04,0.0,134.76,1.78,5.56,True,False,False,Sun Only
2026-11-19 07:00:00+00:00,1795071600.0,shackleton_peak_b,204.0,1.04,0.0,134.74,1.84,5.56,True,False,False,Sun Only
2026-11-19 08:00:00+00:00,1795075200.0,shackleton_peak_b,203.49,1.03,0.0,134.73,1.9,5.56,True,False,False,Sun Only
2026-11-19 09:00:00+00:00,1795078800.0,shackleton_peak_b,202.99,1.03,0.0,134.71,1.95,5.56,True,False,False,Sun Only
2026-11-19 10:00:00+00:00,1795082400.0,shackleton_peak_b,202.48,1.03,0.0,134.7,2.01,5.56,True,False,False,Sun Only
2026-11-19 11:00:00+00:00,1795086000.0,shackleton_peak_b,201.97,1.03,0.0,134.69,2.07,5.57,True,False,False,Sun Only
2026-11-19 12:00:00+00:00,1795089600.0,shackleton_peak_b,201.47,1.02,0.0,134.67,2.12,5.57,True,False,False,Sun Only
2026-11-19 13:00:00+00:00,1795093200.0,shackleton_peak_b,200.96,1.02,0.0,134.66,2.18,5.57,True,False,False,Sun Only
2026-11-19 14:00:00+00:00,1795096800.0,shackleton_peak_b,200.46,1.02,0.0,134.65,2.23,5.57,True,False,False,Sun Only
2026-11-19 15:00:00+00:00,1795100400.0,shackleton_peak_b,199.95,1.02,0.0,134.64,2.29,5.57,True,False,False,Sun Only
2026-11-19 16:00:00+00:00,1795104000.0,shackleton_peak_b,199.44,1.02,0.0,134.63,2.34,5.57,True,False,False,Sun Only
2026-11-19 17:00:00+00:00,1795107600.0,shackleton_peak_b,198.94,1.02,0.0,134.62,2.4,5.57,True,False,False,Sun Only
2026-11-19 18:00:00+00:00,1795111200.0,shackleton_peak_b,198.43,1.01,0.0,134.61,2.45,5.57,True,False,False,Sun Only
2026-11-19 19:00:00+00:00,1795114800.0,shackleton_peak_b,197.92,1.01,0.0,134.61,2.51,5.57,True,False,False,Sun Only
2026-11-19 20:00:00+00:00,1795118400.0,shackleton_peak_b,197.42,1.01,0.0,134.6,2.56,5.57,True,False,False,Sun Only
2026-11-19 21:00:00+00:00,1795122000.0,shackleton_peak_b,196.91,1.01,0.0,134.6,2.62,5.57,True,False,False,Sun Only
2026-11-19 22:00:00+00:00,1795125600.0,shackleton_peak_b,196.41,1.01,0.0,134.59,2.67,5.57,True,False,False,Sun Only
2026-11-19 23:00:00+00:00,1795129200.0,shackleton_peak_b,195.9,1.01,0.0,134.59,2.73,5.57,True,False,False,Sun Only
2026-11-20 00:00:00+00:00,1795132800.0,shackleton_peak_b,195.39,1.0,0.0,134.58,2.78,5.57,True,False,False,Sun Only
2026-11-20 01:00:00+00:00,1795136400.0,shackleton_peak_b,194.89,1.0,0.0,134.58,2.83,5.57,True,False,False,Sun Only
2026-11-20 02:00:00+00:00,1795140000.0,shackleton_peak_b,194.38,1.0,0.0,134.58,2.88,5.57,True,False,False,Sun Only
2026-11-20 03:00:00+00:00,1795143600.0,shackleton_peak_b,193.87,1.0,0.0,134.58,2.94,5.57,True,False,False,Sun Only
2026-11-20 04:00:00+00:00,1795147200.0,shackleton_peak_b,193.37,1.0,0.0,134.58,2.99,5.57,True,False,False,Sun Only
2026-11-20 05:00:00+00:00,1795150800.0,shackleton_peak_b,192.86,1.0,0.0,134.58,3.04,5.57,True,False,False,Sun Only
2026-11-20 06:00:00+00:00,1795154400.0,shackleton_peak_b,192.36,1.0,0.0,134.58,3.09,5.57,True,False,False,Sun Only
2026-11-20 07:00:00+00:00,1795158000.0,shackleton_peak_b,191.85,1.0,0.0,134.59,3.15,5.57,True,False,False,Sun Only
2026-11-20 08:00:00+00:00,1795161600.0,shackleton_peak_b,191.34,0.99,0.0,134.59,3.2,5.57,True,False,False,Sun Only
2026-11-20 09:00:00+00:00,1795165200.0,shackleton_peak_b,190.84,0.99,0.0,134.6,3.25,5.57,True,False,False,Sun Only
2026-11-20 10:00:00+00:00,1795168800.0,shackleton_peak_b,190.33,0.99,0.0,134.6,3.3,5.57,True,False,False,Sun Only
2026-11-20 11:00:00+00:00,1795172400.0,shackleton_peak_b,189.83,0.99,0.03,134.61,3.35,5.57,True,False,False,Sun Only
2026-11-20 12:00:00+00:00,1795176000.0,shackleton_peak_b,189.32,0.99,0.1,134.61,3.4,5.57,True,False,False,Sun Only
2026-11-20 13:00:00+00:00,1795179600.0,shackleton_peak_b,188.81,0.99,0.18,134.62,3.45,5.57,True,False,False,Sun Only
2026-11-20 14:00:00+00:00,1795183200.0,shackleton_peak_b,188.31,0.99,0.26,134.63,3.5,5.57,True,False,False,Sun Only
2026-11-20 15:00:00+00:00,1795186800.0,shackleton_peak_b,187.8,0.99,0.34,134.64,3.55,5.57,True,False,False,Sun Only
2026-11-20 16:00:00+00:00,1795190400.0,shackleton_peak_b,187.3,0.99,0.42,134.65,3.6,5.57,True,False,False,Sun Only
2026-11-20 17:00:00+00:00,1795194000.0,shackleton_peak_b,186.79,0.99,0.49,134.66,3.65,5.57,True,False,False,Sun Only
2026-11-20 18:00:00+00:00,1795197600.0,shackleton_peak_b,186.28,0.98,0.57,134.68,3.69,5.57,True,False,False,Sun Only
2026-11-20 19:00:00+00:00,1795201200.0,shackleton_peak_b,185.78,0.98,0.65,134.69,3.74,5.56,True,False,False,Sun Only
2026-11-20 20:00:00+00:00,1795204800.0,shackleton_peak_b,185.27,0.98,0.73,134.7,3.79,5.56,True,False,False,Sun Only
2026-11-20 21:00:00+00:00,1795208400.0,shackleton_peak_b,184.77,0.98,0.8,134.72,3.83,5.56,True,False,False,Sun Only
2026-11-20 22:00:00+00:00,1795212000.0,shackleton_peak_b,184.26,0.98,0.88,134.73,3.88,5.56,True,False,False,Sun Only
2026-11-20 23:00:00+00:00,1795215600.0,shackleton_peak_b,183.75,0.98,0.95,134.75,3.93,5.56,True,False,False,Sun Only
2026-11-21 00:00:00+00:00,1795219200.0,shackleton_peak_b,183.25,0.98,1.03,134.77,3.97,5.56,False,False,False,Blackout
2026-11-21 01:00:00+00:00,1795222800.0,shackleton_peak_b,182.74,0.98,1.1,134.79,4.02,5.56,False,False,False,Blackout
2026-11-21 02:00:00+00:00,1795226400.0,shackleton_peak_b,182.24,0.98,1.18,134.81,4.06,5.56,False,False,False,Blackout
2026-11-21 03:00:00+00:00,1795230000.0,shackleton_peak_b,181.73,0.98,1.25,134.83,4.11,5.55,False,False,False,Blackout
2026-11-21 04:00:00+00:00,1795233600.0,shackleton_peak_b,181.23,0.98,1.33,134.85,4.15,5.55,False,False,False,Blackout
2026-11-21 05:00:00+00:00,1795237200.0,shackleton_peak_b,180.72,0.98,1.4,134.87,4.2,5.55,False,False,False,Blackout
2026-11-21 06:00:00+00:00,1795240800.0,shackleton_peak_b,180.21,0.98,1.48,134.89,4.24,5.55,False,False,False,Blackout
2026-11-21 07:00:00+00:00,1795244400.0,shackleton_peak_b,179.71,0.98,1.54,134.92,4.28,5.55,False,False,False,Blackout
2026-11-21 08:00:00+00:00,1795248000.0,shackleton_peak_b,179.2,0.98,1.6,134.94,4.33,5.54,False,False,False,Blackout
2026-11-21 09:00:00+00:00,1795251600.0,shackleton_peak_b,178.7,0.98,1.66,134.97,4.37,5.54,False,False,False,Blackout
2026-11-21 10:00:00+00:00,1795255200.0,shackleton_peak_b,178.19,0.98,1.72,134.99,4.41,5.54,False,False,False,Blackout
2026-11-21 11:00:00+00:00,1795258800.0,shackleton_peak_b,177.69,0.98,1.77,135.02,4.45,5.54,False,False,False,Blackout
2026-11-21 12:00:00+00:00,1795262400.0,shackleton_peak_b,177.18,0.98,1.83,135.05,4.49,5.54,False,False,False,Blackout
2026-11-21 13:00:00+00:00,1795266000.0,shackleton_peak_b,176.67,0.98,1.89,135.08,4.53,5.54,False,False,False,Blackout
2026-11-21 14:00:00+00:00,1795269600.0,shackleton_peak_b,176.17,0.98,1.95,135.11,4.57,5.53,False,False,False,Blackout
2026-11-21 15:00:00+00:00,1795273200.0,shackleton_peak_b,175.66,0.98,2.0,135.14,4.61,5.53,False,False,False,Blackout
2026-11-21 16:00:00+00:00,1795276800.0,shackleton_peak_b,175.16,0.98,2.06,135.17,4.65,5.53,False,False,False,Blackout
2026-11-21 17:00:00+00:00,1795280400.0,shackleton_peak_b,174.65,0.98,2.15,135.21,4.68,5.53,False,False,False,Blackout
2026-11-21 18:00:00+00:00,1795284000.0,shackleton_peak_b,174.14,0.98,2.25,135.24,4.72,5.53,False,False,False,Blackout
2026-11-21 19:00:00+00:00,1795287600.0,shackleton_peak_b,173.64,0.98,2.35,135.27,4.76,5.53,False,False,False,Blackout
2026-11-21 20:00:00+00:00,1795291200.0,shackleton_peak_b,173.13,0.98,2.45,135.31,4.8,5.52,False,False,False,Blackout
2026-11-21 21:00:00+00:00,1795294800.0,shackleton_peak_b,172.63,0.98,2.54,135.35,4.83,5.52,False,False,False,Blackout
2026-11-21 22:00:00+00:00,1795298400.0,shackleton_peak_b,172.12,0.98,2.64,135.38,4.87,5.52,False,False,False,Blackout
2026-11-21 23:00:00+00:00,1795302000.0,shackleton_peak_b,171.62,0.98,2.74,135.42,4.9,5.52,False,False,False,Blackout
2026-11-22 00:00:00+00:00,1795305600.0,shackleton_peak_b,171.11,0.98,2.84,135.46,4.94,5.52,False,False,False,Blackout
2026-11-22 01:00:00+00:00,1795309200.0,shackleton_peak_b,170.61,0.98,2.94,135.5,4.97,5.52,False,False,False,Blackout
2026-11-22 02:00:00+00:00,1795312800.0,shackleton_peak_b,170.1,0.98,3.04,135.54,5.0,5.51,False,False,False,Blackout
2026-11-22 03:00:00+00:00,1795316400.0,shackleton_peak_b,169.59,0.98,3.1,135.58,5.04,5.51,False,False,False,Blackout
2026-11-22 04:00:00+00:00,1795320000.0,shackleton_peak_b,169.09,0.99,3.16,135.62,5.07,5.51,False,False,False,Blackout
2026-11-22 05:00:00+00:00,1795323600.0,shackleton_peak_b,168.58,0.99,3.22,135.67,5.1,5.51,False,False,False,Blackout
2026-11-22 06:00:00+00:00,1795327200.0,shackleton_peak_b,168.08,0.99,3.27,135.71,5.13,5.5,False,False,False,Blackout
2026-11-22 07:00:00+00:00,1795330800.0,shackleton_peak_b,167.57,0.99,3.33,135.75,5.16,5.5,False,False,False,Blackout
2026-11-22 08:00:00+00:00,1795334400.0,shackleton_peak_b,167.07,0.99,3.38,135.8,5.19,5.5,False,False,False,Blackout
2026-11-22 09:00:00+00:00,1795338000.0,shackleton_peak_b,166.56,0.99,3.44,135.85,5.22,5.5,False,False,False,Blackout
2026-11-22 10:00:00+00:00,1795341600.0,shackleton_peak_b,166.05,0.99,3.49,135.89,5.25,5.5,False,False,False,Blackout
2026-11-22 11:00:00+00:00,1795345200.0,shackleton_peak_b,165.55,0.99,3.55,135.94,5.28,5.49,False,False,False,Blackout
2026-11-22 12:00:00+00:00,1795348800.0,shackleton_peak_b,165.04,0.99,3.61,135.99,5.3,5.49,False,False,False,Blackout
2026-11-22 13:00:00+00:00,1795352400.0,shackleton_peak_b,164.54,0.99,3.66,136.04,5.33,5.49,False,False,False,Blackout
2026-11-22 14:00:00+00:00,1795356000.0,shackleton_peak_b,164.03,0.99,3.7,136.09,5.36,5.49,False,False,False,Blackout
2026-11-22 15:00:00+00:00,1795359600.0,shackleton_peak_b,163.53,1.0,3.75,136.14,5.38,5.48,False,False,False,Blackout
2026-11-22 16:00:00+00:00,1795363200.0,shackleton_peak_b,163.02,1.0,3.8,136.19,5.41,5.48,False,False,False,Blackout
2026-11-22 17:00:00+00:00,1795366800.0,shackleton_peak_b,162.52,1.0,3.85,136.25,5.43,5.48,False,False,False,Blackout
2026-11-22 18:00:00+00:00,1795370400.0,shackleton_peak_b,162.01,1.0,3.9,136.3,5.46,5.47,False,False,False,Blackout
2026-11-22 19:00:00+00:00,1795374000.0,shackleton_peak_b,161.51,1.0,3.95,136.36,5.48,5.47,False,True,False,Comm Only
2026-11-22 20:00:00+00:00,1795377600.0,shackleton_peak_b,161.0,1.0,4.0,136.41,5.5,5.47,False,True,False,Comm Only
2026-11-22 21:00:00+00:00,1795381200.0,shackleton_peak_b,160.49,1.0,4.05,136.47,5.52,5.47,False,True,False,Comm Only
2026-11-22 22:00:00+00:00,1795384800.0,shackleton_peak_b,159.99,1.0,4.1,136.52,5.54,5.46,False,True,False,Comm Only
2026-11-22 23:00:00+00:00,1795388400.0,shackleton_peak_b,159.48,1.01,4.15,136.58,5.56,5.46,False,True,False,Comm Only
2026-11-23 00:00:00+00:00,1795392000.0,shackleton_peak_b,158.98,1.01,4.2,136.64,5.58,5.46,False,True,False,Comm Only
2026-11-23 01:00:00+00:00,1795395600.0,shackleton_peak_b,158.47,1.01,4.24,136.7,5.6,5.46,False,True,False,Comm Only
2026-11-23 02:00:00+00:00,1795399200.0,shackleton_peak_b,157.97,1.01,4.29,136.76,5.62,5.45,False,True,False,Comm Only
2026-11-23 03:00:00+00:00,1795402800.0,shackleton_peak_b,157.46,1.01,4.34,136.82,5.64,5.45,False,True,False,Comm Only
2026-11-23 04:00:00+00:00,1795406400.0,shackleton_peak_b,156.96,1.01,4.39,136.88,5.65,5.45,False,True,False,Comm Only
2026-11-23 05:00:00+00:00,1795410000.0,shackleton_peak_b,156.45,1.02,4.43,136.94,5.67,5.44,False,True,False,Comm Only
2026-11-23 06:00:00+00:00,1795413600.0,shackleton_peak_b,155.94,1.02,4.48,137.0,5.68,5.44,False,True,False,Comm Only
2026-11-23 07:00:00+00:00,1795417200.0,shackleton_peak_b,155.44,1.02,4.53,137.07,5.7,5.44,False,True,False,Comm Only
2026-11-23 08:00:00+00:00,1795420800.0,shackleton_peak_b,154.93,1.02,4.57,137.13,5.71,5.43,False,True,False,Comm Only
2026-11-23 09:00:00+00:00,1795424400.0,shackleton_peak_b,154.43,1.02,4.59,137.19,5.73,5.43,False,True,False,Comm Only
2026-11-23 10:00:00+00:00,1795428000.0,shackleton_peak_b,153.92,1.02,4.6,137.26,5.74,5.43,False,True,False,Comm Only
2026-11-23 11:00:00+00:00,1795431600.0,shackleton_peak_b,153.42,1.03,4.61,137.33,5.75,5.42,False,True,False,Comm Only
2026-11-23 12:00:00+00:00,1795435200.0,shackleton_peak_b,152.91,1.03,4.63,137.39,5.76,5.42,False,True,False,Comm Only
2026-11-23 13:00:00+00:00,1795438800.0,shackleton_peak_b,152.41,1.03,4.64,137.46,5.77,5.42,False,True,False,Comm Only
2026-11-23 14:00:00+00:00,1795442400.0,shackleton_peak_b,151.9,1.03,4.66,137.53,5.78,5.41,False,True,False,Comm Only
2026-11-23 15:00:00+00:00,1795446000.0,shackleton_peak_b,151.4,1.03,4.67,137.6,5.79,5.41,False,True,False,Comm Only
2026-11-23 16:00:00+00:00,1795449600.0,shackleton_peak_b,150.89,1.04,4.69,137.66,5.8,5.41,False,True,False,Comm Only
2026-11-23 17:00:00+00:00,1795453200.0,shackleton_peak_b,150.39,1.04,4.7,137.73,5.8,5.4,False,True,False,Comm Only
2026-11-23 18:00:00+00:00,1795456800.0,shackleton_peak_b,149.88,1.04,4.71,137.8,5.81,5.4,False,True,False,Comm Only
2026-11-23 19:00:00+00:00,1795460400.0,shackleton_peak_b,149.37,1.04,4.73,137.87,5.82,5.4,False,True,False,Comm Only
2026-11-23 20:00:00+00:00,1795464000.0,shackleton_peak_b,148.87,1.05,4.74,137.94,5.82,5.39,False,True,False,Comm Only
2026-11-23 21:00:00+00:00,1795467600.0,shackleton_peak_b,148.36,1.05,4.76,138.01,5.83,5.39,False,True,False,Comm Only
2026-11-23 22:00:00+00:00,1795471200.0,shackleton_peak_b,147.86,1.05,4.77,138.09,5.83,5.39,False,True,False,Comm Only
2026-11-23 23:00:00+00:00,1795474800.0,shackleton_peak_b,147.35,1.05,4.78,138.16,5.83,5.38,False,True,False,Comm Only
2026-11-24 00:00:00+00:00,1795478400.0,shackleton_peak_b,146.85,1.06,4.8,138.23,5.83,5.38,False,True,False,Comm Only
2026-11-24 01:00:00+00:00,1795482000.0,shackleton_peak_b,146.34,1.06,4.81,138.31,5.83,5.37,False,True,False,Comm Only
2026-11-24 02:00:00+00:00,1795485600.0,shackleton_peak_b,145.84,1.06,4.83,138.38,5.83,5.37,False,True,False,Comm Only
2026-11-24 03:00:00+00:00,1795489200.0,shackleton_peak_b,145.33,1.06,4.84,138.45,5.83,5.37,False,True,False,Comm Only
2026-11-24 04:00:00+00:00,1795492800.0,shackleton_peak_b,144.83,1.07,4.87,138.53,5.83,5.36,False,True,False,Comm Only
2026-11-24 05:00:00+00:00,1795496400.0,shackleton_peak_b,144.32,1.07,4.91,138.6,5.83,5.36,False,True,False,Comm Only
2026-11-24 06:00:00+00:00,1795500000.0,shackleton_peak_b,143.82,1.07,4.95,138.68,5.83,5.36,False,True,False,Comm Only
2026-11-24 07:00:00+00:00,1795503600.0,shackleton_peak_b,143.31,1.07,5.0,138.76,5.82,5.35,False,True,False,Comm Only
2026-11-24 08:00:00+00:00,1795507200.0,shackleton_peak_b,142.8,1.08,5.04,138.83,5.82,5.35,False,True,False,Comm Only
2026-11-24 09:00:00+00:00,1795510800.0,shackleton_peak_b,142.3,1.08,5.09,138.91,5.81,5.34,False,True,False,Comm Only
2026-11-24 10:00:00+00:00,1795514400.0,shackleton_peak_b,141.79,1.08,5.13,138.99,5.81,5.34,False,True,False,Comm Only
2026-11-24 11:00:00+00:00,1795518000.0,shackleton_peak_b,141.29,1.08,5.18,139.06,5.8,5.34,False,True,False,Comm Only
2026-11-24 12:00:00+00:00,1795521600.0,shackleton_peak_b,140.78,1.09,5.22,139.14,5.79,5.33,False,True,False,Comm Only
2026-11-24 13:00:00+00:00,1795525200.0,shackleton_peak_b,140.28,1.09,5.27,139.22,5.79,5.33,False,True,False,Comm Only
2026-11-24 14:00:00+00:00,1795528800.0,shackleton_peak_b,139.77,1.09,5.3,139.3,5.78,5.33,False,True,False,Comm Only
2026-11-24 15:00:00+00:00,1795532400.0,shackleton_peak_b,139.27,1.1,5.33,139.38,5.77,5.32,False,True,False,Comm Only
2026-11-24 16:00:00+00:00,1795536000.0,shackleton_peak_b,138.76,1.1,5.35,139.46,5.75,5.32,False,True,False,Comm Only
2026-11-24 17:00:00+00:00,1795539600.0,shackleton_peak_b,138.26,1.1,5.38,139.54,5.74,5.31,False,True,False,Comm Only
2026-11-24 18:00:00+00:00,1795543200.0,shackleton_peak_b,137.75,1.1,5.4,139.62,5.73,5.31,False,True,False,Comm Only
2026-11-24 19:00:00+00:00,1795546800.0,shackleton_peak_b,137.25,1.11,5.43,139.7,5.72,5.31,False,True,False,Comm Only
2026-11-24 20:00:00+00:00,1795550400.0,shackleton_peak_b,136.74,1.11,5.45,139.78,5.71,5.3,False,True,False,Comm Only
2026-11-24 21:00:00+00:00,1795554000.0,shackleton_peak_b,136.24,1.11,5.48,139.86,5.69,5.3,False,True,False,Comm Only
2026-11-24 22:00:00+00:00,1795557600.0,shackleton_peak_b,135.73,1.12,5.5,139.94,5.67,5.29,False,True,False,Comm Only
2026-11-24 23:00:00+00:00,1795561200.0,shackleton_peak_b,135.22,1.12,5.53,140.02,5.66,5.29,False,True,False,Comm Only
2026-11-25 00:00:00+00:00,1795564800.0,shackleton_peak_b,134.72,1.12,5.56,140.1,5.64,5.28,False,True,False,Comm Only
2026-11-25 01:00:00+00:00,1795568400.0,shackleton_peak_b,134.21,1.13,5.6,140.18,5.62,5.27,False,True,False,Comm Only
2026-11-25 02:00:00+00:00,1795572000.0,shackleton_peak_b,133.71,1.13,5.64,140.26,5.61,5.27,False,True,False,Comm Only
2026-11-25 03:00:00+00:00,1795575600.0,shackleton_peak_b,133.2,1.13,5.68,140.35,5.58,5.26,False,True,False,Comm Only
2026-11-25 04:00:00+00:00,1795579200.0,shackleton_peak_b,132.7,1.14,5.72,140.43,5.57,5.25,False,True,False,Comm Only
2026-11-25 05:00:00+00:00,1795582800.0,shackleton_peak_b,132.19,1.14,5.76,140.51,5.54,5.25,False,True,False,Comm Only
2026-11-25 06:00:00+00:00,1795586400.0,shackleton_peak_b,131.69,1.14,5.8,140.59,5.52,5.24,False,True,False,Comm Only
2026-11-25 07:00:00+00:00,1795590000.0,shackleton_peak_b,131.18,1.15,5.85,140.67,5.5,5.23,False,True,False,Comm Only
2026-11-25 08:00:00+00:00,1795593600.0,shackleton_peak_b,130.68,1.15,5.89,140.75,5.48,5.22,False,True,False,Comm Only
2026-11-25 09:00:00+00:00,1795597200.0,shackleton_peak_b,130.17,1.15,5.93,140.84,5.45,5.22,False,True,False,Comm Only
2026-11-25 10:00:00+00:00,1795600800.0,shackleton_peak_b,129.67,1.16,6.09,140.92,5.43,5.21,False,True,False,Comm Only
2026-11-25 11:00:00+00:00,1795604400.0,shackleton_peak_b,129.16,1.16,6.31,141.0,5.4,5.2,False,True,False,Comm Only
2026-11-25 12:00:00+00:00,1795608000.0,shackleton_peak_b,128.66,1.16,6.53,141.08,5.38,5.19,False,True,False,Comm Only
2026-11-25 13:00:00+00:00,1795611600.0,shackleton_peak_b,128.15,1.17,6.75,141.17,5.35,5.19,False,True,False,Comm Only
2026-11-25 14:00:00+00:00,1795615200.0,shackleton_peak_b,127.64,1.17,6.97,141.25,5.32,5.18,False,True,False,Comm Only
2026-11-25 15:00:00+00:00,1795618800.0,shackleton_peak_b,127.14,1.17,7.19,141.33,5.29,5.17,False,True,False,Comm Only
2026-11-25 16:00:00+00:00,1795622400.0,shackleton_peak_b,126.63,1.18,7.41,141.41,5.26,5.17,False,True,False,Comm Only
2026-11-25 17:00:00+00:00,1795626000.0,shackleton_peak_b,126.13,1.18,7.63,141.5,5.24,5.16,False,True,False,Comm Only
2026-11-25 18:00:00+00:00,1795629600.0,shackleton_peak_b,125.62,1.19,7.85,141.58,5.2,5.15,False,True,False,Comm Only
2026-11-25 19:00:00+00:00,1795633200.0,shackleton_peak_b,125.12,1.19,8.07,141.66,5.17,5.14,False,True,False,Comm Only
2026-11-25 20:00:00+00:00,1795636800.0,shackleton_peak_b,124.61,1.19,8.12,141.74,5.14,5.14,False,True,False,Comm Only
2026-11-25 21:00:00+00:00,1795640400.0,shackleton_peak_b,124.11,1.2,8.12,141.82,5.11,5.13,False,False,False,Blackout
2026-11-25 22:00:00+00:00,1795644000.0,shackleton_peak_b,123.6,1.2,8.12,141.91,5.08,5.12,False,False,False,Blackout
2026-11-25 23:00:00+00:00,1795647600.0,shackleton_peak_b,123.1,1.2,8.12,141.99,5.04,5.12,False,False,False,Blackout
2026-11-26 00:00:00+00:00,1795651200.0,shackleton_peak_b,122.59,1.21,8.12,142.07,5.0,5.11,False,False,False,Blackout
2026-11-26 01:00:00+00:00,1795654800.0,shackleton_peak_b,122.09,1.21,8.12,142.15,4.97,5.1,False,False,False,Blackout
2026-11-26 02:00:00+00:00,1795658400.0,shackleton_peak_b,121.58,1.22,8.12,142.23,4.93,5.09,False,False,False,Blackout
2026-11-26 03:00:00+00:00,1795662000.0,shackleton_peak_b,121.07,1.22,8.12,142.31,4.9,5.09,False,False,False,Blackout
2026-11-26 04:00:00+00:00,1795665600.0,shackleton_peak_b,120.57,1.22,8.12,142.39,4.86,5.08,False,False,False,Blackout
2026-11-26 05:00:00+00:00,1795669200.0,shackleton_peak_b,120.06,1.23,8.12,142.48,4.82,5.07,False,False,False,Blackout
2026-11-26 06:00:00+00:00,1795672800.0,shackleton_peak_b,119.56,1.23,8.12,142.56,4.78,5.07,False,False,False,Blackout
2026-11-26 07:00:00+00:00,1795676400.0,shackleton_peak_b,119.05,1.24,8.12,142.64,4.74,5.06,False,False,False,Blackout
2026-11-26 08:00:00+00:00,1795680000.0,shackleton_peak_b,118.55,1.24,8.12,142.72,4.7,5.05,False,False,False,Blackout
2026-11-26 09:00:00+00:00,1795683600.0,shackleton_peak_b,118.04,1.24,8.12,142.8,4.66,5.04,False,False,False,Blackout
2026-11-26 10:00:00+00:00,1795687200.0,shackleton_peak_b,117.54,1.25,8.12,142.88,4.62,5.04,False,False,False,Blackout
2026-11-26 11:00:00+00:00,1795690800.0,shackleton_peak_b,117.03,1.25,8.12,142.96,4.58,5.03,False,False,False,Blackout
2026-11-26 12:00:00+00:00,1795694400.0,shackleton_peak_b,116.53,1.25,8.12,143.03,4.53,5.02,False,False,False,Blackout
2026-11-26 13:00:00+00:00,1795698000.0,shackleton_peak_b,116.02,1.26,8.12,143.11,4.49,5.02,False,False,False,Blackout
2026-11-26 14:00:00+00:00,1795701600.0,shackleton_peak_b,115.51,1.26,8.12,143.19,4.45,5.01,False,False,False,Blackout
2026-11-26 15:00:00+00:00,1795705200.0,shackleton_peak_b,115.01,1.27,8.12,143.27,4.4,5.0,False,False,False,Blackout
2026-11-26 16:00:00+00:00,1795708800.0,shackleton_peak_b,114.5,1.27,8.12,143.35,4.36,5.0,False,False,False,Blackout
2026-11-26 17:00:00+00:00,1795712400.0,shackleton_peak_b,114.0,1.27,8.12,143.43,4.31,4.99,False,False,False,Blackout
2026-11-26 18:00:00+00:00,1795716000.0,shackleton_peak_b,113.49,1.28,8.12,143.5,4.26,4.98,False,False,False,Blackout
2026-11-26 19:00:00+00:00,1795719600.0,shackleton_peak_b,112.99,1.28,8.12,143.58,4.22,4.97,False,False,False,Blackout
2026-11-26 20:00:00+00:00,1795723200.0,shackleton_peak_b,112.48,1.29,8.12,143.66,4.17,4.97,False,False,False,Blackout
2026-11-26 21:00:00+00:00,1795726800.0,shackleton_peak_b,111.98,1.29,8.12,143.73,4.12,4.96,False,False,False,Blackout
2026-11-26 22:00:00+00:00,1795730400.0,shackleton_peak_b,111.47,1.3,8.12,143.81,4.07,4.95,False,False,False,Blackout
2026-11-26 23:00:00+00:00,1795734000.0,shackleton_peak_b,110.96,1.3,8.12,143.88,4.02,4.95,False,False,False,Blackout
2026-11-27 00:00:00+00:00,1795737600.0,shackleton_peak_b,110.46,1.3,8.12,143.96,3.97,4.94,False,False,False,Blackout
2026-11-27 01:00:00+00:00,1795741200.0,shackleton_peak_b,109.95,1.31,8.12,144.03,3.92,4.94,False,False,False,Blackout
2026-11-27 02:00:00+00:00,1795744800.0,shackleton_peak_b,109.45,1.31,8.12,144.11,3.87,4.93,False,False,False,Blackout
2026-11-27 03:00:00+00:00,1795748400.0,shackleton_peak_b,108.94,1.32,8.12,144.18,3.82,4.92,False,False,False,Blackout
2026-11-27 04:00:00+00:00,1795752000.0,shackleton_peak_b,108.44,1.32,8.12,144.25,3.77,4.92,False,False,False,Blackout
2026-11-27 05:00:00+00:00,1795755600.0,shackleton_peak_b,107.93,1.33,8.12,144.33,3.72,4.91,False,False,False,Blackout
2026-11-27 06:00:00+00:00,1795759200.0,shackleton_peak_b,107.43,1.33,8.12,144.4,3.66,4.9,False,False,False,Blackout
2026-11-27 07:00:00+00:00,1795762800.0,shackleton_peak_b,106.92,1.33,8.12,144.47,3.61,4.9,False,False,False,Blackout
2026-11-27 08:00:00+00:00,1795766400.0,shackleton_peak_b,106.41,1.34,8.12,144.54,3.56,4.89,False,False,False,Blackout
2026-11-27 09:00:00+00:00,1795770000.0,shackleton_peak_b,105.91,1.34,8.12,144.62,3.5,4.88,False,False,False,Blackout
2026-11-27 10:00:00+00:00,1795773600.0,shackleton_peak_b,105.4,1.35,8.12,144.69,3.45,4.88,False,False,False,Blackout
2026-11-27 11:00:00+00:00,1795777200.0,shackleton_peak_b,104.9,1.35,8.16,144.76,3.39,4.87,False,False,False,Blackout
2026-11-27 12:00:00+00:00,1795780800.0,shackleton_peak_b,104.39,1.36,8.39,144.83,3.34,4.87,False,False,False,Blackout
2026-11-27 13:00:00+00:00,1795784400.0,shackleton_peak_b,103.89,1.36,8.61,144.89,3.28,4.86,False,False,False,Blackout
2026-11-27 14:00:00+00:00,1795788000.0,shackleton_peak_b,103.38,1.37,8.83,144.96,3.22,4.85,False,False,False,Blackout
2026-11-27 15:00:00+00:00,1795791600.0,shackleton_peak_b,102.87,1.37,9.05,145.03,3.17,4.85,False,False,False,Blackout
2026-11-27 16:00:00+00:00,1795795200.0,shackleton_peak_b,102.37,1.38,9.27,145.1,3.11,4.85,False,False,False,Blackout
2026-11-27 17:00:00+00:00,1795798800.0,shackleton_peak_b,101.86,1.38,9.49,145.17,3.05,4.85,False,False,False,Blackout
2026-11-27 18:00:00+00:00,1795802400.0,shackleton_peak_b,101.36,1.38,9.71,145.23,2.99,4.84,False,False,False,Blackout
2026-11-27 19:00:00+00:00,1795806000.0,shackleton_peak_b,100.85,1.39,9.93,145.3,2.93,4.84,False,False,False,Blackout
2026-11-27 20:00:00+00:00,1795809600.0,shackleton_peak_b,100.35,1.39,10.15,145.36,2.88,4.84,False,False,False,Blackout
2026-11-27 21:00:00+00:00,1795813200.0,shackleton_peak_b,99.84,1.4,10.3,145.43,2.82,4.84,False,False,False,Blackout
2026-11-27 22:00:00+00:00,1795816800.0,shackleton_peak_b,99.33,1.4,10.3,145.49,2.76,4.84,False,False,False,Blackout
2026-11-27 23:00:00+00:00,1795820400.0,shackleton_peak_b,98.83,1.41,10.3,145.56,2.7,4.83,False,False,False,Blackout
2026-11-28 00:00:00+00:00,1795824000.0,shackleton_peak_b,98.32,1.41,10.3,145.62,2.64,4.83,False,False,False,Blackout
2026-11-28 01:00:00+00:00,1795827600.0,shackleton_peak_b,97.82,1.42,10.3,145.68,2.58,4.83,False,False,False,Blackout
2026-11-28 02:00:00+00:00,1795831200.0,shackleton_peak_b,97.31,1.42,10.3,145.74,2.51,4.83,False,False,False,Blackout
2026-11-28 03:00:00+00:00,1795834800.0,shackleton_peak_b,96.81,1.43,10.3,145.8,2.45,4.83,False,False,False,Blackout
2026-11-28 04:00:00+00:00,1795838400.0,shackleton_peak_b,96.3,1.43,10.3,145.87,2.39,4.83,False,False,False,Blackout
2026-11-28 05:00:00+00:00,1795842000.0,shackleton_peak_b,95.79,1.43,10.3,145.93,2.33,4.82,False,False,False,Blackout
2026-11-28 06:00:00+00:00,1795845600.0,shackleton_peak_b,95.29,1.44,10.3,145.98,2.27,4.82,False,False,False,Blackout
2026-11-28 07:00:00+00:00,1795849200.0,shackleton_peak_b,94.78,1.44,10.3,146.04,2.2,4.82,False,False,False,Blackout
2026-11-28 08:00:00+00:00,1795852800.0,shackleton_peak_b,94.28,1.45,10.29,146.1,2.14,4.82,False,False,False,Blackout
2026-11-28 09:00:00+00:00,1795856400.0,shackleton_peak_b,93.77,1.45,10.29,146.16,2.08,4.82,False,False,False,Blackout
2026-11-28 10:00:00+00:00,1795860000.0,shackleton_peak_b,93.27,1.46,10.28,146.22,2.01,4.82,False,False,False,Blackout
2026-11-28 11:00:00+00:00,1795863600.0,shackleton_peak_b,92.76,1.46,10.28,146.27,1.95,4.81,False,False,False,Blackout
2026-11-28 12:00:00+00:00,1795867200.0,shackleton_peak_b,92.25,1.47,10.27,146.33,1.89,4.81,False,False,False,Blackout
2026-11-28 13:00:00+00:00,1795870800.0,shackleton_peak_b,91.75,1.47,10.27,146.38,1.82,4.81,False,False,False,Blackout
2026-11-28 14:00:00+00:00,1795874400.0,shackleton_peak_b,91.24,1.48,10.26,146.44,1.76,4.81,False,False,False,Blackout
2026-11-28 15:00:00+00:00,1795878000.0,shackleton_peak_b,90.74,1.48,10.26,146.49,1.69,4.81,False,False,False,Blackout
2026-11-28 16:00:00+00:00,1795881600.0,shackleton_peak_b,90.23,1.48,10.25,146.54,1.63,4.81,False,False,False,Blackout
2026-11-28 17:00:00+00:00,1795885200.0,shackleton_peak_b,89.72,1.49,10.25,146.6,1.56,4.81,False,False,False,Blackout
2026-11-28 18:00:00+00:00,1795888800.0,shackleton_peak_b,89.22,1.49,10.25,146.65,1.5,4.8,False,False,False,Blackout
2026-11-28 19:00:00+00:00,1795892400.0,shackleton_peak_b,88.71,1.5,10.25,146.7,1.43,4.8,False,False,False,Blackout
2026-11-28 20:00:00+00:00,1795896000.0,shackleton_peak_b,88.21,1.5,10.25,146.75,1.37,4.8,False,False,False,Blackout
2026-11-28 21:00:00+00:00,1795899600.0,shackleton_peak_b,87.7,1.51,10.25,146.8,1.3,4.8,False,False,False,Blackout
2026-11-28 22:00:00+00:00,1795903200.0,shackleton_peak_b,87.19,1.51,10.25,146.85,1.24,4.8,False,False,False,Blackout
2026-11-28 23:00:00+00:00,1795906800.0,shackleton_peak_b,86.69,1.52,10.25,146.9,1.17,4.8,False,False,False,Blackout
2026-11-29 00:00:00+00:00,1795910400.0,shackleton_peak_b,86.18,1.52,10.25,146.94,1.1,4.8,False,False,False,Blackout
2026-11-29 01:00:00+00:00,1795914000.0,shackleton_peak_b,85.68,1.53,10.25,146.99,1.04,4.79,False,False,False,Blackout
2026-11-29 02:00:00+00:00,1795917600.0,shackleton_peak_b,85.17,1.53,10.25,147.04,0.97,4.79,False,False,False,Blackout
2026-11-29 03:00:00+00:00,1795921200.0,shackleton_peak_b,84.66,1.53,10.25,147.09,0.9,4.79,False,False,False,Blackout
2026-11-29 04:00:00+00:00,1795924800.0,shackleton_peak_b,84.16,1.54,10.25,147.13,0.84,4.79,False,False,False,Blackout
2026-11-29 05:00:00+00:00,1795928400.0,shackleton_peak_b,83.65,1.54,10.25,147.18,0.77,4.79,False,False,False,Blackout
2026-11-29 06:00:00+00:00,1795932000.0,shackleton_peak_b,83.15,1.55,10.25,147.22,0.7,4.79,False,False,False,Blackout
2026-11-29 07:00:00+00:00,1795935600.0,shackleton_peak_b,82.64,1.55,10.25,147.26,0.64,4.79,False,False,False,Blackout
2026-11-29 08:00:00+00:00,1795939200.0,shackleton_peak_b,82.13,1.56,10.25,147.3,0.57,4.79,False,False,False,Blackout
2026-11-29 09:00:00+00:00,1795942800.0,shackleton_peak_b,81.63,1.56,10.25,147.35,0.5,4.78,False,False,False,Blackout
2026-11-29 10:00:00+00:00,1795946400.0,shackleton_peak_b,81.12,1.57,10.25,147.39,0.44,4.78,False,False,False,Blackout
2026-11-29 11:00:00+00:00,1795950000.0,shackleton_peak_b,80.61,1.57,10.25,147.43,0.37,4.78,False,False,False,Blackout
2026-11-29 12:00:00+00:00,1795953600.0,shackleton_peak_b,80.11,1.58,10.25,147.47,0.3,4.78,False,False,False,Blackout
2026-11-29 13:00:00+00:00,1795957200.0,shackleton_peak_b,79.6,1.58,10.25,147.51,0.23,4.78,False,False,False,Blackout
2026-11-29 14:00:00+00:00,1795960800.0,shackleton_peak_b,79.1,1.58,10.25,147.54,0.17,4.78,False,False,False,Blackout
2026-11-29 15:00:00+00:00,1795964400.0,shackleton_peak_b,78.59,1.59,10.25,147.58,0.1,4.78,False,False,False,Blackout
2026-11-29 16:00:00+00:00,1795968000.0,shackleton_peak_b,78.08,1.59,10.25,147.62,0.03,4.78,False,False,False,Blackout
2026-11-29 17:00:00+00:00,1795971600.0,shackleton_peak_b,77.58,1.6,10.25,147.66,-0.04,4.78,False,False,False,Blackout
2026-11-29 18:00:00+00:00,1795975200.0,shackleton_peak_b,77.07,1.6,10.25,147.69,-0.1,4.77,False,False,False,Blackout
2026-11-29 19:00:00+00:00,1795978800.0,shackleton_peak_b,76.56,1.61,10.25,147.73,-0.17,4.77,False,False,False,Blackout
2026-11-29 20:00:00+00:00,1795982400.0,shackleton_peak_b,76.06,1.61,10.25,147.76,-0.24,4.77,False,False,False,Blackout
2026-11-29 21:00:00+00:00,1795986000.0,shackleton_peak_b,75.55,1.62,10.25,147.8,-0.3,4.77,False,False,False,Blackout
2026-11-29 22:00:00+00:00,1795989600.0,shackleton_peak_b,75.05,1.62,10.25,147.83,-0.37,4.77,False,False,False,Blackout
2026-11-29 23:00:00+00:00,1795993200.0,shackleton_peak_b,74.54,1.63,10.25,147.86,-0.44,4.77,False,False,False,Blackout
2026-11-30 00:00:00+00:00,1795996800.0,shackleton_peak_b,74.03,1.63,10.25,147.89,-0.51,4.77,False,False,False,Blackout
2026-11-30 01:00:00+00:00,1796000400.0,shackleton_peak_b,73.53,1.64,10.25,147.92,-0.57,4.77,False,False,False,Blackout
2026-11-30 02:00:00+00:00,1796004000.0,shackleton_peak_b,73.02,1.64,10.25,147.96,-0.64,4.77,False,False,False,Blackout
2026-11-30 03:00:00+00:00,1796007600.0,shackleton_peak_b,72.51,1.64,10.25,147.98,-0.71,4.77,False,False,False,Blackout
2026-11-30 04:00:00+00:00,1796011200.0,shackleton_peak_b,72.01,1.65,10.25,148.01,-0.77,4.77,False,False,False,Blackout
2026-11-30 05:00:00+00:00,1796014800.0,shackleton_peak_b,71.5,1.65,10.25,148.04,-0.84,4.76,False,False,False,Blackout
2026-11-30 06:00:00+00:00,1796018400.0,shackleton_peak_b,70.99,1.66,10.25,148.07,-0.91,4.76,False,False,False,Blackout
2026-11-30 07:00:00+00:00,1796022000.0,shackleton_peak_b,70.49,1.66,10.25,148.1,-0.97,4.76,False,False,False,Blackout
2026-11-30 08:00:00+00:00,1796025600.0,shackleton_peak_b,69.98,1.67,10.25,148.12,-1.04,4.76,False,False,False,Blackout
2026-11-30 09:00:00+00:00,1796029200.0,shackleton_peak_b,69.48,1.67,10.25,148.15,-1.11,4.76,False,False,False,Blackout
2026-11-30 10:00:00+00:00,1796032800.0,shackleton_peak_b,68.97,1.68,10.25,148.18,-1.17,4.76,False,False,False,Blackout
2026-11-30 11:00:00+00:00,1796036400.0,shackleton_peak_b,68.46,1.68,10.25,148.2,-1.24,4.76,False,False,False,Blackout
2026-11-30 12:00:00+00:00,1796040000.0,shackleton_peak_b,67.96,1.68,10.25,148.22,-1.31,4.76,False,False,False,Blackout
2026-11-30 13:00:00+00:00,1796043600.0,shackleton_peak_b,67.45,1.69,10.25,148.25,-1.37,4.76,False,False,False,Blackout
2026-11-30 14:00:00+00:00,1796047200.0,shackleton_peak_b,66.94,1.69,10.25,148.27,-1.44,4.76,False,False,False,Blackout
2026-11-30 15:00:00+00:00,1796050800.0,shackleton_peak_b,66.44,1.7,10.25,148.29,-1.5,4.76,False,False,False,Blackout
2026-11-30 16:00:00+00:00,1796054400.0,shackleton_peak_b,65.93,1.7,10.25,148.31,-1.57,4.76,False,False,False,Blackout
2026-11-30 17:00:00+00:00,1796058000.0,shackleton_peak_b,65.42,1.71,10.25,148.33,-1.64,4.76,False,False,False,Blackout
2026-11-30 18:00:00+00:00,1796061600.0,shackleton_peak_b,64.92,1.71,10.24,148.35,-1.7,4.76,False,False,False,Blackout
2026-11-30 19:00:00+00:00,1796065200.0,shackleton_peak_b,64.41,1.71,10.21,148.37,-1.76,4.76,False,False,False,Blackout
2026-11-30 20:00:00+00:00,1796068800.0,shackleton_peak_b,63.9,1.72,10.17,148.39,-1.83,4.76,False,False,False,Blackout
2026-11-30 21:00:00+00:00,1796072400.0,shackleton_peak_b,63.4,1.72,10.14,148.41,-1.9,4.75,False,False,False,Blackout
2026-11-30 22:00:00+00:00,1796076000.0,shackleton_peak_b,62.89,1.73,10.1,148.43,-1.96,4.75,False,False,False,Blackout
2026-11-30 23:00:00+00:00,1796079600.0,shackleton_peak_b,62.38,1.73,10.07,148.44,-2.02,4.75,False,False,False,Blackout
2026-11-01 00:00:00+00:00,1793491200.0,connecting_ridge_cr1,62.54,1.7,0.89,141.37,2.52,0.0,True,True,True,Dual Operational
2026-11-01 01:00:00+00:00,1793494800.0,connecting_ridge_cr1,62.04,1.71,0.89,141.41,2.46,0.0,True,True,True,Dual Operational
2026-11-01 02:00:00+00:00,1793498400.0,connecting_ridge_cr1,61.53,1.71,0.89,141.45,2.4,0.0,True,True,True,Dual Operational
2026-11-01 03:00:00+00:00,1793502000.0,connecting_ridge_cr1,61.02,1.72,0.89,141.49,2.34,0.0,True,True,True,Dual Operational
2026-11-01 04:00:00+00:00,1793505600.0,connecting_ridge_cr1,60.52,1.72,0.89,141.52,2.28,0.0,True,True,True,Dual Operational
2026-11-01 05:00:00+00:00,1793509200.0,connecting_ridge_cr1,60.01,1.73,0.89,141.56,2.22,0.0,True,True,True,Dual Operational
2026-11-01 06:00:00+00:00,1793512800.0,connecting_ridge_cr1,59.5,1.73,0.89,141.6,2.16,0.0,True,True,True,Dual Operational
2026-11-01 07:00:00+00:00,1793516400.0,connecting_ridge_cr1,58.99,1.73,0.89,141.63,2.1,0.0,True,True,True,Dual Operational
2026-11-01 08:00:00+00:00,1793520000.0,connecting_ridge_cr1,58.49,1.74,0.89,141.67,2.04,0.0,True,True,True,Dual Operational
2026-11-01 09:00:00+00:00,1793523600.0,connecting_ridge_cr1,57.98,1.74,0.89,141.7,1.98,0.0,True,True,True,Dual Operational
2026-11-01 10:00:00+00:00,1793527200.0,connecting_ridge_cr1,57.47,1.75,0.89,141.74,1.92,0.0,True,True,True,Dual Operational
2026-11-01 11:00:00+00:00,1793530800.0,connecting_ridge_cr1,56.97,1.75,0.89,141.77,1.85,0.0,True,True,True,Dual Operational
2026-11-01 12:00:00+00:00,1793534400.0,connecting_ridge_cr1,56.46,1.75,0.89,141.8,1.79,0.0,True,True,True,Dual Operational
2026-11-01 13:00:00+00:00,1793538000.0,connecting_ridge_cr1,55.95,1.76,0.89,141.84,1.73,0.0,True,True,True,Dual Operational
2026-11-01 14:00:00+00:00,1793541600.0,connecting_ridge_cr1,55.44,1.76,0.89,141.87,1.67,0.0,True,True,True,Dual Operational
2026-11-01 15:00:00+00:00,1793545200.0,connecting_ridge_cr1,54.94,1.77,0.89,141.9,1.6,0.0,True,True,True,Dual Operational
2026-11-01 16:00:00+00:00,1793548800.0,connecting_ridge_cr1,54.43,1.77,0.89,141.93,1.54,0.0,True,True,True,Dual Operational
2026-11-01 17:00:00+00:00,1793552400.0,connecting_ridge_cr1,53.92,1.78,0.89,141.96,1.48,0.0,True,True,True,Dual Operational
2026-11-01 18:00:00+00:00,1793556000.0,connecting_ridge_cr1,53.42,1.78,0.89,141.99,1.41,0.0,True,True,True,Dual Operational
2026-11-01 19:00:00+00:00,1793559600.0,connecting_ridge_cr1,52.91,1.78,0.89,142.02,1.35,0.0,True,True,True,Dual Operational
2026-11-01 20:00:00+00:00,1793563200.0,connecting_ridge_cr1,52.4,1.79,0.89,142.05,1.29,0.0,True,True,True,Dual Operational
2026-11-01 21:00:00+00:00,1793566800.0,connecting_ridge_cr1,51.89,1.79,0.89,142.08,1.22,0.0,True,True,True,Dual Operational
2026-11-01 22:00:00+00:00,1793570400.0,connecting_ridge_cr1,51.39,1.8,0.89,142.11,1.16,0.0,True,True,True,Dual Operational
2026-11-01 23:00:00+00:00,1793574000.0,connecting_ridge_cr1,50.88,1.8,0.89,142.13,1.09,0.0,True,True,True,Dual Operational
2026-11-02 00:00:00+00:00,1793577600.0,connecting_ridge_cr1,50.37,1.81,0.89,142.16,1.03,0.0,True,True,True,Dual Operational
2026-11-02 01:00:00+00:00,1793581200.0,connecting_ridge_cr1,49.86,1.81,0.92,142.19,0.96,0.0,True,True,True,Dual Operational
2026-11-02 02:00:00+00:00,1793584800.0,connecting_ridge_cr1,49.36,1.81,1.02,142.22,0.9,0.0,True,True,True,Dual Operational
2026-11-02 03:00:00+00:00,1793588400.0,connecting_ridge_cr1,48.85,1.82,1.12,142.24,0.84,0.0,True,True,True,Dual Operational
2026-11-02 04:00:00+00:00,1793592000.0,connecting_ridge_cr1,48.34,1.82,1.23,142.27,0.77,0.0,True,True,True,Dual Operational
2026-11-02 05:00:00+00:00,1793595600.0,connecting_ridge_cr1,47.83,1.83,1.33,142.29,0.71,0.0,True,True,True,Dual Operational
2026-11-02 06:00:00+00:00,1793599200.0,connecting_ridge_cr1,47.33,1.83,1.44,142.32,0.64,0.0,True,True,True,Dual Operational
2026-11-02 07:00:00+00:00,1793602800.0,connecting_ridge_cr1,46.82,1.83,1.54,142.34,0.58,0.0,True,True,True,Dual Operational
2026-11-02 08:00:00+00:00,1793606400.0,connecting_ridge_cr1,46.31,1.84,1.64,142.37,0.51,0.0,True,True,True,Dual Operational
2026-11-02 09:00:00+00:00,1793610000.0,connecting_ridge_cr1,45.81,1.84,1.75,142.39,0.45,0.0,True,True,True,Dual Operational
2026-11-02 10:00:00+00:00,1793613600.0,connecting_ridge_cr1,45.3,1.84,1.85,142.41,0.38,0.0,False,True,False,Comm Only
2026-11-02 11:00:00+00:00,1793617200.0,connecting_ridge_cr1,44.79,1.85,1.93,142.43,0.32,0.0,False,True,False,Comm Only
2026-11-02 12:00:00+00:00,1793620800.0,connecting_ridge_cr1,44.28,1.85,1.99,142.46,0.25,0.0,False,True,False,Comm Only
2026-11-02 13:00:00+00:00,1793624400.0,connecting_ridge_cr1,43.77,1.86,2.05,142.48,0.18,0.0,False,True,False,Comm Only
2026-11-02 14:00:00+00:00,1793628000.0,connecting_ridge_cr1,43.27,1.86,2.11,142.5,0.12,0.0,False,True,False,Comm Only
2026-11-02 15:00:00+00:00,1793631600.0,connecting_ridge_cr1,42.76,1.86,2.17,142.52,0.05,0.0,False,True,False,Comm Only
2026-11-02 16:00:00+00:00,1793635200.0,connecting_ridge_cr1,42.25,1.87,2.23,142.54,-0.01,0.0,False,False,False,Blackout
2026-11-02 17:00:00+00:00,1793638800.0,connecting_ridge_cr1,41.75,1.87,2.29,142.56,-0.08,0.0,False,False,False,Blackout
2026-11-02 18:00:00+00:00,1793642400.0,connecting_ridge_cr1,41.24,1.87,2.35,142.58,-0.14,0.0,False,False,False,Blackout
2026-11-02 19:00:00+00:00,1793646000.0,connecting_ridge_cr1,40.73,1.88,2.41,142.6,-0.21,0.0,False,False,False,Blackout
2026-11-02 20:00:00+00:00,1793649600.0,connecting_ridge_cr1,40.22,1.88,2.46,142.62,-0.28,0.0,False,False,False,Blackout
2026-11-02 21:00:00+00:00,1793653200.0,connecting_ridge_cr1,39.71,1.88,2.49,142.63,-0.34,0.0,False,False,False,Blackout
2026-11-02 22:00:00+00:00,1793656800.0,connecting_ridge_cr1,39.21,1.89,2.49,142.65,-0.41,0.0,False,False,False,Blackout
2026-11-02 23:00:00+00:00,1793660400.0,connecting_ridge_cr1,38.7,1.89,2.49,142.67,-0.47,0.0,False,False,False,Blackout
2026-11-03 00:00:00+00:00,1793664000.0,connecting_ridge_cr1,38.19,1.9,2.49,142.69,-0.54,0.0,False,False,False,Blackout
2026-11-03 01:00:00+00:00,1793667600.0,connecting_ridge_cr1,37.68,1.9,2.49,142.7,-0.6,0.0,False,False,False,Blackout
2026-11-03 02:00:00+00:00,1793671200.0,connecting_ridge_cr1,37.18,1.9,2.49,142.72,-0.67,0.0,False,False,False,Blackout
2026-11-03 03:00:00+00:00,1793674800.0,connecting_ridge_cr1,36.67,1.91,2.49,142.73,-0.73,0.0,False,False,False,Blackout
2026-11-03 04:00:00+00:00,1793678400.0,connecting_ridge_cr1,36.16,1.91,2.49,142.75,-0.8,0.0,False,False,False,Blackout
2026-11-03 05:00:00+00:00,1793682000.0,connecting_ridge_cr1,35.65,1.91,2.49,142.76,-0.86,0.0,False,False,False,Blackout
2026-11-03 06:00:00+00:00,1793685600.0,connecting_ridge_cr1,35.14,1.91,2.49,142.78,-0.93,0.0,False,False,False,Blackout
2026-11-03 07:00:00+00:00,1793689200.0,connecting_ridge_cr1,34.64,1.92,2.49,142.79,-0.99,0.0,False,False,False,Blackout
2026-11-03 08:00:00+00:00,1793692800.0,connecting_ridge_cr1,34.13,1.92,2.49,142.8,-1.06,0.0,False,False,False,Blackout
2026-11-03 09:00:00+00:00,1793696400.0,connecting_ridge_cr1,33.62,1.92,2.49,142.82,-1.12,0.0,False,False,False,Blackout
2026-11-03 10:00:00+00:00,1793700000.0,connecting_ridge_cr1,33.11,1.93,2.49,142.83,-1.19,0.0,False,False,False,Blackout
2026-11-03 11:00:00+00:00,1793703600.0,connecting_ridge_cr1,32.61,1.93,2.49,142.84,-1.25,0.0,False,False,False,Blackout
2026-11-03 12:00:00+00:00,1793707200.0,connecting_ridge_cr1,32.1,1.93,2.49,142.85,-1.32,0.0,False,False,False,Blackout
2026-11-03 13:00:00+00:00,1793710800.0,connecting_ridge_cr1,31.59,1.94,2.49,142.87,-1.38,0.0,False,False,False,Blackout
2026-11-03 14:00:00+00:00,1793714400.0,connecting_ridge_cr1,31.08,1.94,2.49,142.88,-1.45,0.0,False,False,False,Blackout
2026-11-03 15:00:00+00:00,1793718000.0,connecting_ridge_cr1,30.57,1.94,2.49,142.89,-1.51,0.0,False,False,False,Blackout
2026-11-03 16:00:00+00:00,1793721600.0,connecting_ridge_cr1,30.07,1.94,2.49,142.9,-1.58,0.0,False,False,False,Blackout
2026-11-03 17:00:00+00:00,1793725200.0,connecting_ridge_cr1,29.56,1.95,2.49,142.91,-1.64,0.0,False,False,False,Blackout
2026-11-03 18:00:00+00:00,1793728800.0,connecting_ridge_cr1,29.05,1.95,2.49,142.92,-1.71,0.0,False,False,False,Blackout
2026-11-03 19:00:00+00:00,1793732400.0,connecting_ridge_cr1,28.54,1.95,2.49,142.93,-1.77,0.0,False,False,False,Blackout
2026-11-03 20:00:00+00:00,1793736000.0,connecting_ridge_cr1,28.04,1.96,2.49,142.93,-1.83,0.0,False,False,False,Blackout
2026-11-03 21:00:00+00:00,1793739600.0,connecting_ridge_cr1,27.53,1.96,2.49,142.94,-1.9,0.0,False,False,False,Blackout
2026-11-03 22:00:00+00:00,1793743200.0,connecting_ridge_cr1,27.02,1.96,2.49,142.95,-1.96,0.0,False,False,False,Blackout
2026-11-03 23:00:00+00:00,1793746800.0,connecting_ridge_cr1,26.51,1.96,2.49,142.96,-2.02,0.0,False,False,False,Blackout
2026-11-04 00:00:00+00:00,1793750400.0,connecting_ridge_cr1,26.0,1.97,2.49,142.97,-2.08,0.0,False,False,False,Blackout
2026-11-04 01:00:00+00:00,1793754000.0,connecting_ridge_cr1,25.5,1.97,2.49,142.97,-2.15,0.0,False,False,False,Blackout
2026-11-04 02:00:00+00:00,1793757600.0,connecting_ridge_cr1,24.99,1.97,2.49,142.98,-2.21,0.0,False,False,False,Blackout
2026-11-04 03:00:00+00:00,1793761200.0,connecting_ridge_cr1,24.48,1.97,2.49,142.99,-2.27,0.0,False,False,False,Blackout
2026-11-04 04:00:00+00:00,1793764800.0,connecting_ridge_cr1,23.97,1.98,2.49,142.99,-2.33,0.0,False,False,False,Blackout
2026-11-04 05:00:00+00:00,1793768400.0,connecting_ridge_cr1,23.46,1.98,2.49,143.0,-2.4,0.0,False,False,False,Blackout
2026-11-04 06:00:00+00:00,1793772000.0,connecting_ridge_cr1,22.96,1.98,2.49,143.0,-2.46,0.0,False,False,False,Blackout
2026-11-04 07:00:00+00:00,1793775600.0,connecting_ridge_cr1,22.45,1.98,2.49,143.01,-2.52,0.0,False,False,False,Blackout
2026-11-04 08:00:00+00:00,1793779200.0,connecting_ridge_cr1,21.94,1.98,2.49,143.01,-2.58,0.0,False,False,False,Blackout
2026-11-04 09:00:00+00:00,1793782800.0,connecting_ridge_cr1,21.43,1.99,2.49,143.01,-2.64,0.0,False,False,False,Blackout
2026-11-04 10:00:00+00:00,1793786400.0,connecting_ridge_cr1,20.93,1.99,2.49,143.02,-2.7,0.0,False,False,False,Blackout
2026-11-04 11:00:00+00:00,1793790000.0,connecting_ridge_cr1,20.42,1.99,2.49,143.02,-2.76,0.0,False,False,False,Blackout
2026-11-04 12:00:00+00:00,1793793600.0,connecting_ridge_cr1,19.91,1.99,2.49,143.02,-2.83,0.0,False,False,False,Blackout
2026-11-04 13:00:00+00:00,1793797200.0,connecting_ridge_cr1,19.4,2.0,2.49,143.03,-2.88,0.0,False,False,False,Blackout
2026-11-04 14:00:00+00:00,1793800800.0,connecting_ridge_cr1,18.89,2.0,2.49,143.03,-2.94,0.0,False,False,False,Blackout
2026-11-04 15:00:00+00:00,1793804400.0,connecting_ridge_cr1,18.38,2.0,2.49,143.03,-3.0,0.0,False,False,False,Blackout
2026-11-04 16:00:00+00:00,1793808000.0,connecting_ridge_cr1,17.88,2.0,2.49,143.03,-3.06,0.0,False,False,False,Blackout
2026-11-04 17:00:00+00:00,1793811600.0,connecting_ridge_cr1,17.37,2.0,2.49,143.03,-3.12,0.0,False,False,False,Blackout
2026-11-04 18:00:00+00:00,1793815200.0,connecting_ridge_cr1,16.86,2.0,2.49,143.04,-3.18,0.0,False,False,False,Blackout
2026-11-04 19:00:00+00:00,1793818800.0,connecting_ridge_cr1,16.35,2.01,2.49,143.04,-3.24,0.0,False,False,False,Blackout
2026-11-04 20:00:00+00:00,1793822400.0,connecting_ridge_cr1,15.84,2.01,2.49,143.04,-3.3,0.0,False,False,False,Blackout
2026-11-04 21:00:00+00:00,1793826000.0,connecting_ridge_cr1,15.34,2.01,2.49,143.04,-3.36,0.0,False,False,False,Blackout
2026-11-04 22:00:00+00:00,1793829600.0,connecting_ridge_cr1,14.83,2.01,2.49,143.04,-3.42,0.0,False,False,False,Blackout
2026-11-04 23:00:00+00:00,1793833200.0,connecting_ridge_cr1,14.32,2.01,2.49,143.04,-3.47,0.0,False,False,False,Blackout
2026-11-05 00:00:00+00:00,1793836800.0,connecting_ridge_cr1,13.81,2.02,2.49,143.03,-3.53,0.0,False,False,False,Blackout
2026-11-05 01:00:00+00:00,1793840400.0,connecting_ridge_cr1,13.3,2.02,2.49,143.03,-3.59,0.0,False,False,False,Blackout
2026-11-05 02:00:00+00:00,1793844000.0,connecting_ridge_cr1,12.8,2.02,2.49,143.03,-3.64,0.0,False,False,False,Blackout
2026-11-05 03:00:00+00:00,1793847600.0,connecting_ridge_cr1,12.29,2.02,2.49,143.03,-3.7,0.0,False,False,False,Blackout
2026-11-05 04:00:00+00:00,1793851200.0,connecting_ridge_cr1,11.78,2.02,2.49,143.03,-3.75,0.0,False,False,False,Blackout
2026-11-05 05:00:00+00:00,1793854800.0,connecting_ridge_cr1,11.27,2.02,2.49,143.03,-3.81,0.0,False,False,False,Blackout
2026-11-05 06:00:00+00:00,1793858400.0,connecting_ridge_cr1,10.76,2.02,2.49,143.02,-3.87,0.0,False,False,False,Blackout
2026-11-05 07:00:00+00:00,1793862000.0,connecting_ridge_cr1,10.25,2.02,2.49,143.02,-3.92,0.0,False,False,False,Blackout
2026-11-05 08:00:00+00:00,1793865600.0,connecting_ridge_cr1,9.75,2.03,2.49,143.02,-3.98,0.0,False,False,False,Blackout
2026-11-05 09:00:00+00:00,1793869200.0,connecting_ridge_cr1,9.24,2.03,2.49,143.01,-4.03,0.0,False,False,False,Blackout
2026-11-05 10:00:00+00:00,1793872800.0,connecting_ridge_cr1,8.73,2.03,2.49,143.01,-4.08,0.0,False,False,False,Blackout
2026-11-05 11:00:00+00:00,1793876400.0,connecting_ridge_cr1,8.22,2.03,2.49,143.0,-4.14,0.0,False,False,False,Blackout
2026-11-05 12:00:00+00:00,1793880000.0,connecting_ridge_cr1,7.71,2.03,2.49,143.0,-4.19,0.0,False,False,False,Blackout
2026-11-05 13:00:00+00:00,1793883600.0,connecting_ridge_cr1,7.2,2.03,2.49,143.0,-4.24,0.0,False,False,False,Blackout
2026-11-05 14:00:00+00:00,1793887200.0,connecting_ridge_cr1,6.7,2.03,2.49,142.99,-4.3,0.0,False,False,False,Blackout
2026-11-05 15:00:00+00:00,1793890800.0,connecting_ridge_cr1,6.19,2.03,2.49,142.98,-4.35,0.0,False,False,False,Blackout
2026-11-05 16:00:00+00:00,1793894400.0,connecting_ridge_cr1,5.68,2.04,2.49,142.98,-4.4,0.0,False,False,False,Blackout
2026-11-05 17:00:00+00:00,1793898000.0,connecting_ridge_cr1,5.17,2.04,2.49,142.97,-4.45,0.0,False,False,False,Blackout
2026-11-05 18:00:00+00:00,1793901600.0,connecting_ridge_cr1,4.66,2.04,2.49,142.97,-4.5,0.0,False,False,False,Blackout
2026-11-05 19:00:00+00:00,1793905200.0,connecting_ridge_cr1,4.15,2.04,2.49,142.96,-4.55,0.0,False,False,False,Blackout
2026-11-05 20:00:00+00:00,1793908800.0,connecting_ridge_cr1,3.65,2.04,2.49,142.95,-4.6,0.0,False,False,False,Blackout
2026-11-05 21:00:00+00:00,1793912400.0,connecting_ridge_cr1,3.14,2.04,2.49,142.94,-4.65,0.0,False,False,False,Blackout
2026-11-05 22:00:00+00:00,1793916000.0,connecting_ridge_cr1,2.63,2.04,2.49,142.94,-4.7,0.0,False,False,False,Blackout
2026-11-05 23:00:00+00:00,1793919600.0,connecting_ridge_cr1,2.12,2.04,2.49,142.93,-4.75,0.0,False,False,False,Blackout
2026-11-06 00:00:00+00:00,1793923200.0,connecting_ridge_cr1,1.61,2.04,2.49,142.92,-4.8,0.0,False,False,False,Blackout
2026-11-06 01:00:00+00:00,1793926800.0,connecting_ridge_cr1,1.1,2.04,2.49,142.91,-4.85,0.0,False,False,False,Blackout
2026-11-06 02:00:00+00:00,1793930400.0,connecting_ridge_cr1,0.6,2.04,2.49,142.9,-4.9,0.0,False,False,False,Blackout
2026-11-06 03:00:00+00:00,1793934000.0,connecting_ridge_cr1,0.09,2.04,2.49,142.89,-4.94,0.0,False,False,False,Blackout
2026-11-06 04:00:00+00:00,1793937600.0,connecting_ridge_cr1,359.58,2.04,2.49,142.88,-4.99,0.0,False,False,False,Blackout
2026-11-06 05:00:00+00:00,1793941200.0,connecting_ridge_cr1,359.07,2.04,2.49,142.88,-5.04,0.0,False,False,False,Blackout
2026-11-06 06:00:00+00:00,1793944800.0,connecting_ridge_cr1,358.56,2.04,2.49,142.87,-5.08,0.0,False,False,False,Blackout
2026-11-06 07:00:00+00:00,1793948400.0,connecting_ridge_cr1,358.05,2.04,2.49,142.86,-5.13,0.0,False,False,False,Blackout
2026-11-06 08:00:00+00:00,1793952000.0,connecting_ridge_cr1,357.55,2.04,2.49,142.85,-5.17,0.0,False,False,False,Blackout
2026-11-06 09:00:00+00:00,1793955600.0,connecting_ridge_cr1,357.04,2.04,2.49,142.83,-5.22,0.0,False,False,False,Blackout
2026-11-06 10:00:00+00:00,1793959200.0,connecting_ridge_cr1,356.53,2.04,2.49,142.82,-5.26,0.0,False,False,False,Blackout
2026-11-06 11:00:00+00:00,1793962800.0,connecting_ridge_cr1,356.02,2.04,2.49,142.81,-5.31,0.0,False,False,False,Blackout
2026-11-06 12:00:00+00:00,1793966400.0,connecting_ridge_cr1,355.51,2.04,2.49,142.8,-5.35,0.0,False,False,False,Blackout
2026-11-06 13:00:00+00:00,1793970000.0,connecting_ridge_cr1,355.0,2.04,2.49,142.79,-5.39,0.0,False,False,False,Blackout
2026-11-06 14:00:00+00:00,1793973600.0,connecting_ridge_cr1,354.5,2.04,2.49,142.78,-5.44,0.0,False,False,False,Blackout
2026-11-06 15:00:00+00:00,1793977200.0,connecting_ridge_cr1,353.99,2.04,2.49,142.76,-5.48,0.0,False,False,False,Blackout
2026-11-06 16:00:00+00:00,1793980800.0,connecting_ridge_cr1,353.48,2.04,2.49,142.75,-5.52,0.0,False,False,False,Blackout
2026-11-06 17:00:00+00:00,1793984400.0,connecting_ridge_cr1,352.97,2.04,2.49,142.74,-5.56,0.0,False,False,False,Blackout
2026-11-06 18:00:00+00:00,1793988000.0,connecting_ridge_cr1,352.46,2.04,2.49,142.72,-5.6,0.0,False,False,False,Blackout
2026-11-06 19:00:00+00:00,1793991600.0,connecting_ridge_cr1,351.95,2.04,2.49,142.71,-5.64,0.0,False,False,False,Blackout
2026-11-06 20:00:00+00:00,1793995200.0,connecting_ridge_cr1,351.44,2.04,2.49,142.7,-5.68,0.0,False,False,False,Blackout
2026-11-06 21:00:00+00:00,1793998800.0,connecting_ridge_cr1,350.94,2.04,2.49,142.68,-5.72,0.0,False,False,False,Blackout
2026-11-06 22:00:00+00:00,1794002400.0,connecting_ridge_cr1,350.43,2.04,2.49,142.67,-5.76,0.0,False,False,False,Blackout
2026-11-06 23:00:00+00:00,1794006000.0,connecting_ridge_cr1,349.92,2.04,2.49,142.65,-5.8,0.0,False,False,False,Blackout
2026-11-07 00:00:00+00:00,1794009600.0,connecting_ridge_cr1,349.41,2.04,2.49,142.64,-5.84,0.0,False,False,False,Blackout
2026-11-07 01:00:00+00:00,1794013200.0,connecting_ridge_cr1,348.9,2.04,2.49,142.62,-5.88,0.0,False,False,False,Blackout
2026-11-07 02:00:00+00:00,1794016800.0,connecting_ridge_cr1,348.39,2.04,2.49,142.61,-5.91,0.0,False,False,False,Blackout
2026-11-07 03:00:00+00:00,1794020400.0,connecting_ridge_cr1,347.88,2.04,2.49,142.59,-5.95,0.0,False,False,False,Blackout
2026-11-07 04:00:00+00:00,1794024000.0,connecting_ridge_cr1,347.38,2.04,2.49,142.58,-5.99,0.0,False,False,False,Blackout
2026-11-07 05:00:00+00:00,1794027600.0,connecting_ridge_cr1,346.87,2.04,2.49,142.56,-6.02,0.0,False,False,False,Blackout
2026-11-07 06:00:00+00:00,1794031200.0,connecting_ridge_cr1,346.36,2.04,2.49,142.54,-6.06,0.0,False,False,False,Blackout
2026-11-07 07:00:00+00:00,1794034800.0,connecting_ridge_cr1,345.85,2.04,2.49,142.53,-6.09,0.0,False,False,False,Blackout
2026-11-07 08:00:00+00:00,1794038400.0,connecting_ridge_cr1,345.34,2.04,2.49,142.51,-6.13,0.0,False,False,False,Blackout
2026-11-07 09:00:00+00:00,1794042000.0,connecting_ridge_cr1,344.83,2.04,2.49,142.49,-6.16,0.0,False,False,False,Blackout
2026-11-07 10:00:00+00:00,1794045600.0,connecting_ridge_cr1,344.32,2.04,2.49,142.47,-6.19,0.0,False,False,False,Blackout
2026-11-07 11:00:00+00:00,1794049200.0,connecting_ridge_cr1,343.82,2.04,2.49,142.46,-6.23,0.0,False,False,False,Blackout
2026-11-07 12:00:00+00:00,1794052800.0,connecting_ridge_cr1,343.31,2.03,2.49,142.44,-6.26,0.0,False,False,False,Blackout
2026-11-07 13:00:00+00:00,1794056400.0,connecting_ridge_cr1,342.8,2.03,2.49,142.42,-6.29,0.0,False,False,False,Blackout
2026-11-07 14:00:00+00:00,1794060000.0,connecting_ridge_cr1,342.29,2.03,2.49,142.4,-6.32,0.0,False,False,False,Blackout
2026-11-07 15:00:00+00:00,1794063600.0,connecting_ridge_cr1,341.78,2.03,2.49,142.38,-6.35,0.0,False,False,False,Blackout
2026-11-07 16:00:00+00:00,1794067200.0,connecting_ridge_cr1,341.27,2.03,2.49,142.36,-6.38,0.0,False,False,False,Blackout
2026-11-07 17:00:00+00:00,1794070800.0,connecting_ridge_cr1,340.76,2.03,2.49,142.34,-6.41,0.0,False,False,False,Blackout
2026-11-07 18:00:00+00:00,1794074400.0,connecting_ridge_cr1,340.26,2.03,2.49,142.32,-6.44,0.0,False,False,False,Blackout
2026-11-07 19:00:00+00:00,1794078000.0,connecting_ridge_cr1,339.75,2.03,2.49,142.3,-6.47,0.0,False,False,False,Blackout
2026-11-07 20:00:00+00:00,1794081600.0,connecting_ridge_cr1,339.24,2.02,2.49,142.28,-6.5,0.0,False,False,False,Blackout
2026-11-07 21:00:00+00:00,1794085200.0,connecting_ridge_cr1,338.73,2.02,2.49,142.26,-6.53,0.0,False,False,False,Blackout
2026-11-07 22:00:00+00:00,1794088800.0,connecting_ridge_cr1,338.22,2.02,2.49,142.24,-6.55,0.0,False,False,False,Blackout
2026-11-07 23:00:00+00:00,1794092400.0,connecting_ridge_cr1,337.71,2.02,2.49,142.22,-6.58,0.0,False,False,False,Blackout
2026-11-08 00:00:00+00:00,1794096000.0,connecting_ridge_cr1,337.2,2.02,2.49,142.19,-6.6,0.0,False,False,False,Blackout
2026-11-08 01:00:00+00:00,1794099600.0,connecting_ridge_cr1,336.7,2.02,2.49,142.17,-6.63,0.0,False,False,False,Blackout
2026-11-08 02:00:00+00:00,1794103200.0,connecting_ridge_cr1,336.19,2.02,2.49,142.15,-6.66,0.0,False,False,False,Blackout
2026-11-08 03:00:00+00:00,1794106800.0,connecting_ridge_cr1,335.68,2.02,2.49,142.13,-6.68,0.0,False,False,False,Blackout
2026-11-08 04:00:00+00:00,1794110400.0,connecting_ridge_cr1,335.17,2.01,2.49,142.1,-6.7,0.0,False,False,False,Blackout
2026-11-08 05:00:00+00:00,1794114000.0,connecting_ridge_cr1,334.66,2.01,2.49,142.08,-6.73,0.0,False,False,False,Blackout
2026-11-08 06:00:00+00:00,1794117600.0,connecting_ridge_cr1,334.15,2.01,2.49,142.06,-6.75,0.0,False,False,False,Blackout
2026-11-08 07:00:00+00:00,1794121200.0,connecting_ridge_cr1,333.64,2.01,2.49,142.03,-6.77,0.0,False,False,False,Blackout
2026-11-08 08:00:00+00:00,1794124800.0,connecting_ridge_cr1,333.14,2.01,2.49,142.01,-6.79,0.0,False,False,False,Blackout
2026-11-08 09:00:00+00:00,1794128400.0,connecting_ridge_cr1,332.63,2.0,2.49,141.99,-6.82,0.0,False,False,False,Blackout
2026-11-08 10:00:00+00:00,1794132000.0,connecting_ridge_cr1,332.12,2.0,2.49,141.96,-6.84,0.0,False,False,False,Blackout
2026-11-08 11:00:00+00:00,1794135600.0,connecting_ridge_cr1,331.61,2.0,2.49,141.94,-6.86,0.0,False,False,False,Blackout
2026-11-08 12:00:00+00:00,1794139200.0,connecting_ridge_cr1,331.1,2.0,2.49,141.91,-6.88,0.0,False,False,False,Blackout
2026-11-08 13:00:00+00:00,1794142800.0,connecting_ridge_cr1,330.59,2.0,2.49,141.88,-6.89,0.0,False,False,False,Blackout
2026-11-08 14:00:00+00:00,1794146400.0,connecting_ridge_cr1,330.08,2.0,2.49,141.86,-6.91,0.0,False,False,False,Blackout
2026-11-08 15:00:00+00:00,1794150000.0,connecting_ridge_cr1,329.58,1.99,2.49,141.83,-6.93,0.0,False,False,False,Blackout
2026-11-08 16:00:00+00:00,1794153600.0,connecting_ridge_cr1,329.07,1.99,2.49,141.81,-6.95,0.0,False,False,False,Blackout
2026-11-08 17:00:00+00:00,1794157200.0,connecting_ridge_cr1,328.56,1.99,2.49,141.78,-6.97,0.0,False,False,False,Blackout
2026-11-08 18:00:00+00:00,1794160800.0,connecting_ridge_cr1,328.05,1.99,2.49,141.75,-6.98,0.0,False,False,False,Blackout
2026-11-08 19:00:00+00:00,1794164400.0,connecting_ridge_cr1,327.54,1.99,2.49,141.73,-7.0,0.0,False,False,False,Blackout
2026-11-08 20:00:00+00:00,1794168000.0,connecting_ridge_cr1,327.03,1.98,2.49,141.7,-7.01,0.0,False,False,False,Blackout
2026-11-08 21:00:00+00:00,1794171600.0,connecting_ridge_cr1,326.52,1.98,2.49,141.67,-7.03,0.0,False,False,False,Blackout
2026-11-08 22:00:00+00:00,1794175200.0,connecting_ridge_cr1,326.02,1.98,2.49,141.64,-7.04,0.0,False,False,False,Blackout
2026-11-08 23:00:00+00:00,1794178800.0,connecting_ridge_cr1,325.51,1.98,2.49,141.61,-7.06,0.0,False,False,False,Blackout
2026-11-09 00:00:00+00:00,1794182400.0,connecting_ridge_cr1,325.0,1.97,2.49,141.58,-7.07,0.0,False,False,False,Blackout
2026-11-09 01:00:00+00:00,1794186000.0,connecting_ridge_cr1,324.49,1.97,2.49,141.56,-7.08,0.0,False,False,False,Blackout
2026-11-09 02:00:00+00:00,1794189600.0,connecting_ridge_cr1,323.98,1.97,2.49,141.53,-7.09,0.0,False,False,False,Blackout
2026-11-09 03:00:00+00:00,1794193200.0,connecting_ridge_cr1,323.47,1.97,2.49,141.5,-7.11,0.0,False,False,False,Blackout
2026-11-09 04:00:00+00:00,1794196800.0,connecting_ridge_cr1,322.96,1.96,2.49,141.47,-7.12,0.0,False,False,False,Blackout
2026-11-09 05:00:00+00:00,1794200400.0,connecting_ridge_cr1,322.46,1.96,2.49,141.44,-7.13,0.0,False,False,False,Blackout
2026-11-09 06:00:00+00:00,1794204000.0,connecting_ridge_cr1,321.95,1.96,2.49,141.4,-7.14,0.0,False,False,False,Blackout
2026-11-09 07:00:00+00:00,1794207600.0,connecting_ridge_cr1,321.44,1.96,2.49,141.37,-7.15,0.0,False,False,False,Blackout
2026-11-09 08:00:00+00:00,1794211200.0,connecting_ridge_cr1,320.93,1.95,2.49,141.34,-7.16,0.0,False,False,False,Blackout
2026-11-09 09:00:00+00:00,1794214800.0,connecting_ridge_cr1,320.42,1.95,2.49,141.31,-7.17,0.0,False,False,False,Blackout
2026-11-09 10:00:00+00:00,1794218400.0,connecting_ridge_cr1,319.91,1.95,2.45,141.28,-7.17,0.0,False,False,False,Blackout
2026-11-09 11:00:00+00:00,1794222000.0,connecting_ridge_cr1,319.4,1.95,2.19,141.25,-7.18,0.0,False,False,False,Blackout
2026-11-09 12:00:00+00:00,1794225600.0,connecting_ridge_cr1,318.9,1.94,1.94,141.22,-7.19,0.0,True,False,False,Sun Only
2026-11-09 13:00:00+00:00,1794229200.0,connecting_ridge_cr1,318.39,1.94,1.69,141.18,-7.19,0.0,True,False,False,Sun Only
2026-11-09 14:00:00+00:00,1794232800.0,connecting_ridge_cr1,317.88,1.94,1.43,141.15,-7.2,0.0,True,False,False,Sun Only
2026-11-09 15:00:00+00:00,1794236400.0,connecting_ridge_cr1,317.37,1.93,1.18,141.12,-7.2,0.0,True,False,False,Sun Only
2026-11-09 16:00:00+00:00,1794240000.0,connecting_ridge_cr1,316.86,1.93,0.93,141.08,-7.21,0.0,True,False,False,Sun Only
2026-11-09 17:00:00+00:00,1794243600.0,connecting_ridge_cr1,316.35,1.93,0.67,141.05,-7.21,0.0,True,False,False,Sun Only
2026-11-09 18:00:00+00:00,1794247200.0,connecting_ridge_cr1,315.85,1.92,0.42,141.01,-7.22,0.0,True,False,False,Sun Only
2026-11-09 19:00:00+00:00,1794250800.0,connecting_ridge_cr1,315.34,1.92,0.17,140.98,-7.22,0.0,True,False,False,Sun Only
2026-11-09 20:00:00+00:00,1794254400.0,connecting_ridge_cr1,314.83,1.92,0.0,140.95,-7.22,0.0,True,False,False,Sun Only
2026-11-09 21:00:00+00:00,1794258000.0,connecting_ridge_cr1,314.32,1.92,0.0,140.91,-7.22,0.0,True,False,False,Sun Only
2026-11-09 22:00:00+00:00,1794261600.0,connecting_ridge_cr1,313.81,1.91,0.0,140.88,-7.22,0.0,True,False,False,Sun Only
2026-11-09 23:00:00+00:00,1794265200.0,connecting_ridge_cr1,313.3,1.91,0.0,140.84,-7.22,0.0,True,False,False,Sun Only
2026-11-10 00:00:00+00:00,1794268800.0,connecting_ridge_cr1,312.79,1.91,0.0,140.8,-7.23,0.0,True,False,False,Sun Only
2026-11-10 01:00:00+00:00,1794272400.0,connecting_ridge_cr1,312.29,1.9,0.0,140.77,-7.22,0.0,True,False,False,Sun Only
2026-11-10 02:00:00+00:00,1794276000.0,connecting_ridge_cr1,311.78,1.9,0.0,140.73,-7.22,0.0,True,False,False,Sun Only
2026-11-10 03:00:00+00:00,1794279600.0,connecting_ridge_cr1,311.27,1.9,0.0,140.69,-7.22,0.0,True,False,False,Sun Only
2026-11-10 04:00:00+00:00,1794283200.0,connecting_ridge_cr1,310.76,1.89,0.0,140.66,-7.22,0.0,True,False,False,Sun Only
2026-11-10 05:00:00+00:00,1794286800.0,connecting_ridge_cr1,310.25,1.89,0.0,140.62,-7.22,0.0,True,False,False,Sun Only
2026-11-10 06:00:00+00:00,1794290400.0,connecting_ridge_cr1,309.74,1.89,0.0,140.58,-7.22,0.0,True,False,False,Sun Only
2026-11-10 07:00:00+00:00,1794294000.0,connecting_ridge_cr1,309.23,1.88,0.0,140.54,-7.21,0.0,True,False,False,Sun Only
2026-11-10 08:00:00+00:00,1794297600.0,connecting_ridge_cr1,308.73,1.88,0.0,140.51,-7.21,0.0,True,False,False,Sun Only
2026-11-10 09:00:00+00:00,1794301200.0,connecting_ridge_cr1,308.22,1.88,0.0,140.47,-7.21,0.0,True,False,False,Sun Only
2026-11-10 10:00:00+00:00,1794304800.0,connecting_ridge_cr1,307.71,1.87,0.0,140.43,-7.2,0.0,True,False,False,Sun Only
2026-11-10 11:00:00+00:00,1794308400.0,connecting_ridge_cr1,307.2,1.87,0.0,140.39,-7.19,0.0,True,False,False,Sun Only
2026-11-10 12:00:00+00:00,1794312000.0,connecting_ridge_cr1,306.69,1.86,0.0,140.35,-7.19,0.0,True,False,False,Sun Only
2026-11-10 13:00:00+00:00,1794315600.0,connecting_ridge_cr1,306.18,1.86,0.0,140.31,-7.18,0.0,True,False,False,Sun Only
2026-11-10 14:00:00+00:00,1794319200.0,connecting_ridge_cr1,305.68,1.86,0.0,140.27,-7.17,0.0,True,False,False,Sun Only
2026-11-10 15:00:00+00:00,1794322800.0,connecting_ridge_cr1,305.17,1.85,0.0,140.23,-7.17,0.0,True,False,False,Sun Only
2026-11-10 16:00:00+00:00,1794326400.0,connecting_ridge_cr1,304.66,1.85,0.0,140.19,-7.16,0.0,True,False,False,Sun Only
2026-11-10 17:00:00+00:00,1794330000.0,connecting_ridge_cr1,304.15,1.85,0.0,140.15,-7.15,0.0,True,False,False,Sun Only
2026-11-10 18:00:00+00:00,1794333600.0,connecting_ridge_cr1,303.64,1.84,0.0,140.11,-7.14,0.0,True,False,False,Sun Only
2026-11-10 19:00:00+00:00,1794337200.0,connecting_ridge_cr1,303.13,1.84,0.0,140.07,-7.13,0.0,True,False,False,Sun Only
2026-11-10 20:00:00+00:00,1794340800.0,connecting_ridge_cr1,302.62,1.84,0.0,140.02,-7.12,0.0,True,False,False,Sun Only
2026-11-10 21:00:00+00:00,1794344400.0,connecting_ridge_cr1,302.12,1.83,0.0,139.98,-7.11,0.0,True,False,False,Sun Only
2026-11-10 22:00:00+00:00,1794348000.0,connecting_ridge_cr1,301.61,1.83,0.0,139.94,-7.1,0.0,True,False,False,Sun Only
2026-11-10 23:00:00+00:00,1794351600.0,connecting_ridge_cr1,301.1,1.82,0.0,139.9,-7.09,0.0,True,False,False,Sun Only
2026-11-11 00:00:00+00:00,1794355200.0,connecting_ridge_cr1,300.59,1.82,0.0,139.85,-7.08,0.0,True,False,False,Sun Only
2026-11-11 01:00:00+00:00,1794358800.0,connecting_ridge_cr1,300.08,1.82,0.0,139.81,-7.07,0.0,True,False,False,Sun Only
2026-11-11 02:00:00+00:00,1794362400.0,connecting_ridge_cr1,299.57,1.81,0.0,139.77,-7.05,0.0,True,False,False,Sun Only
2026-11-11 03:00:00+00:00,1794366000.0,connecting_ridge_cr1,299.06,1.81,0.0,139.72,-7.04,0.0,True,False,False,Sun Only
2026-11-11 04:00:00+00:00,1794369600.0,connecting_ridge_cr1,298.56,1.8,0.0,139.68,-7.02,0.0,True,False,False,Sun Only
2026-11-11 05:00:00+00:00,1794373200.0,connecting_ridge_cr1,298.05,1.8,0.0,139.63,-7.01,0.0,True,False,False,Sun Only
2026-11-11 06:00:00+00:00,1794376800.0,connecting_ridge_cr1,297.54,1.8,0.0,139.59,-6.99,0.0,True,False,False,Sun Only
2026-11-11 07:00:00+00:00,1794380400.0,connecting_ridge_cr1,297.03,1.79,0.0,139.54,-6.98,0.0,True,False,False,Sun Only
2026-11-11 08:00:00+00:00,1794384000.0,connecting_ridge_cr1,296.52,1.79,0.0,139.5,-6.96,0.0,True,False,False,Sun Only
2026-11-11 09:00:00+00:00,1794387600.0,connecting_ridge_cr1,296.01,1.78,0.0,139.46,-6.95,0.0,True,False,False,Sun Only
2026-11-11 10:00:00+00:00,1794391200.0,connecting_ridge_cr1,295.51,1.78,0.0,139.41,-6.93,0.0,True,False,False,Sun Only
2026-11-11 11:00:00+00:00,1794394800.0,connecting_ridge_cr1,295.0,1.78,0.0,139.36,-6.91,0.0,True,False,False,Sun Only
2026-11-11 12:00:00+00:00,1794398400.0,connecting_ridge_cr1,294.49,1.77,0.0,139.32,-6.89,0.0,True,False,False,Sun Only
2026-11-11 13:00:00+00:00,1794402000.0,connecting_ridge_cr1,293.98,1.77,0.0,139.27,-6.88,0.0,True,False,False,Sun Only
2026-11-11 14:00:00+00:00,1794405600.0,connecting_ridge_cr1,293.47,1.76,0.0,139.22,-6.86,0.0,True,False,False,Sun Only
2026-11-11 15:00:00+00:00,1794409200.0,connecting_ridge_cr1,292.96,1.76,0.0,139.18,-6.84,0.0,True,False,False,Sun Only
2026-11-11 16:00:00+00:00,1794412800.0,connecting_ridge_cr1,292.46,1.76,0.0,139.13,-6.82,0.0,True,False,False,Sun Only
2026-11-11 17:00:00+00:00,1794416400.0,connecting_ridge_cr1,291.95,1.75,0.0,139.08,-6.8,0.0,True,False,False,Sun Only
2026-11-11 18:00:00+00:00,1794420000.0,connecting_ridge_cr1,291.44,1.75,0.0,139.03,-6.78,0.0,True,False,False,Sun Only
2026-11-11 19:00:00+00:00,1794423600.0,connecting_ridge_cr1,290.93,1.74,0.0,138.99,-6.76,0.0,True,False,False,Sun Only
2026-11-11 20:00:00+00:00,1794427200.0,connecting_ridge_cr1,290.42,1.74,0.0,138.94,-6.73,0.0,True,False,False,Sun Only
2026-11-11 21:00:00+00:00,1794430800.0,connecting_ridge_cr1,289.92,1.73,0.0,138.89,-6.71,0.0,True,False,False,Sun Only
2026-11-11 22:00:00+00:00,1794434400.0,connecting_ridge_cr1,289.41,1.73,0.0,138.84,-6.69,0.0,True,False,False,Sun Only
2026-11-11 23:00:00+00:00,1794438000.0,connecting_ridge_cr1,288.9,1.73,0.0,138.79,-6.67,0.0,True,False,False,Sun Only
2026-11-12 00:00:00+00:00,1794441600.0,connecting_ridge_cr1,288.39,1.72,0.0,138.74,-6.64,0.0,True,False,False,Sun Only
2026-11-12 01:00:00+00:00,1794445200.0,connecting_ridge_cr1,287.88,1.72,0.0,138.69,-6.62,0.0,True,False,False,Sun Only
2026-11-12 02:00:00+00:00,1794448800.0,connecting_ridge_cr1,287.37,1.71,0.0,138.64,-6.59,0.0,True,False,False,Sun Only
2026-11-12 03:00:00+00:00,1794452400.0,connecting_ridge_cr1,286.87,1.71,0.0,138.59,-6.57,0.0,True,False,False,Sun Only
2026-11-12 04:00:00+00:00,1794456000.0,connecting_ridge_cr1,286.36,1.7,0.0,138.54,-6.54,0.0,True,False,False,Sun Only
2026-11-12 05:00:00+00:00,1794459600.0,connecting_ridge_cr1,285.85,1.7,0.0,138.49,-6.52,0.0,True,False,False,Sun Only
2026-11-12 06:00:00+00:00,1794463200.0,connecting_ridge_cr1,285.34,1.7,0.0,138.44,-6.49,0.0,True,False,False,Sun Only
2026-11-12 07:00:00+00:00,1794466800.0,connecting_ridge_cr1,284.83,1.69,0.0,138.39,-6.47,0.0,True,False,False,Sun Only
2026-11-12 08:00:00+00:00,1794470400.0,connecting_ridge_cr1,284.32,1.69,0.0,138.34,-6.44,0.0,True,False,False,Sun Only
2026-11-12 09:00:00+00:00,1794474000.0,connecting_ridge_cr1,283.82,1.68,0.0,138.29,-6.41,0.0,True,False,False,Sun Only
2026-11-12 10:00:00+00:00,1794477600.0,connecting_ridge_cr1,283.31,1.68,0.0,138.24,-6.38,0.0,True,False,False,Sun Only
2026-11-12 11:00:00+00:00,1794481200.0,connecting_ridge_cr1,282.8,1.67,0.0,138.18,-6.36,0.0,True,False,False,Sun Only
2026-11-12 12:00:00+00:00,1794484800.0,connecting_ridge_cr1,282.29,1.67,0.0,138.13,-6.33,0.0,True,False,False,Sun Only
2026-11-12 13:00:00+00:00,1794488400.0,connecting_ridge_cr1,281.78,1.66,0.0,138.08,-6.3,0.0,True,False,False,Sun Only
2026-11-12 14:00:00+00:00,1794492000.0,connecting_ridge_cr1,281.27,1.66,0.0,138.03,-6.27,0.0,True,False,False,Sun Only
2026-11-12 15:00:00+00:00,1794495600.0,connecting_ridge_cr1,280.77,1.65,0.0,137.97,-6.24,0.0,True,False,False,Sun Only
2026-11-12 16:00:00+00:00,1794499200.0,connecting_ridge_cr1,280.26,1.65,0.0,137.92,-6.21,0.0,True,False,False,Sun Only
2026-11-12 17:00:00+00:00,1794502800.0,connecting_ridge_cr1,279.75,1.65,0.0,137.87,-6.18,0.0,True,False,False,Sun Only
2026-11-12 18:00:00+00:00,1794506400.0,connecting_ridge_cr1,279.24,1.64,0.0,137.81,-6.14,0.0,True,False,False,Sun Only
2026-11-12 19:00:00+00:00,1794510000.0,connecting_ridge_cr1,278.74,1.64,0.0,137.76,-6.11,0.0,True,False,False,Sun Only
2026-11-12 20:00:00+00:00,1794513600.0,connecting_ridge_cr1,278.23,1.63,0.0,137.71,-6.08,0.0,True,False,False,Sun Only
2026-11-12 21:00:00+00:00,1794517200.0,connecting_ridge_cr1,277.72,1.63,0.0,137.65,-6.05,0.0,True,False,False,Sun Only
2026-11-12 22:00:00+00:00,1794520800.0,connecting_ridge_cr1,277.21,1.62,0.0,137.6,-6.02,0.0,True,False,False,Sun Only
2026-11-12 23:00:00+00:00,1794524400.0,connecting_ridge_cr1,276.7,1.62,0.0,137.54,-5.98,0.0,True,False,False,Sun Only
2026-11-13 00:00:00+00:00,1794528000.0,connecting_ridge_cr1,276.19,1.61,0.0,137.49,-5.95,0.0,True,False,False,Sun Only
2026-11-13 01:00:00+00:00,1794531600.0,connecting_ridge_cr1,275.69,1.61,0.0,137.44,-5.92,0.0,True,False,False,Sun Only
2026-11-13 02:00:00+00:00,1794535200.0,connecting_ridge_cr1,275.18,1.6,0.0,137.38,-5.88,0.0,True,False,False,Sun Only
2026-11-13 03:00:00+00:00,1794538800.0,connecting_ridge_cr1,274.67,1.6,0.0,137.33,-5.85,0.0,True,False,False,Sun Only
2026-11-13 04:00:00+00:00,1794542400.0,connecting_ridge_cr1,274.16,1.59,0.0,137.27,-5.81,0.0,True,False,False,Sun Only
2026-11-13 05:00:00+00:00,1794546000.0,connecting_ridge_cr1,273.65,1.59,0.0,137.22,-5.78,0.0,True,False,False,Sun Only
2026-11-13 06:00:00+00:00,1794549600.0,connecting_ridge_cr1,273.15,1.58,0.0,137.16,-5.74,0.0,True,False,False,Sun Only
2026-11-13 07:00:00+00:00,1794553200.0,connecting_ridge_cr1,272.64,1.58,0.0,137.11,-5.7,0.0,True,False,False,Sun Only
2026-11-13 08:00:00+00:00,1794556800.0,connecting_ridge_cr1,272.13,1.58,0.0,137.05,-5.67,0.0,True,False,False,Sun Only
2026-11-13 09:00:00+00:00,1794560400.0,connecting_ridge_cr1,271.62,1.57,0.0,136.99,-5.63,0.0,True,False,False,Sun Only
2026-11-13 10:00:00+00:00,1794564000.0,connecting_ridge_cr1,271.11,1.57,0.0,136.94,-5.59,0.0,True,False,False,Sun Only
2026-11-13 11:00:00+00:00,1794567600.0,connecting_ridge_cr1,270.61,1.56,0.0,136.88,-5.55,0.0,True,False,False,Sun Only
2026-11-13 12:00:00+00:00,1794571200.0,connecting_ridge_cr1,270.1,1.56,0.0,136.83,-5.52,0.0,True,False,False,Sun Only
2026-11-13 13:00:00+00:00,1794574800.0,connecting_ridge_cr1,269.59,1.55,0.0,136.77,-5.48,0.0,True,False,False,Sun Only
2026-11-13 14:00:00+00:00,1794578400.0,connecting_ridge_cr1,269.08,1.55,0.0,136.71,-5.44,0.0,True,False,False,Sun Only
2026-11-13 15:00:00+00:00,1794582000.0,connecting_ridge_cr1,268.57,1.54,0.0,136.66,-5.4,0.0,True,False,False,Sun Only
2026-11-13 16:00:00+00:00,1794585600.0,connecting_ridge_cr1,268.07,1.54,0.0,136.6,-5.36,0.0,True,False,False,Sun Only
2026-11-13 17:00:00+00:00,1794589200.0,connecting_ridge_cr1,267.56,1.53,0.0,136.54,-5.32,0.0,True,False,False,Sun Only
2026-11-13 18:00:00+00:00,1794592800.0,connecting_ridge_cr1,267.05,1.53,0.0,136.49,-5.28,0.0,True,False,False,Sun Only
2026-11-13 19:00:00+00:00,1794596400.0,connecting_ridge_cr1,266.54,1.52,0.0,136.43,-5.24,0.0,True,False,False,Sun Only
2026-11-13 20:00:00+00:00,1794600000.0,connecting_ridge_cr1,266.04,1.52,0.0,136.37,-5.2,0.0,True,False,False,Sun Only
2026-11-13 21:00:00+00:00,1794603600.0,connecting_ridge_cr1,265.53,1.51,0.0,136.31,-5.16,0.0,True,False,False,Sun Only
2026-11-13 22:00:00+00:00,1794607200.0,connecting_ridge_cr1,265.02,1.51,0.0,136.26,-5.12,0.0,True,False,False,Sun Only
2026-11-13 23:00:00+00:00,1794610800.0,connecting_ridge_cr1,264.51,1.51,0.0,136.2,-5.07,0.0,True,False,False,Sun Only
2026-11-14 00:00:00+00:00,1794614400.0,connecting_ridge_cr1,264.0,1.5,0.0,136.14,-5.03,0.0,True,False,False,Sun Only
2026-11-14 01:00:00+00:00,1794618000.0,connecting_ridge_cr1,263.5,1.5,0.0,136.09,-4.99,0.0,True,False,False,Sun Only
2026-11-14 02:00:00+00:00,1794621600.0,connecting_ridge_cr1,262.99,1.49,0.0,136.03,-4.95,0.0,True,False,False,Sun Only
2026-11-14 03:00:00+00:00,1794625200.0,connecting_ridge_cr1,262.48,1.49,0.0,135.97,-4.9,0.0,True,False,False,Sun Only
2026-11-14 04:00:00+00:00,1794628800.0,connecting_ridge_cr1,261.97,1.48,0.0,135.91,-4.86,0.0,True,False,False,Sun Only
2026-11-14 05:00:00+00:00,1794632400.0,connecting_ridge_cr1,261.46,1.48,0.0,135.86,-4.82,0.0,True,False,False,Sun Only
2026-11-14 06:00:00+00:00,1794636000.0,connecting_ridge_cr1,260.96,1.47,0.0,135.8,-4.77,0.0,True,False,False,Sun Only
2026-11-14 07:00:00+00:00,1794639600.0,connecting_ridge_cr1,260.45,1.47,0.0,135.74,-4.73,0.0,True,False,False,Sun Only
2026-11-14 08:00:00+00:00,1794643200.0,connecting_ridge_cr1,259.94,1.46,0.0,135.68,-4.68,0.0,True,False,False,Sun Only
2026-11-14 09:00:00+00:00,1794646800.0,connecting_ridge_cr1,259.43,1.46,0.0,135.62,-4.64,0.0,True,False,False,Sun Only
2026-11-14 10:00:00+00:00,1794650400.0,connecting_ridge_cr1,258.93,1.45,0.0,135.57,-4.59,0.0,True,False,False,Sun Only
2026-11-14 11:00:00+00:00,1794654000.0,connecting_ridge_cr1,258.42,1.45,0.0,135.51,-4.55,0.0,True,False,False,Sun Only
2026-11-14 12:00:00+00:00,1794657600.0,connecting_ridge_cr1,257.91,1.45,0.0,135.45,-4.5,0.0,True,False,False,Sun Only
2026-11-14 13:00:00+00:00,1794661200.0,connecting_ridge_cr1,257.4,1.44,0.0,135.39,-4.46,0.0,True,False,False,Sun Only
2026-11-14 14:00:00+00:00,1794664800.0,connecting_ridge_cr1,256.89,1.44,0.0,135.34,-4.41,0.0,True,False,False,Sun Only
2026-11-14 15:00:00+00:00,1794668400.0,connecting_ridge_cr1,256.39,1.43,0.0,135.28,-4.36,0.0,True,False,False,Sun Only
2026-11-14 16:00:00+00:00,1794672000.0,connecting_ridge_cr1,255.88,1.43,0.0,135.22,-4.31,0.0,True,False,False,Sun Only
2026-11-14 17:00:00+00:00,1794675600.0,connecting_ridge_cr1,255.37,1.42,0.0,135.16,-4.27,0.0,True,False,False,Sun Only
2026-11-14 18:00:00+00:00,1794679200.0,connecting_ridge_cr1,254.86,1.42,0.0,135.1,-4.22,0.0,True,False,False,Sun Only
2026-11-14 19:00:00+00:00,1794682800.0,connecting_ridge_cr1,254.36,1.41,0.0,135.04,-4.17,0.0,True,False,False,Sun Only
2026-11-14 20:00:00+00:00,1794686400.0,connecting_ridge_cr1,253.85,1.41,0.0,134.99,-4.12,0.0,True,False,False,Sun Only
2026-11-14 21:00:00+00:00,1794690000.0,connecting_ridge_cr1,253.34,1.4,0.0,134.93,-4.08,0.0,True,False,False,Sun Only
2026-11-14 22:00:00+00:00,1794693600.0,connecting_ridge_cr1,252.83,1.4,0.0,134.87,-4.03,0.0,True,False,False,Sun Only
2026-11-14 23:00:00+00:00,1794697200.0,connecting_ridge_cr1,252.33,1.4,0.0,134.81,-3.98,0.0,True,False,False,Sun Only
2026-11-15 00:00:00+00:00,1794700800.0,connecting_ridge_cr1,251.82,1.39,0.0,134.76,-3.93,0.0,True,False,False,Sun Only
2026-11-15 01:00:00+00:00,1794704400.0,connecting_ridge_cr1,251.31,1.39,0.0,134.7,-3.88,0.0,True,False,False,Sun Only
2026-11-15 02:00:00+00:00,1794708000.0,connecting_ridge_cr1,250.8,1.38,0.0,134.64,-3.83,0.0,True,False,False,Sun Only
2026-11-15 03:00:00+00:00,1794711600.0,connecting_ridge_cr1,250.3,1.38,0.0,134.58,-3.78,0.0,True,False,False,Sun Only
2026-11-15 04:00:00+00:00,1794715200.0,connecting_ridge_cr1,249.79,1.37,0.0,134.53,-3.73,0.0,True,False,False,Sun Only
2026-11-15 05:00:00+00:00,1794718800.0,connecting_ridge_cr1,249.28,1.37,0.0,134.47,-3.68,0.0,True,False,False,Sun Only
2026-11-15 06:00:00+00:00,1794722400.0,connecting_ridge_cr1,248.77,1.36,0.0,134.41,-3.63,0.0,True,False,False,Sun Only
2026-11-15 07:00:00+00:00,1794726000.0,connecting_ridge_cr1,248.27,1.36,0.0,134.36,-3.58,0.0,True,False,False,Sun Only
2026-11-15 08:00:00+00:00,1794729600.0,connecting_ridge_cr1,247.76,1.35,0.0,134.3,-3.52,0.0,True,False,False,Sun Only
2026-11-15 09:00:00+00:00,1794733200.0,connecting_ridge_cr1,247.25,1.35,0.0,134.24,-3.47,0.0,True,False,False,Sun Only
2026-11-15 10:00:00+00:00,1794736800.0,connecting_ridge_cr1,246.74,1.35,0.0,134.19,-3.42,0.0,True,False,False,Sun Only
2026-11-15 11:00:00+00:00,1794740400.0,connecting_ridge_cr1,246.24,1.34,0.0,134.13,-3.37,0.0,True,False,False,Sun Only
2026-11-15 12:00:00+00:00,1794744000.0,connecting_ridge_cr1,245.73,1.34,0.0,134.07,-3.32,0.0,True,False,False,Sun Only
2026-11-15 13:00:00+00:00,1794747600.0,connecting_ridge_cr1,245.22,1.33,0.0,134.02,-3.27,0.0,True,False,False,Sun Only
2026-11-15 14:00:00+00:00,1794751200.0,connecting_ridge_cr1,244.71,1.33,0.0,133.96,-3.21,0.0,True,False,False,Sun Only
2026-11-15 15:00:00+00:00,1794754800.0,connecting_ridge_cr1,244.21,1.32,0.0,133.9,-3.16,0.0,True,False,False,Sun Only
2026-11-15 16:00:00+00:00,1794758400.0,connecting_ridge_cr1,243.7,1.32,0.0,133.85,-3.11,0.0,True,False,False,Sun Only
2026-11-15 17:00:00+00:00,1794762000.0,connecting_ridge_cr1,243.19,1.32,0.0,133.79,-3.05,0.0,True,False,False,Sun Only
2026-11-15 18:00:00+00:00,1794765600.0,connecting_ridge_cr1,242.68,1.31,0.0,133.74,-3.0,0.0,True,False,False,Sun Only
2026-11-15 19:00:00+00:00,1794769200.0,connecting_ridge_cr1,242.18,1.31,0.0,133.68,-2.95,0.0,True,False,False,Sun Only
2026-11-15 20:00:00+00:00,1794772800.0,connecting_ridge_cr1,241.67,1.3,0.0,133.62,-2.89,0.0,True,False,False,Sun Only
2026-11-15 21:00:00+00:00,1794776400.0,connecting_ridge_cr1,241.16,1.3,0.0,133.57,-2.84,0.0,True,False,False,Sun Only
2026-11-15 22:00:00+00:00,1794780000.0,connecting_ridge_cr1,240.65,1.29,0.0,133.52,-2.79,0.0,True,False,False,Sun Only
2026-11-15 23:00:00+00:00,1794783600.0,connecting_ridge_cr1,240.15,1.29,0.0,133.46,-2.73,0.0,True,False,False,Sun Only
2026-11-16 00:00:00+00:00,1794787200.0,connecting_ridge_cr1,239.64,1.29,0.0,133.41,-2.68,0.0,True,False,False,Sun Only
2026-11-16 01:00:00+00:00,1794790800.0,connecting_ridge_cr1,239.13,1.28,0.0,133.35,-2.62,0.0,True,False,False,Sun Only
2026-11-16 02:00:00+00:00,1794794400.0,connecting_ridge_cr1,238.62,1.28,0.0,133.3,-2.57,0.0,True,False,False,Sun Only
2026-11-16 03:00:00+00:00,1794798000.0,connecting_ridge_cr1,238.12,1.27,0.0,133.24,-2.51,0.0,True,False,False,Sun Only
2026-11-16 04:00:00+00:00,1794801600.0,connecting_ridge_cr1,237.61,1.27,0.0,133.19,-2.46,0.0,True,False,False,Sun Only
2026-11-16 05:00:00+00:00,1794805200.0,connecting_ridge_cr1,237.1,1.27,0.0,133.14,-2.4,0.0,True,False,False,Sun Only
2026-11-16 06:00:00+00:00,1794808800.0,connecting_ridge_cr1,236.6,1.26,0.0,133.08,-2.35,0.0,True,False,False,Sun Only
2026-11-16 07:00:00+00:00,1794812400.0,connecting_ridge_cr1,236.09,1.26,0.0,133.03,-2.29,0.0,True,False,False,Sun Only
2026-11-16 08:00:00+00:00,1794816000.0,connecting_ridge_cr1,235.58,1.25,0.0,132.98,-2.23,0.0,True,False,False,Sun Only
2026-11-16 09:00:00+00:00,1794819600.0,connecting_ridge_cr1,235.07,1.25,0.0,132.93,-2.18,0.0,True,False,False,Sun Only
2026-11-16 10:00:00+00:00,1794823200.0,connecting_ridge_cr1,234.57,1.25,0.1,132.88,-2.12,0.0,True,False,False,Sun Only
2026-11-16 11:00:00+00:00,1794826800.0,connecting_ridge_cr1,234.06,1.24,0.23,132.82,-2.07,0.0,True,False,False,Sun Only
2026-11-16 12:00:00+00:00,1794830400.0,connecting_ridge_cr1,233.55,1.24,0.35,132.77,-2.01,0.0,True,False,False,Sun Only
2026-11-16 13:00:00+00:00,1794834000.0,connecting_ridge_cr1,233.05,1.23,0.47,132.72,-1.95,0.0,True,False,False,Sun Only
2026-11-16 14:00:00+00:00,1794837600.0,connecting_ridge_cr1,232.54,1.23,0.59,132.67,-1.9,0.0,True,False,False,Sun Only
2026-11-16 15:00:00+00:00,1794841200.0,connecting_ridge_cr1,232.03,1.23,0.71,132.62,-1.84,0.0,True,False,False,Sun Only
2026-11-16 16:00:00+00:00,1794844800.0,connecting_ridge_cr1,231.52,1.22,0.83,132.57,-1.78,0.0,True,False,False,Sun Only
2026-11-16 17:00:00+00:00,1794848400.0,connecting_ridge_cr1,231.02,1.22,0.96,132.52,-1.73,0.0,True,False,False,Sun Only
2026-11-16 18:00:00+00:00,1794852000.0,connecting_ridge_cr1,230.51,1.22,1.08,132.47,-1.67,0.0,True,False,False,Sun Only
2026-11-16 19:00:00+00:00,1794855600.0,connecting_ridge_cr1,230.0,1.21,1.2,132.42,-1.61,0.0,True,False,False,Sun Only
2026-11-16 20:00:00+00:00,1794859200.0,connecting_ridge_cr1,229.5,1.21,1.2,132.37,-1.55,0.0,True,False,False,Sun Only
2026-11-16 21:00:00+00:00,1794862800.0,connecting_ridge_cr1,228.99,1.2,1.2,132.32,-1.5,0.0,True,False,False,Sun Only
2026-11-16 22:00:00+00:00,1794866400.0,connecting_ridge_cr1,228.48,1.2,1.2,132.27,-1.44,0.0,True,False,False,Sun Only
2026-11-16 23:00:00+00:00,1794870000.0,connecting_ridge_cr1,227.97,1.2,1.2,132.23,-1.38,0.0,False,False,False,Blackout
2026-11-17 00:00:00+00:00,1794873600.0,connecting_ridge_cr1,227.47,1.19,1.2,132.18,-1.32,0.0,False,False,False,Blackout
2026-11-17 01:00:00+00:00,1794877200.0,connecting_ridge_cr1,226.96,1.19,1.2,132.13,-1.27,0.0,False,False,False,Blackout
2026-11-17 02:00:00+00:00,1794880800.0,connecting_ridge_cr1,226.45,1.19,1.2,132.09,-1.21,0.0,False,False,False,Blackout
2026-11-17 03:00:00+00:00,1794884400.0,connecting_ridge_cr1,225.95,1.18,1.2,132.04,-1.15,0.0,False,False,False,Blackout
2026-11-17 04:00:00+00:00,1794888000.0,connecting_ridge_cr1,225.44,1.18,1.2,131.99,-1.09,0.0,False,False,False,Blackout
2026-11-17 05:00:00+00:00,1794891600.0,connecting_ridge_cr1,224.93,1.18,1.19,131.95,-1.03,0.0,False,False,False,Blackout
2026-11-17 06:00:00+00:00,1794895200.0,connecting_ridge_cr1,224.43,1.17,1.13,131.9,-0.97,0.0,True,False,False,Sun Only
2026-11-17 07:00:00+00:00,1794898800.0,connecting_ridge_cr1,223.92,1.17,1.07,131.86,-0.92,0.0,True,False,False,Sun Only
2026-11-17 08:00:00+00:00,1794902400.0,connecting_ridge_cr1,223.41,1.17,1.01,131.81,-0.86,0.0,True,False,False,Sun Only
2026-11-17 09:00:00+00:00,1794906000.0,connecting_ridge_cr1,222.91,1.16,0.95,131.77,-0.8,0.0,True,False,False,Sun Only
2026-11-17 10:00:00+00:00,1794909600.0,connecting_ridge_cr1,222.4,1.16,0.89,131.73,-0.74,0.0,True,False,False,Sun Only
2026-11-17 11:00:00+00:00,1794913200.0,connecting_ridge_cr1,221.89,1.16,0.83,131.68,-0.68,0.0,True,False,False,Sun Only
2026-11-17 12:00:00+00:00,1794916800.0,connecting_ridge_cr1,221.38,1.15,0.77,131.64,-0.62,0.0,True,False,False,Sun Only
2026-11-17 13:00:00+00:00,1794920400.0,connecting_ridge_cr1,220.88,1.15,0.71,131.6,-0.56,0.0,True,False,False,Sun Only
2026-11-17 14:00:00+00:00,1794924000.0,connecting_ridge_cr1,220.37,1.15,0.64,131.56,-0.51,0.0,True,False,False,Sun Only
2026-11-17 15:00:00+00:00,1794927600.0,connecting_ridge_cr1,219.86,1.14,0.6,131.52,-0.45,0.0,True,False,False,Sun Only
2026-11-17 16:00:00+00:00,1794931200.0,connecting_ridge_cr1,219.36,1.14,0.6,131.48,-0.39,0.0,True,False,False,Sun Only
2026-11-17 17:00:00+00:00,1794934800.0,connecting_ridge_cr1,218.85,1.14,0.6,131.44,-0.33,0.0,True,False,False,Sun Only
2026-11-17 18:00:00+00:00,1794938400.0,connecting_ridge_cr1,218.34,1.13,0.6,131.4,-0.27,0.0,True,False,False,Sun Only
2026-11-17 19:00:00+00:00,1794942000.0,connecting_ridge_cr1,217.84,1.13,0.6,131.36,-0.21,0.0,True,False,False,Sun Only
2026-11-17 20:00:00+00:00,1794945600.0,connecting_ridge_cr1,217.33,1.13,0.6,131.32,-0.15,0.0,True,False,False,Sun Only
2026-11-17 21:00:00+00:00,1794949200.0,connecting_ridge_cr1,216.82,1.12,0.6,131.28,-0.09,0.0,True,False,False,Sun Only
2026-11-17 22:00:00+00:00,1794952800.0,connecting_ridge_cr1,216.32,1.12,0.6,131.24,-0.04,0.0,True,False,False,Sun Only
2026-11-17 23:00:00+00:00,1794956400.0,connecting_ridge_cr1,215.81,1.12,0.6,131.21,0.02,0.0,True,True,True,Dual Operational
2026-11-18 00:00:00+00:00,1794960000.0,connecting_ridge_cr1,215.3,1.12,0.6,131.17,0.08,0.0,True,True,True,Dual Operational
2026-11-18 01:00:00+00:00,1794963600.0,connecting_ridge_cr1,214.8,1.11,0.6,131.13,0.14,0.0,True,True,True,Dual Operational
2026-11-18 02:00:00+00:00,1794967200.0,connecting_ridge_cr1,214.29,1.11,0.6,131.1,0.2,0.0,True,True,True,Dual Operational
2026-11-18 03:00:00+00:00,1794970800.0,connecting_ridge_cr1,213.78,1.11,0.6,131.06,0.26,0.0,True,True,True,Dual Operational
2026-11-18 04:00:00+00:00,1794974400.0,connecting_ridge_cr1,213.28,1.11,0.6,131.03,0.32,0.0,True,True,True,Dual Operational
2026-11-18 05:00:00+00:00,1794978000.0,connecting_ridge_cr1,212.77,1.1,0.6,131.0,0.38,0.0,True,True,True,Dual Operational
2026-11-18 06:00:00+00:00,1794981600.0,connecting_ridge_cr1,212.26,1.1,0.6,130.96,0.44,0.0,True,True,True,Dual Operational
2026-11-18 07:00:00+00:00,1794985200.0,connecting_ridge_cr1,211.76,1.1,0.6,130.93,0.5,0.0,True,True,True,Dual Operational
2026-11-18 08:00:00+00:00,1794988800.0,connecting_ridge_cr1,211.25,1.09,0.6,130.9,0.56,0.0,True,True,True,Dual Operational
2026-11-18 09:00:00+00:00,1794992400.0,connecting_ridge_cr1,210.74,1.09,0.6,130.87,0.61,0.0,True,True,True,Dual Operational
2026-11-18 10:00:00+00:00,1794996000.0,connecting_ridge_cr1,210.24,1.09,0.6,130.84,0.67,0.0,True,True,True,Dual Operational
2026-11-18 11:00:00+00:00,1794999600.0,connecting_ridge_cr1,209.73,1.09,0.6,130.81,0.73,0.0,True,True,True,Dual Operational
2026-11-18 12:00:00+00:00,1795003200.0,connecting_ridge_cr1,209.22,1.08,0.6,130.78,0.79,0.0,True,True,True,Dual Operational
2026-11-18 13:00:00+00:00,1795006800.0,connecting_ridge_cr1,208.72,1.08,0.6,130.75,0.85,0.0,True,True,True,Dual Operational
2026-11-18 14:00:00+00:00,1795010400.0,connecting_ridge_cr1,208.21,1.08,0.6,130.72,0.91,0.0,True,True,True,Dual Operational
2026-11-18 15:00:00+00:00,1795014000.0,connecting_ridge_cr1,207.7,1.08,0.6,130.69,0.97,0.0,True,True,True,Dual Operational
2026-11-18 16:00:00+00:00,1795017600.0,connecting_ridge_cr1,207.2,1.08,0.6,130.66,1.02,0.0,True,True,True,Dual Operational
2026-11-18 17:00:00+00:00,1795021200.0,connecting_ridge_cr1,206.69,1.07,0.6,130.64,1.08,0.0,True,True,True,Dual Operational
2026-11-18 18:00:00+00:00,1795024800.0,connecting_ridge_cr1,206.18,1.07,0.6,130.61,1.14,0.0,True,True,True,Dual Operational
2026-11-18 19:00:00+00:00,1795028400.0,connecting_ridge_cr1,205.68,1.07,0.6,130.59,1.2,0.0,True,True,True,Dual Operational
2026-11-18 20:00:00+00:00,1795032000.0,connecting_ridge_cr1,205.17,1.07,0.6,130.56,1.26,0.0,True,True,True,Dual Operational
2026-11-18 21:00:00+00:00,1795035600.0,connecting_ridge_cr1,204.66,1.06,0.6,130.54,1.32,0.0,True,True,True,Dual Operational
2026-11-18 22:00:00+00:00,1795039200.0,connecting_ridge_cr1,204.16,1.06,0.6,130.52,1.37,0.0,True,True,True,Dual Operational
2026-11-18 23:00:00+00:00,1795042800.0,connecting_ridge_cr1,203.65,1.06,0.6,130.5,1.43,0.0,True,True,True,Dual Operational
2026-11-19 00:00:00+00:00,1795046400.0,connecting_ridge_cr1,203.15,1.06,0.6,130.48,1.49,0.0,True,True,True,Dual Operational
2026-11-19 01:00:00+00:00,1795050000.0,connecting_ridge_cr1,202.64,1.06,0.6,130.45,1.55,0.0,True,True,True,Dual Operational
2026-11-19 02:00:00+00:00,1795053600.0,connecting_ridge_cr1,202.13,1.05,0.6,130.43,1.6,0.0,True,True,True,Dual Operational
2026-11-19 03:00:00+00:00,1795057200.0,connecting_ridge_cr1,201.63,1.05,0.6,130.41,1.66,0.0,True,True,True,Dual Operational
2026-11-19 04:00:00+00:00,1795060800.0,connecting_ridge_cr1,201.12,1.05,0.6,130.4,1.72,0.0,True,True,True,Dual Operational
2026-11-19 05:00:00+00:00,1795064400.0,connecting_ridge_cr1,200.61,1.05,0.6,130.38,1.78,0.0,True,True,True,Dual Operational
2026-11-19 06:00:00+00:00,1795068000.0,connecting_ridge_cr1,200.11,1.05,0.6,130.36,1.83,0.0,True,True,True,Dual Operational
2026-11-19 07:00:00+00:00,1795071600.0,connecting_ridge_cr1,199.6,1.05,0.6,130.35,1.89,0.0,True,True,True,Dual Operational
2026-11-19 08:00:00+00:00,1795075200.0,connecting_ridge_cr1,199.09,1.04,0.61,130.33,1.95,0.0,True,True,True,Dual Operational
2026-11-19 09:00:00+00:00,1795078800.0,connecting_ridge_cr1,198.59,1.04,0.61,130.31,2.0,0.0,True,True,True,Dual Operational
2026-11-19 10:00:00+00:00,1795082400.0,connecting_ridge_cr1,198.08,1.04,0.62,130.3,2.06,0.0,True,True,True,Dual Operational
2026-11-19 11:00:00+00:00,1795086000.0,connecting_ridge_cr1,197.57,1.04,0.62,130.29,2.12,0.0,True,True,True,Dual Operational
2026-11-19 12:00:00+00:00,1795089600.0,connecting_ridge_cr1,197.07,1.04,0.63,130.27,2.17,0.0,True,True,True,Dual Operational
2026-11-19 13:00:00+00:00,1795093200.0,connecting_ridge_cr1,196.56,1.04,0.63,130.26,2.23,0.0,True,True,True,Dual Operational
2026-11-19 14:00:00+00:00,1795096800.0,connecting_ridge_cr1,196.06,1.03,0.64,130.25,2.28,0.0,True,True,True,Dual Operational
2026-11-19 15:00:00+00:00,1795100400.0,connecting_ridge_cr1,195.55,1.03,0.64,130.24,2.34,0.0,True,True,True,Dual Operational
2026-11-19 16:00:00+00:00,1795104000.0,connecting_ridge_cr1,195.04,1.03,0.65,130.23,2.39,0.0,True,True,True,Dual Operational
2026-11-19 17:00:00+00:00,1795107600.0,connecting_ridge_cr1,194.54,1.03,0.65,130.22,2.45,0.0,True,True,True,Dual Operational
2026-11-19 18:00:00+00:00,1795111200.0,connecting_ridge_cr1,194.03,1.03,0.65,130.22,2.5,0.0,True,True,True,Dual Operational
2026-11-19 19:00:00+00:00,1795114800.0,connecting_ridge_cr1,193.53,1.03,0.65,130.21,2.56,0.0,True,True,True,Dual Operational
2026-11-19 20:00:00+00:00,1795118400.0,connecting_ridge_cr1,193.02,1.03,0.65,130.2,2.61,0.0,True,True,True,Dual Operational
2026-11-19 21:00:00+00:00,1795122000.0,connecting_ridge_cr1,192.51,1.03,0.65,130.2,2.67,0.0,True,True,True,Dual Operational
2026-11-19 22:00:00+00:00,1795125600.0,connecting_ridge_cr1,192.01,1.02,0.65,130.19,2.72,0.0,True,True,True,Dual Operational
2026-11-19 23:00:00+00:00,1795129200.0,connecting_ridge_cr1,191.5,1.02,0.65,130.19,2.77,0.0,True,True,True,Dual Operational
2026-11-20 00:00:00+00:00,1795132800.0,connecting_ridge_cr1,191.0,1.02,0.65,130.19,2.83,0.0,True,True,True,Dual Operational
2026-11-20 01:00:00+00:00,1795136400.0,connecting_ridge_cr1,190.49,1.02,0.65,130.18,2.88,0.0,True,True,True,Dual Operational
2026-11-20 02:00:00+00:00,1795140000.0,connecting_ridge_cr1,189.98,1.02,0.65,130.18,2.93,0.0,True,True,True,Dual Operational
2026-11-20 03:00:00+00:00,1795143600.0,connecting_ridge_cr1,189.48,1.02,0.65,130.18,2.99,0.0,True,True,True,Dual Operational
2026-11-20 04:00:00+00:00,1795147200.0,connecting_ridge_cr1,188.97,1.02,0.65,130.18,3.04,0.0,True,True,True,Dual Operational
2026-11-20 05:00:00+00:00,1795150800.0,connecting_ridge_cr1,188.46,1.02,0.65,130.18,3.09,0.0,True,True,True,Dual Operational
2026-11-20 06:00:00+00:00,1795154400.0,connecting_ridge_cr1,187.96,1.02,0.65,130.18,3.14,0.0,True,True,True,Dual Operational
2026-11-20 07:00:00+00:00,1795158000.0,connecting_ridge_cr1,187.45,1.02,0.65,130.19,3.19,0.0,True,True,True,Dual Operational
2026-11-20 08:00:00+00:00,1795161600.0,connecting_ridge_cr1,186.95,1.01,0.65,130.19,3.25,0.0,True,True,True,Dual Operational
2026-11-20 09:00:00+00:00,1795165200.0,connecting_ridge_cr1,186.44,1.01,0.65,130.19,3.3,0.0,True,True,True,Dual Operational
2026-11-20 10:00:00+00:00,1795168800.0,connecting_ridge_cr1,185.93,1.01,0.65,130.2,3.35,0.0,True,True,True,Dual Operational
2026-11-20 11:00:00+00:00,1795172400.0,connecting_ridge_cr1,185.43,1.01,0.65,130.21,3.4,0.0,True,True,True,Dual Operational
2026-11-20 12:00:00+00:00,1795176000.0,connecting_ridge_cr1,184.92,1.01,0.65,130.21,3.45,0.0,True,True,True,Dual Operational
2026-11-20 13:00:00+00:00,1795179600.0,connecting_ridge_cr1,184.42,1.01,0.65,130.22,3.5,0.0,True,True,True,Dual Operational
2026-11-20 14:00:00+00:00,1795183200.0,connecting_ridge_cr1,183.91,1.01,0.65,130.23,3.55,0.0,True,True,True,Dual Operational
2026-11-20 15:00:00+00:00,1795186800.0,connecting_ridge_cr1,183.4,1.01,0.65,130.24,3.6,0.0,True,True,True,Dual Operational
2026-11-20 16:00:00+00:00,1795190400.0,connecting_ridge_cr1,182.9,1.01,0.65,130.25,3.65,0.0,True,True,True,Dual Operational
2026-11-20 17:00:00+00:00,1795194000.0,connecting_ridge_cr1,182.39,1.01,0.65,130.26,3.69,0.0,True,True,True,Dual Operational
2026-11-20 18:00:00+00:00,1795197600.0,connecting_ridge_cr1,181.89,1.01,0.65,130.27,3.74,0.0,True,True,True,Dual Operational
2026-11-20 19:00:00+00:00,1795201200.0,connecting_ridge_cr1,181.38,1.01,0.65,130.29,3.79,0.0,True,True,True,Dual Operational
2026-11-20 20:00:00+00:00,1795204800.0,connecting_ridge_cr1,180.87,1.01,0.65,130.3,3.84,0.0,True,True,True,Dual Operational
2026-11-20 21:00:00+00:00,1795208400.0,connecting_ridge_cr1,180.37,1.01,0.65,130.32,3.88,0.0,True,True,True,Dual Operational
2026-11-20 22:00:00+00:00,1795212000.0,connecting_ridge_cr1,179.86,1.01,0.65,130.33,3.93,0.0,True,True,True,Dual Operational
2026-11-20 23:00:00+00:00,1795215600.0,connecting_ridge_cr1,179.36,1.01,0.65,130.35,3.98,0.0,True,True,True,Dual Operational
2026-11-21 00:00:00+00:00,1795219200.0,connecting_ridge_cr1,178.85,1.01,0.65,130.37,4.02,0.0,True,True,True,Dual Operational
2026-11-21 01:00:00+00:00,1795222800.0,connecting_ridge_cr1,178.34,1.01,0.65,130.39,4.07,0.0,True,True,True,Dual Operational
2026-11-21 02:00:00+00:00,1795226400.0,connecting_ridge_cr1,177.84,1.01,0.65,130.41,4.11,0.0,True,True,True,Dual Operational
2026-11-21 03:00:00+00:00,1795230000.0,connecting_ridge_cr1,177.33,1.01,0.65,130.43,4.16,0.0,True,True,True,Dual Operational
2026-11-21 04:00:00+00:00,1795233600.0,connecting_ridge_cr1,176.83,1.01,0.65,130.45,4.2,0.0,True,True,True,Dual Operational
2026-11-21 05:00:00+00:00,1795237200.0,connecting_ridge_cr1,176.32,1.01,0.65,130.47,4.25,0.0,True,True,True,Dual Operational
2026-11-21 06:00:00+00:00,1795240800.0,connecting_ridge_cr1,175.81,1.01,0.65,130.49,4.29,0.0,True,True,True,Dual Operational
2026-11-21 07:00:00+00:00,1795244400.0,connecting_ridge_cr1,175.31,1.01,0.65,130.52,4.33,0.0,True,True,True,Dual Operational
2026-11-21 08:00:00+00:00,1795248000.0,connecting_ridge_cr1,174.8,1.01,0.65,130.54,4.37,0.0,True,True,True,Dual Operational
2026-11-21 09:00:00+00:00,1795251600.0,connecting_ridge_cr1,174.3,1.01,0.65,130.57,4.42,0.0,True,True,True,Dual Operational
2026-11-21 10:00:00+00:00,1795255200.0,connecting_ridge_cr1,173.79,1.01,0.65,130.6,4.46,0.0,True,True,True,Dual Operational
2026-11-21 11:00:00+00:00,1795258800.0,connecting_ridge_cr1,173.29,1.01,0.65,130.62,4.5,0.0,True,True,True,Dual Operational
2026-11-21 12:00:00+00:00,1795262400.0,connecting_ridge_cr1,172.78,1.01,0.65,130.65,4.54,0.0,True,True,True,Dual Operational
2026-11-21 13:00:00+00:00,1795266000.0,connecting_ridge_cr1,172.28,1.01,0.65,130.68,4.58,0.0,True,True,True,Dual Operational
2026-11-21 14:00:00+00:00,1795269600.0,connecting_ridge_cr1,171.77,1.01,0.65,130.71,4.62,0.0,True,True,True,Dual Operational
2026-11-21 15:00:00+00:00,1795273200.0,connecting_ridge_cr1,171.26,1.01,0.65,130.74,4.66,0.0,True,True,True,Dual Operational
2026-11-21 16:00:00+00:00,1795276800.0,connecting_ridge_cr1,170.76,1.01,0.65,130.77,4.7,0.0,True,True,True,Dual Operational
2026-11-21 17:00:00+00:00,1795280400.0,connecting_ridge_cr1,170.25,1.01,0.65,130.81,4.74,0.0,True,True,True,Dual Operational
2026-11-21 18:00:00+00:00,1795284000.0,connecting_ridge_cr1,169.75,1.01,0.62,130.84,4.77,0.0,True,True,True,Dual Operational
2026-11-21 19:00:00+00:00,1795287600.0,connecting_ridge_cr1,169.24,1.01,0.55,130.87,4.81,0.0,True,True,True,Dual Operational
2026-11-21 20:00:00+00:00,1795291200.0,connecting_ridge_cr1,168.74,1.01,0.49,130.91,4.85,0.0,True,True,True,Dual Operational
2026-11-21 21:00:00+00:00,1795294800.0,connecting_ridge_cr1,168.23,1.02,0.42,130.95,4.88,0.0,True,True,True,Dual Operational
2026-11-21 22:00:00+00:00,1795298400.0,connecting_ridge_cr1,167.72,1.02,0.35,130.98,4.92,0.0,True,True,True,Dual Operational
2026-11-21 23:00:00+00:00,1795302000.0,connecting_ridge_cr1,167.22,1.02,0.29,131.02,4.95,0.0,True,True,True,Dual Operational
2026-11-22 00:00:00+00:00,1795305600.0,connecting_ridge_cr1,166.71,1.02,0.22,131.06,4.99,0.0,True,True,True,Dual Operational
2026-11-22 01:00:00+00:00,1795309200.0,connecting_ridge_cr1,166.21,1.02,0.16,131.1,5.02,0.0,True,True,True,Dual Operational
2026-11-22 02:00:00+00:00,1795312800.0,connecting_ridge_cr1,165.7,1.02,0.09,131.14,5.05,0.0,True,True,True,Dual Operational
2026-11-22 03:00:00+00:00,1795316400.0,connecting_ridge_cr1,165.19,1.02,0.03,131.18,5.09,0.0,True,True,True,Dual Operational
2026-11-22 04:00:00+00:00,1795320000.0,connecting_ridge_cr1,164.69,1.02,0.0,131.22,5.12,0.0,True,True,True,Dual Operational
2026-11-22 05:00:00+00:00,1795323600.0,connecting_ridge_cr1,164.18,1.02,0.0,131.27,5.15,0.0,True,True,True,Dual Operational
2026-11-22 06:00:00+00:00,1795327200.0,connecting_ridge_cr1,163.68,1.02,0.0,131.31,5.18,0.0,True,True,True,Dual Operational
2026-11-22 07:00:00+00:00,1795330800.0,connecting_ridge_cr1,163.17,1.03,0.0,131.36,5.21,0.0,True,True,True,Dual Operational
2026-11-22 08:00:00+00:00,1795334400.0,connecting_ridge_cr1,162.67,1.03,0.0,131.4,5.24,0.0,True,True,True,Dual Operational
2026-11-22 09:00:00+00:00,1795338000.0,connecting_ridge_cr1,162.16,1.03,0.0,131.45,5.27,0.0,True,True,True,Dual Operational
2026-11-22 10:00:00+00:00,1795341600.0,connecting_ridge_cr1,161.66,1.03,0.0,131.5,5.3,0.0,True,True,True,Dual Operational
2026-11-22 11:00:00+00:00,1795345200.0,connecting_ridge_cr1,161.15,1.03,0.0,131.54,5.33,0.0,True,True,True,Dual Operational
2026-11-22 12:00:00+00:00,1795348800.0,connecting_ridge_cr1,160.65,1.03,0.0,131.59,5.36,0.0,True,True,True,Dual Operational
2026-11-22 13:00:00+00:00,1795352400.0,connecting_ridge_cr1,160.14,1.03,0.0,131.64,5.38,0.0,True,True,True,Dual Operational
2026-11-22 14:00:00+00:00,1795356000.0,connecting_ridge_cr1,159.63,1.03,0.0,131.69,5.41,0.0,True,True,True,Dual Operational
2026-11-22 15:00:00+00:00,1795359600.0,connecting_ridge_cr1,159.13,1.04,0.0,131.74,5.43,0.0,True,True,True,Dual Operational
2026-11-22 16:00:00+00:00,1795363200.0,connecting_ridge_cr1,158.62,1.04,0.0,131.8,5.46,0.0,True,True,True,Dual Operational
2026-11-22 17:00:00+00:00,1795366800.0,connecting_ridge_cr1,158.12,1.04,0.0,131.85,5.48,0.0,True,True,True,Dual Operational
2026-11-22 18:00:00+00:00,1795370400.0,connecting_ridge_cr1,157.61,1.04,0.0,131.9,5.51,0.0,True,True,True,Dual Operational
2026-11-22 19:00:00+00:00,1795374000.0,connecting_ridge_cr1,157.11,1.04,0.0,131.96,5.53,0.0,True,True,True,Dual Operational
2026-11-22 20:00:00+00:00,1795377600.0,connecting_ridge_cr1,156.6,1.04,0.0,132.01,5.55,0.0,True,True,True,Dual Operational
2026-11-22 21:00:00+00:00,1795381200.0,connecting_ridge_cr1,156.09,1.04,0.0,132.07,5.57,0.0,True,True,True,Dual Operational
2026-11-22 22:00:00+00:00,1795384800.0,connecting_ridge_cr1,155.59,1.05,0.0,132.12,5.59,0.0,True,True,True,Dual Operational
2026-11-22 23:00:00+00:00,1795388400.0,connecting_ridge_cr1,155.08,1.05,0.0,132.18,5.61,0.0,True,True,True,Dual Operational
2026-11-23 00:00:00+00:00,1795392000.0,connecting_ridge_cr1,154.58,1.05,0.0,132.24,5.63,0.0,True,True,True,Dual Operational
2026-11-23 01:00:00+00:00,1795395600.0,connecting_ridge_cr1,154.07,1.05,0.0,132.3,5.65,0.0,True,True,True,Dual Operational
2026-11-23 02:00:00+00:00,1795399200.0,connecting_ridge_cr1,153.57,1.05,0.0,132.36,5.67,0.0,True,True,True,Dual Operational
2026-11-23 03:00:00+00:00,1795402800.0,connecting_ridge_cr1,153.06,1.06,0.0,132.42,5.69,0.0,True,True,True,Dual Operational
2026-11-23 04:00:00+00:00,1795406400.0,connecting_ridge_cr1,152.56,1.06,0.0,132.48,5.7,0.0,True,True,True,Dual Operational
2026-11-23 05:00:00+00:00,1795410000.0,connecting_ridge_cr1,152.05,1.06,0.0,132.54,5.72,0.0,True,True,True,Dual Operational
2026-11-23 06:00:00+00:00,1795413600.0,connecting_ridge_cr1,151.55,1.06,0.0,132.61,5.73,0.0,True,True,True,Dual Operational
2026-11-23 07:00:00+00:00,1795417200.0,connecting_ridge_cr1,151.04,1.06,0.0,132.67,5.75,0.0,True,True,True,Dual Operational
2026-11-23 08:00:00+00:00,1795420800.0,connecting_ridge_cr1,150.53,1.07,0.0,132.73,5.76,0.0,True,True,True,Dual Operational
2026-11-23 09:00:00+00:00,1795424400.0,connecting_ridge_cr1,150.03,1.07,0.0,132.8,5.78,0.0,True,True,True,Dual Operational
2026-11-23 10:00:00+00:00,1795428000.0,connecting_ridge_cr1,149.52,1.07,0.0,132.86,5.79,0.0,True,True,True,Dual Operational
2026-11-23 11:00:00+00:00,1795431600.0,connecting_ridge_cr1,149.02,1.07,0.0,132.93,5.8,0.0,True,True,True,Dual Operational
2026-11-23 12:00:00+00:00,1795435200.0,connecting_ridge_cr1,148.51,1.07,0.0,132.99,5.81,0.0,True,True,True,Dual Operational
2026-11-23 13:00:00+00:00,1795438800.0,connecting_ridge_cr1,148.01,1.08,0.0,133.06,5.82,0.0,True,True,True,Dual Operational
2026-11-23 14:00:00+00:00,1795442400.0,connecting_ridge_cr1,147.5,1.08,0.0,133.13,5.83,0.0,True,True,True,Dual Operational
2026-11-23 15:00:00+00:00,1795446000.0,connecting_ridge_cr1,147.0,1.08,0.0,133.2,5.84,0.0,True,True,True,Dual Operational
2026-11-23 16:00:00+00:00,1795449600.0,connecting_ridge_cr1,146.49,1.08,0.0,133.26,5.85,0.0,True,True,True,Dual Operational
2026-11-23 17:00:00+00:00,1795453200.0,connecting_ridge_cr1,145.99,1.09,0.0,133.33,5.85,0.0,True,True,True,Dual Operational
2026-11-23 18:00:00+00:00,1795456800.0,connecting_ridge_cr1,145.48,1.09,0.0,133.4,5.86,0.0,True,True,True,Dual Operational
2026-11-23 19:00:00+00:00,1795460400.0,connecting_ridge_cr1,144.98,1.09,0.0,133.47,5.87,0.0,True,True,True,Dual Operational
2026-11-23 20:00:00+00:00,1795464000.0,connecting_ridge_cr1,144.47,1.09,0.0,133.54,5.87,0.0,True,True,True,Dual Operational
2026-11-23 21:00:00+00:00,1795467600.0,connecting_ridge_cr1,143.97,1.09,0.0,133.62,5.88,0.0,True,True,True,Dual Operational
2026-11-23 22:00:00+00:00,1795471200.0,connecting_ridge_cr1,143.46,1.1,0.0,133.69,5.88,0.0,True,True,True,Dual Operational
2026-11-23 23:00:00+00:00,1795474800.0,connecting_ridge_cr1,142.95,1.1,0.0,133.76,5.88,0.0,True,True,True,Dual Operational
2026-11-24 00:00:00+00:00,1795478400.0,connecting_ridge_cr1,142.45,1.1,0.0,133.83,5.88,0.0,True,True,True,Dual Operational
2026-11-24 01:00:00+00:00,1795482000.0,connecting_ridge_cr1,141.94,1.1,0.0,133.91,5.88,0.0,True,True,True,Dual Operational
2026-11-24 02:00:00+00:00,1795485600.0,connecting_ridge_cr1,141.44,1.11,0.0,133.98,5.88,0.0,True,True,True,Dual Operational
2026-11-24 03:00:00+00:00,1795489200.0,connecting_ridge_cr1,140.93,1.11,0.0,134.06,5.88,0.0,True,True,True,Dual Operational
2026-11-24 04:00:00+00:00,1795492800.0,connecting_ridge_cr1,140.43,1.11,0.0,134.13,5.88,0.0,True,True,True,Dual Operational
2026-11-24 05:00:00+00:00,1795496400.0,connecting_ridge_cr1,139.92,1.12,0.0,134.21,5.88,0.0,True,True,True,Dual Operational
2026-11-24 06:00:00+00:00,1795500000.0,connecting_ridge_cr1,139.42,1.12,0.0,134.28,5.88,0.0,True,True,True,Dual Operational
2026-11-24 07:00:00+00:00,1795503600.0,connecting_ridge_cr1,138.91,1.12,0.0,134.36,5.87,0.0,True,True,True,Dual Operational
2026-11-24 08:00:00+00:00,1795507200.0,connecting_ridge_cr1,138.41,1.12,0.0,134.43,5.87,0.0,True,True,True,Dual Operational
2026-11-24 09:00:00+00:00,1795510800.0,connecting_ridge_cr1,137.9,1.13,0.0,134.51,5.86,0.0,True,True,True,Dual Operational
2026-11-24 10:00:00+00:00,1795514400.0,connecting_ridge_cr1,137.4,1.13,0.0,134.59,5.86,0.0,True,True,True,Dual Operational
2026-11-24 11:00:00+00:00,1795518000.0,connecting_ridge_cr1,136.89,1.13,0.0,134.67,5.85,0.0,True,True,True,Dual Operational
2026-11-24 12:00:00+00:00,1795521600.0,connecting_ridge_cr1,136.38,1.14,0.0,134.74,5.84,0.0,True,True,True,Dual Operational
2026-11-24 13:00:00+00:00,1795525200.0,connecting_ridge_cr1,135.88,1.14,0.0,134.82,5.83,0.0,True,True,True,Dual Operational
2026-11-24 14:00:00+00:00,1795528800.0,connecting_ridge_cr1,135.37,1.14,0.0,134.9,5.83,0.0,True,True,True,Dual Operational
2026-11-24 15:00:00+00:00,1795532400.0,connecting_ridge_cr1,134.87,1.15,0.0,134.98,5.82,0.0,True,True,True,Dual Operational
2026-11-24 16:00:00+00:00,1795536000.0,connecting_ridge_cr1,134.36,1.15,0.0,135.06,5.8,0.0,True,True,True,Dual Operational
2026-11-24 17:00:00+00:00,1795539600.0,connecting_ridge_cr1,133.86,1.15,0.0,135.14,5.79,0.0,True,True,True,Dual Operational
2026-11-24 18:00:00+00:00,1795543200.0,connecting_ridge_cr1,133.35,1.15,0.0,135.22,5.78,0.0,True,True,True,Dual Operational
2026-11-24 19:00:00+00:00,1795546800.0,connecting_ridge_cr1,132.85,1.16,0.0,135.3,5.77,0.0,True,True,True,Dual Operational
2026-11-24 20:00:00+00:00,1795550400.0,connecting_ridge_cr1,132.34,1.16,0.0,135.38,5.75,0.0,True,True,True,Dual Operational
2026-11-24 21:00:00+00:00,1795554000.0,connecting_ridge_cr1,131.84,1.16,0.0,135.46,5.74,0.0,True,True,True,Dual Operational
2026-11-24 22:00:00+00:00,1795557600.0,connecting_ridge_cr1,131.33,1.17,0.0,135.54,5.72,0.0,True,True,True,Dual Operational
2026-11-24 23:00:00+00:00,1795561200.0,connecting_ridge_cr1,130.82,1.17,0.0,135.62,5.71,0.0,True,True,True,Dual Operational
2026-11-25 00:00:00+00:00,1795564800.0,connecting_ridge_cr1,130.32,1.17,0.0,135.7,5.69,0.0,True,True,True,Dual Operational
2026-11-25 01:00:00+00:00,1795568400.0,connecting_ridge_cr1,129.81,1.18,0.0,135.78,5.67,0.0,True,True,True,Dual Operational
2026-11-25 02:00:00+00:00,1795572000.0,connecting_ridge_cr1,129.31,1.18,0.0,135.87,5.65,0.0,True,True,True,Dual Operational
2026-11-25 03:00:00+00:00,1795575600.0,connecting_ridge_cr1,128.8,1.18,0.0,135.95,5.63,0.0,True,True,True,Dual Operational
2026-11-25 04:00:00+00:00,1795579200.0,connecting_ridge_cr1,128.3,1.19,0.0,136.03,5.61,0.0,True,True,True,Dual Operational
2026-11-25 05:00:00+00:00,1795582800.0,connecting_ridge_cr1,127.79,1.19,0.0,136.11,5.59,0.0,True,True,True,Dual Operational
2026-11-25 06:00:00+00:00,1795586400.0,connecting_ridge_cr1,127.29,1.19,0.0,136.19,5.57,0.0,True,True,True,Dual Operational
2026-11-25 07:00:00+00:00,1795590000.0,connecting_ridge_cr1,126.78,1.2,0.0,136.27,5.55,0.0,True,True,True,Dual Operational
2026-11-25 08:00:00+00:00,1795593600.0,connecting_ridge_cr1,126.28,1.2,0.0,136.36,5.53,0.0,True,True,True,Dual Operational
2026-11-25 09:00:00+00:00,1795597200.0,connecting_ridge_cr1,125.77,1.2,0.0,136.44,5.5,0.0,True,True,True,Dual Operational
2026-11-25 10:00:00+00:00,1795600800.0,connecting_ridge_cr1,125.27,1.21,0.0,136.52,5.48,0.0,True,True,True,Dual Operational
2026-11-25 11:00:00+00:00,1795604400.0,connecting_ridge_cr1,124.76,1.21,0.0,136.6,5.45,0.0,True,True,True,Dual Operational
2026-11-25 12:00:00+00:00,1795608000.0,connecting_ridge_cr1,124.26,1.21,0.0,136.69,5.43,0.0,True,True,True,Dual Operational
2026-11-25 13:00:00+00:00,1795611600.0,connecting_ridge_cr1,123.75,1.22,0.0,136.77,5.4,0.0,True,True,True,Dual Operational
2026-11-25 14:00:00+00:00,1795615200.0,connecting_ridge_cr1,123.25,1.22,0.0,136.85,5.37,0.0,True,True,True,Dual Operational
2026-11-25 15:00:00+00:00,1795618800.0,connecting_ridge_cr1,122.74,1.23,0.0,136.93,5.34,0.0,True,True,True,Dual Operational
2026-11-25 16:00:00+00:00,1795622400.0,connecting_ridge_cr1,122.23,1.23,0.0,137.01,5.31,0.0,True,True,True,Dual Operational
2026-11-25 17:00:00+00:00,1795626000.0,connecting_ridge_cr1,121.73,1.23,0.0,137.1,5.28,0.0,True,True,True,Dual Operational
2026-11-25 18:00:00+00:00,1795629600.0,connecting_ridge_cr1,121.22,1.24,0.0,137.18,5.25,0.0,True,True,True,Dual Operational
2026-11-25 19:00:00+00:00,1795633200.0,connecting_ridge_cr1,120.72,1.24,0.0,137.26,5.22,0.0,True,True,True,Dual Operational
2026-11-25 20:00:00+00:00,1795636800.0,connecting_ridge_cr1,120.21,1.24,0.0,137.34,5.19,0.0,True,True,True,Dual Operational
2026-11-25 21:00:00+00:00,1795640400.0,connecting_ridge_cr1,119.71,1.25,0.03,137.43,5.16,0.0,True,True,True,Dual Operational
2026-11-25 22:00:00+00:00,1795644000.0,connecting_ridge_cr1,119.2,1.25,0.08,137.51,5.12,0.0,True,True,True,Dual Operational
2026-11-25 23:00:00+00:00,1795647600.0,connecting_ridge_cr1,118.7,1.25,0.13,137.59,5.09,0.0,True,True,True,Dual Operational
2026-11-26 00:00:00+00:00,1795651200.0,connecting_ridge_cr1,118.19,1.26,0.18,137.67,5.05,0.0,True,True,True,Dual Operational
2026-11-26 01:00:00+00:00,1795654800.0,connecting_ridge_cr1,117.69,1.26,0.24,137.75,5.02,0.0,True,True,True,Dual Operational
2026-11-26 02:00:00+00:00,1795658400.0,connecting_ridge_cr1,117.18,1.26,0.29,137.83,4.98,0.0,True,True,True,Dual Operational
2026-11-26 03:00:00+00:00,1795662000.0,connecting_ridge_cr1,116.67,1.27,0.34,137.91,4.95,0.0,True,True,True,Dual Operational
2026-11-26 04:00:00+00:00,1795665600.0,connecting_ridge_cr1,116.17,1.27,0.39,138.0,4.91,0.0,True,True,True,Dual Operational
2026-11-26 05:00:00+00:00,1795669200.0,connecting_ridge_cr1,115.66,1.28,0.44,138.08,4.87,0.0,True,True,True,Dual Operational
2026-11-26 06:00:00+00:00,1795672800.0,connecting_ridge_cr1,115.16,1.28,0.49,138.16,4.83,0.0,True,True,True,Dual Operational
2026-11-26 07:00:00+00:00,1795676400.0,connecting_ridge_cr1,114.65,1.28,0.51,138.24,4.79,0.0,True,True,True,Dual Operational
2026-11-26 08:00:00+00:00,1795680000.0,connecting_ridge_cr1,114.15,1.29,0.51,138.32,4.75,0.0,True,True,True,Dual Operational
2026-11-26 09:00:00+00:00,1795683600.0,connecting_ridge_cr1,113.64,1.29,0.51,138.4,4.71,0.0,True,True,True,Dual Operational
2026-11-26 10:00:00+00:00,1795687200.0,connecting_ridge_cr1,113.14,1.3,0.51,138.48,4.67,0.0,True,True,True,Dual Operational
2026-11-26 11:00:00+00:00,1795690800.0,connecting_ridge_cr1,112.63,1.3,0.51,138.56,4.62,0.0,True,True,True,Dual Operational
2026-11-26 12:00:00+00:00,1795694400.0,connecting_ridge_cr1,112.13,1.3,0.51,138.64,4.58,0.0,True,True,True,Dual Operational
2026-11-26 13:00:00+00:00,1795698000.0,connecting_ridge_cr1,111.62,1.31,0.51,138.72,4.54,0.0,True,True,True,Dual Operational
2026-11-26 14:00:00+00:00,1795701600.0,connecting_ridge_cr1,111.11,1.31,0.51,138.79,4.5,0.0,True,True,True,Dual Operational
2026-11-26 15:00:00+00:00,1795705200.0,connecting_ridge_cr1,110.61,1.32,0.51,138.87,4.45,0.0,True,True,True,Dual Operational
2026-11-26 16:00:00+00:00,1795708800.0,connecting_ridge_cr1,110.1,1.32,0.51,138.95,4.41,0.0,True,True,True,Dual Operational
2026-11-26 17:00:00+00:00,1795712400.0,connecting_ridge_cr1,109.6,1.32,0.51,139.03,4.36,0.0,True,True,True,Dual Operational
2026-11-26 18:00:00+00:00,1795716000.0,connecting_ridge_cr1,109.09,1.33,0.51,139.11,4.31,0.0,True,True,True,Dual Operational
2026-11-26 19:00:00+00:00,1795719600.0,connecting_ridge_cr1,108.59,1.33,0.51,139.18,4.27,0.0,True,True,True,Dual Operational
2026-11-26 20:00:00+00:00,1795723200.0,connecting_ridge_cr1,108.08,1.34,0.51,139.26,4.22,0.0,True,True,True,Dual Operational
2026-11-26 21:00:00+00:00,1795726800.0,connecting_ridge_cr1,107.58,1.34,0.51,139.33,4.17,0.0,True,True,True,Dual Operational
2026-11-26 22:00:00+00:00,1795730400.0,connecting_ridge_cr1,107.07,1.34,0.51,139.41,4.12,0.0,True,True,True,Dual Operational
2026-11-26 23:00:00+00:00,1795734000.0,connecting_ridge_cr1,106.57,1.35,0.51,139.49,4.07,0.0,True,True,True,Dual Operational
2026-11-27 00:00:00+00:00,1795737600.0,connecting_ridge_cr1,106.06,1.35,0.51,139.56,4.02,0.0,True,True,True,Dual Operational
2026-11-27 01:00:00+00:00,1795741200.0,connecting_ridge_cr1,105.55,1.36,0.51,139.63,3.97,0.0,True,True,True,Dual Operational
2026-11-27 02:00:00+00:00,1795744800.0,connecting_ridge_cr1,105.05,1.36,0.51,139.71,3.92,0.0,True,True,True,Dual Operational
2026-11-27 03:00:00+00:00,1795748400.0,connecting_ridge_cr1,104.54,1.37,0.51,139.78,3.87,0.0,True,True,True,Dual Operational
2026-11-27 04:00:00+00:00,1795752000.0,connecting_ridge_cr1,104.04,1.37,0.51,139.86,3.82,0.0,True,True,True,Dual Operational
2026-11-27 05:00:00+00:00,1795755600.0,connecting_ridge_cr1,103.53,1.37,0.51,139.93,3.77,0.0,True,True,True,Dual Operational
2026-11-27 06:00:00+00:00,1795759200.0,connecting_ridge_cr1,103.03,1.38,0.51,140.0,3.71,0.0,True,True,True,Dual Operational
2026-11-27 07:00:00+00:00,1795762800.0,connecting_ridge_cr1,102.52,1.38,0.51,140.07,3.66,0.0,True,True,True,Dual Operational
2026-11-27 08:00:00+00:00,1795766400.0,connecting_ridge_cr1,102.01,1.39,0.51,140.15,3.6,0.0,True,True,True,Dual Operational
2026-11-27 09:00:00+00:00,1795770000.0,connecting_ridge_cr1,101.51,1.39,0.51,140.22,3.55,0.0,True,True,True,Dual Operational
2026-11-27 10:00:00+00:00,1795773600.0,connecting_ridge_cr1,101.0,1.4,0.51,140.29,3.5,0.0,True,True,True,Dual Operational
2026-11-27 11:00:00+00:00,1795777200.0,connecting_ridge_cr1,100.5,1.4,0.51,140.36,3.44,0.0,True,True,True,Dual Operational
2026-11-27 12:00:00+00:00,1795780800.0,connecting_ridge_cr1,99.99,1.4,0.51,140.43,3.38,0.0,True,True,True,Dual Operational
2026-11-27 13:00:00+00:00,1795784400.0,connecting_ridge_cr1,99.49,1.41,0.51,140.5,3.33,0.0,True,True,True,Dual Operational
2026-11-27 14:00:00+00:00,1795788000.0,connecting_ridge_cr1,98.98,1.41,0.51,140.56,3.27,0.0,True,True,True,Dual Operational
2026-11-27 15:00:00+00:00,1795791600.0,connecting_ridge_cr1,98.48,1.42,0.51,140.63,3.21,0.0,True,True,True,Dual Operational
2026-11-27 16:00:00+00:00,1795795200.0,connecting_ridge_cr1,97.97,1.42,0.51,140.7,3.16,0.0,True,True,True,Dual Operational
2026-11-27 17:00:00+00:00,1795798800.0,connecting_ridge_cr1,97.46,1.43,0.51,140.77,3.1,0.0,True,True,True,Dual Operational
2026-11-27 18:00:00+00:00,1795802400.0,connecting_ridge_cr1,96.96,1.43,0.51,140.83,3.04,0.0,True,True,True,Dual Operational
2026-11-27 19:00:00+00:00,1795806000.0,connecting_ridge_cr1,96.45,1.43,0.51,140.9,2.98,0.0,True,True,True,Dual Operational
2026-11-27 20:00:00+00:00,1795809600.0,connecting_ridge_cr1,95.95,1.44,0.51,140.96,2.92,0.0,True,True,True,Dual Operational
2026-11-27 21:00:00+00:00,1795813200.0,connecting_ridge_cr1,95.44,1.44,0.51,141.03,2.86,0.0,True,True,True,Dual Operational
2026-11-27 22:00:00+00:00,1795816800.0,connecting_ridge_cr1,94.94,1.45,0.51,141.09,2.8,0.0,True,True,True,Dual Operational
2026-11-27 23:00:00+00:00,1795820400.0,connecting_ridge_cr1,94.43,1.45,0.51,141.16,2.74,0.0,True,True,True,Dual Operational
2026-11-28 00:00:00+00:00,1795824000.0,connecting_ridge_cr1,93.92,1.46,0.51,141.22,2.68,0.0,True,True,True,Dual Operational
2026-11-28 01:00:00+00:00,1795827600.0,connecting_ridge_cr1,93.42,1.46,0.51,141.28,2.62,0.0,True,True,True,Dual Operational
2026-11-28 02:00:00+00:00,1795831200.0,connecting_ridge_cr1,92.91,1.46,0.51,141.34,2.56,0.0,True,True,True,Dual Operational
2026-11-28 03:00:00+00:00,1795834800.0,connecting_ridge_cr1,92.41,1.47,0.51,141.4,2.5,0.0,True,True,True,Dual Operational
2026-11-28 04:00:00+00:00,1795838400.0,connecting_ridge_cr1,91.9,1.47,0.51,141.47,2.44,0.0,True,True,True,Dual Operational
2026-11-28 05:00:00+00:00,1795842000.0,connecting_ridge_cr1,91.39,1.48,0.51,141.53,2.38,0.0,True,True,True,Dual Operational
2026-11-28 06:00:00+00:00,1795845600.0,connecting_ridge_cr1,90.89,1.48,0.51,141.59,2.31,0.0,True,True,True,Dual Operational
2026-11-28 07:00:00+00:00,1795849200.0,connecting_ridge_cr1,90.38,1.49,0.51,141.64,2.25,0.0,True,True,True,Dual Operational
2026-11-28 08:00:00+00:00,1795852800.0,connecting_ridge_cr1,89.88,1.49,0.51,141.7,2.19,0.0,True,True,True,Dual Operational
2026-11-28 09:00:00+00:00,1795856400.0,connecting_ridge_cr1,89.37,1.5,0.51,141.76,2.12,0.0,True,True,True,Dual Operational
2026-11-28 10:00:00+00:00,1795860000.0,connecting_ridge_cr1,88.87,1.5,0.51,141.82,2.06,0.0,True,True,True,Dual Operational
2026-11-28 11:00:00+00:00,1795863600.0,connecting_ridge_cr1,88.36,1.5,0.51,141.87,2.0,0.0,True,True,True,Dual Operational
2026-11-28 12:00:00+00:00,1795867200.0,connecting_ridge_cr1,87.85,1.51,0.51,141.93,1.93,0.0,True,True,True,Dual Operational
2026-11-28 13:00:00+00:00,1795870800.0,connecting_ridge_cr1,87.35,1.51,0.51,141.98,1.87,0.0,True,True,True,Dual Operational
2026-11-28 14:00:00+00:00,1795874400.0,connecting_ridge_cr1,86.84,1.52,0.51,142.04,1.8,0.0,True,True,True,Dual Operational
2026-11-28 15:00:00+00:00,1795878000.0,connecting_ridge_cr1,86.34,1.52,0.51,142.09,1.74,0.0,True,True,True,Dual Operational
2026-11-28 16:00:00+00:00,1795881600.0,connecting_ridge_cr1,85.83,1.52,0.51,142.14,1.68,0.0,True,True,True,Dual Operational
2026-11-28 17:00:00+00:00,1795885200.0,connecting_ridge_cr1,85.32,1.53,0.51,142.2,1.61,0.0,True,True,True,Dual Operational
2026-11-28 18:00:00+00:00,1795888800.0,connecting_ridge_cr1,84.82,1.53,0.51,142.25,1.55,0.0,True,True,True,Dual Operational
2026-11-28 19:00:00+00:00,1795892400.0,connecting_ridge_cr1,84.31,1.54,0.51,142.3,1.48,0.0,True,True,True,Dual Operational
2026-11-28 20:00:00+00:00,1795896000.0,connecting_ridge_cr1,83.81,1.54,0.51,142.35,1.42,0.0,True,True,True,Dual Operational
2026-11-28 21:00:00+00:00,1795899600.0,connecting_ridge_cr1,83.3,1.55,0.51,142.4,1.35,0.0,True,True,True,Dual Operational
2026-11-28 22:00:00+00:00,1795903200.0,connecting_ridge_cr1,82.79,1.55,0.51,142.45,1.28,0.0,True,True,True,Dual Operational
2026-11-28 23:00:00+00:00,1795906800.0,connecting_ridge_cr1,82.29,1.55,0.51,142.5,1.22,0.0,True,True,True,Dual Operational
2026-11-29 00:00:00+00:00,1795910400.0,connecting_ridge_cr1,81.78,1.56,0.51,142.55,1.15,0.0,True,True,True,Dual Operational
2026-11-29 01:00:00+00:00,1795914000.0,connecting_ridge_cr1,81.28,1.56,0.51,142.59,1.08,0.0,True,True,True,Dual Operational
2026-11-29 02:00:00+00:00,1795917600.0,connecting_ridge_cr1,80.77,1.57,0.51,142.64,1.02,0.0,True,True,True,Dual Operational
2026-11-29 03:00:00+00:00,1795921200.0,connecting_ridge_cr1,80.26,1.57,0.51,142.69,0.95,0.0,True,True,True,Dual Operational
2026-11-29 04:00:00+00:00,1795924800.0,connecting_ridge_cr1,79.76,1.58,0.53,142.73,0.89,0.0,True,True,True,Dual Operational
2026-11-29 05:00:00+00:00,1795928400.0,connecting_ridge_cr1,79.25,1.58,0.57,142.77,0.82,0.0,True,True,True,Dual Operational
2026-11-29 06:00:00+00:00,1795932000.0,connecting_ridge_cr1,78.75,1.59,0.61,142.82,0.75,0.0,True,True,True,Dual Operational
2026-11-29 07:00:00+00:00,1795935600.0,connecting_ridge_cr1,78.24,1.59,0.64,142.86,0.68,0.0,True,True,True,Dual Operational
2026-11-29 08:00:00+00:00,1795939200.0,connecting_ridge_cr1,77.73,1.59,0.68,142.9,0.62,0.0,True,True,True,Dual Operational
2026-11-29 09:00:00+00:00,1795942800.0,connecting_ridge_cr1,77.23,1.6,0.72,142.95,0.55,0.0,True,True,True,Dual Operational
2026-11-29 10:00:00+00:00,1795946400.0,connecting_ridge_cr1,76.72,1.6,0.76,142.99,0.48,0.0,True,True,True,Dual Operational
2026-11-29 11:00:00+00:00,1795950000.0,connecting_ridge_cr1,76.21,1.61,0.8,143.03,0.42,0.0,True,True,True,Dual Operational
2026-11-29 12:00:00+00:00,1795953600.0,connecting_ridge_cr1,75.71,1.61,0.84,143.07,0.35,0.0,True,True,True,Dual Operational
2026-11-29 13:00:00+00:00,1795957200.0,connecting_ridge_cr1,75.2,1.62,0.87,143.11,0.28,0.0,True,True,True,Dual Operational
2026-11-29 14:00:00+00:00,1795960800.0,connecting_ridge_cr1,74.7,1.62,0.89,143.15,0.21,0.0,True,True,True,Dual Operational
2026-11-29 15:00:00+00:00,1795964400.0,connecting_ridge_cr1,74.19,1.62,0.89,143.18,0.15,0.0,True,True,True,Dual Operational
2026-11-29 16:00:00+00:00,1795968000.0,connecting_ridge_cr1,73.68,1.63,0.89,143.22,0.08,0.0,True,True,True,Dual Operational
2026-11-29 17:00:00+00:00,1795971600.0,connecting_ridge_cr1,73.18,1.63,0.89,143.26,0.01,0.0,True,True,True,Dual Operational
2026-11-29 18:00:00+00:00,1795975200.0,connecting_ridge_cr1,72.67,1.64,0.89,143.29,-0.06,0.0,True,False,False,Sun Only
2026-11-29 19:00:00+00:00,1795978800.0,connecting_ridge_cr1,72.16,1.64,0.89,143.33,-0.12,0.0,True,False,False,Sun Only
2026-11-29 20:00:00+00:00,1795982400.0,connecting_ridge_cr1,71.66,1.65,0.89,143.36,-0.19,0.0,True,False,False,Sun Only
2026-11-29 21:00:00+00:00,1795986000.0,connecting_ridge_cr1,71.15,1.65,0.89,143.4,-0.26,0.0,True,False,False,Sun Only
2026-11-29 22:00:00+00:00,1795989600.0,connecting_ridge_cr1,70.64,1.65,0.89,143.43,-0.33,0.0,True,False,False,Sun Only
2026-11-29 23:00:00+00:00,1795993200.0,connecting_ridge_cr1,70.14,1.66,0.89,143.46,-0.39,0.0,True,False,False,Sun Only
2026-11-30 00:00:00+00:00,1795996800.0,connecting_ridge_cr1,69.63,1.66,0.89,143.49,-0.46,0.0,True,False,False,Sun Only
2026-11-30 01:00:00+00:00,1796000400.0,connecting_ridge_cr1,69.13,1.67,0.89,143.52,-0.53,0.0,True,False,False,Sun Only
2026-11-30 02:00:00+00:00,1796004000.0,connecting_ridge_cr1,68.62,1.67,0.89,143.56,-0.59,0.0,True,False,False,Sun Only
2026-11-30 03:00:00+00:00,1796007600.0,connecting_ridge_cr1,68.11,1.67,0.89,143.59,-0.66,0.0,True,False,False,Sun Only
2026-11-30 04:00:00+00:00,1796011200.0,connecting_ridge_cr1,67.61,1.68,0.89,143.61,-0.73,0.0,True,False,False,Sun Only
2026-11-30 05:00:00+00:00,1796014800.0,connecting_ridge_cr1,67.1,1.68,0.89,143.64,-0.79,0.0,True,False,False,Sun Only
2026-11-30 06:00:00+00:00,1796018400.0,connecting_ridge_cr1,66.59,1.69,0.89,143.67,-0.86,0.0,True,False,False,Sun Only
2026-11-30 07:00:00+00:00,1796022000.0,connecting_ridge_cr1,66.09,1.69,0.89,143.7,-0.93,0.0,True,False,False,Sun Only
2026-11-30 08:00:00+00:00,1796025600.0,connecting_ridge_cr1,65.58,1.69,0.89,143.72,-0.99,0.0,True,False,False,Sun Only
2026-11-30 09:00:00+00:00,1796029200.0,connecting_ridge_cr1,65.07,1.7,0.89,143.75,-1.06,0.0,True,False,False,Sun Only
2026-11-30 10:00:00+00:00,1796032800.0,connecting_ridge_cr1,64.57,1.7,0.89,143.77,-1.13,0.0,True,False,False,Sun Only
2026-11-30 11:00:00+00:00,1796036400.0,connecting_ridge_cr1,64.06,1.71,0.89,143.8,-1.19,0.0,True,False,False,Sun Only
2026-11-30 12:00:00+00:00,1796040000.0,connecting_ridge_cr1,63.56,1.71,0.89,143.82,-1.26,0.0,True,False,False,Sun Only
2026-11-30 13:00:00+00:00,1796043600.0,connecting_ridge_cr1,63.05,1.71,0.89,143.85,-1.33,0.0,True,False,False,Sun Only
2026-11-30 14:00:00+00:00,1796047200.0,connecting_ridge_cr1,62.54,1.72,0.89,143.87,-1.39,0.0,True,False,False,Sun Only
2026-11-30 15:00:00+00:00,1796050800.0,connecting_ridge_cr1,62.04,1.72,0.89,143.89,-1.46,0.0,True,False,False,Sun Only
2026-11-30 16:00:00+00:00,1796054400.0,connecting_ridge_cr1,61.53,1.73,0.89,143.91,-1.52,0.0,True,False,False,Sun Only
2026-11-30 17:00:00+00:00,1796058000.0,connecting_ridge_cr1,61.02,1.73,0.89,143.93,-1.59,0.0,True,False,False,Sun Only
2026-11-30 18:00:00+00:00,1796061600.0,connecting_ridge_cr1,60.52,1.73,0.89,143.95,-1.65,0.0,True,False,False,Sun Only
2026-11-30 19:00:00+00:00,1796065200.0,connecting_ridge_cr1,60.01,1.74,0.89,143.97,-1.72,0.0,True,False,False,Sun Only
2026-11-30 20:00:00+00:00,1796068800.0,connecting_ridge_cr1,59.5,1.74,0.89,143.99,-1.78,0.0,True,False,False,Sun Only
2026-11-30 21:00:00+00:00,1796072400.0,connecting_ridge_cr1,59.0,1.75,0.89,144.01,-1.85,0.0,True,False,False,Sun Only
2026-11-30 22:00:00+00:00,1796076000.0,connecting_ridge_cr1,58.49,1.75,0.89,144.03,-1.91,0.0,True,False,False,Sun Only
2026-11-30 23:00:00+00:00,1796079600.0,connecting_ridge_cr1,57.98,1.75,0.89,144.04,-1.98,0.0,True,False,False,Sun Only
2026-11-01 00:00:00+00:00,1793491200.0,im2_mons_mouton,255.86,0.19,0.0,334.54,7.65,0.0,True,True,True,Dual Operational
2026-11-01 01:00:00+00:00,1793494800.0,im2_mons_mouton,255.36,0.14,0.0,334.59,7.59,0.0,True,True,True,Dual Operational
2026-11-01 02:00:00+00:00,1793498400.0,im2_mons_mouton,254.85,0.1,0.01,334.63,7.53,0.0,True,True,True,Dual Operational
2026-11-01 03:00:00+00:00,1793502000.0,im2_mons_mouton,254.35,0.05,0.03,334.67,7.47,0.0,True,True,True,Dual Operational
2026-11-01 04:00:00+00:00,1793505600.0,im2_mons_mouton,253.84,0.01,0.06,334.71,7.42,0.0,False,True,False,Comm Only
2026-11-01 05:00:00+00:00,1793509200.0,im2_mons_mouton,253.34,-0.03,0.08,334.75,7.36,0.0,False,True,False,Comm Only
2026-11-01 06:00:00+00:00,1793512800.0,im2_mons_mouton,252.83,-0.08,0.1,334.79,7.3,0.0,False,True,False,Comm Only
2026-11-01 07:00:00+00:00,1793516400.0,im2_mons_mouton,252.33,-0.12,0.13,334.82,7.24,0.0,False,True,False,Comm Only
2026-11-01 08:00:00+00:00,1793520000.0,im2_mons_mouton,251.82,-0.16,0.15,334.86,7.18,0.0,False,True,False,Comm Only
2026-11-01 09:00:00+00:00,1793523600.0,im2_mons_mouton,251.32,-0.21,0.18,334.9,7.12,0.0,False,True,False,Comm Only
2026-11-01 10:00:00+00:00,1793527200.0,im2_mons_mouton,250.81,-0.25,0.2,334.94,7.06,0.0,False,True,False,Comm Only
2026-11-01 11:00:00+00:00,1793530800.0,im2_mons_mouton,250.31,-0.29,0.23,334.97,7.0,0.0,False,True,False,Comm Only
2026-11-01 12:00:00+00:00,1793534400.0,im2_mons_mouton,249.8,-0.34,0.25,335.01,6.94,0.0,False,True,False,Comm Only
2026-11-01 13:00:00+00:00,1793538000.0,im2_mons_mouton,249.3,-0.38,0.28,335.04,6.88,0.0,False,True,False,Comm Only
2026-11-01 14:00:00+00:00,1793541600.0,im2_mons_mouton,248.79,-0.42,0.31,335.08,6.81,0.0,False,True,False,Comm Only
2026-11-01 15:00:00+00:00,1793545200.0,im2_mons_mouton,248.29,-0.46,0.34,335.11,6.75,0.0,False,True,False,Comm Only
2026-11-01 16:00:00+00:00,1793548800.0,im2_mons_mouton,247.78,-0.51,0.37,335.15,6.69,0.0,False,True,False,Comm Only
2026-11-01 17:00:00+00:00,1793552400.0,im2_mons_mouton,247.28,-0.55,0.4,335.18,6.63,0.0,False,True,False,Comm Only
2026-11-01 18:00:00+00:00,1793556000.0,im2_mons_mouton,246.77,-0.59,0.43,335.21,6.57,0.0,False,True,False,Comm Only
2026-11-01 19:00:00+00:00,1793559600.0,im2_mons_mouton,246.26,-0.63,0.46,335.25,6.5,0.0,False,True,False,Comm Only
2026-11-01 20:00:00+00:00,1793563200.0,im2_mons_mouton,245.76,-0.67,0.49,335.28,6.44,0.0,False,True,False,Comm Only
2026-11-01 21:00:00+00:00,1793566800.0,im2_mons_mouton,245.25,-0.71,0.52,335.31,6.38,0.0,False,True,False,Comm Only
2026-11-01 22:00:00+00:00,1793570400.0,im2_mons_mouton,244.75,-0.76,0.54,335.34,6.32,0.0,False,True,False,Comm Only
2026-11-01 23:00:00+00:00,1793574000.0,im2_mons_mouton,244.24,-0.8,0.54,335.37,6.25,0.0,False,True,False,Comm Only
2026-11-02 00:00:00+00:00,1793577600.0,im2_mons_mouton,243.74,-0.84,0.54,335.4,6.19,0.0,False,True,False,Comm Only
2026-11-02 01:00:00+00:00,1793581200.0,im2_mons_mouton,243.23,-0.88,0.54,335.43,6.13,0.0,False,True,False,Comm Only
2026-11-02 02:00:00+00:00,1793584800.0,im2_mons_mouton,242.73,-0.92,0.54,335.46,6.06,0.0,False,True,False,Comm Only
2026-11-02 03:00:00+00:00,1793588400.0,im2_mons_mouton,242.22,-0.96,0.54,335.49,6.0,0.0,False,True,False,Comm Only
2026-11-02 04:00:00+00:00,1793592000.0,im2_mons_mouton,241.72,-1.0,0.54,335.52,5.94,0.0,False,True,False,Comm Only
2026-11-02 05:00:00+00:00,1793595600.0,im2_mons_mouton,241.21,-1.04,0.54,335.55,5.87,0.0,False,True,False,Comm Only
2026-11-02 06:00:00+00:00,1793599200.0,im2_mons_mouton,240.71,-1.08,0.54,335.58,5.81,0.0,False,True,False,Comm Only
2026-11-02 07:00:00+00:00,1793602800.0,im2_mons_mouton,240.2,-1.12,0.54,335.6,5.75,0.0,False,True,False,Comm Only
2026-11-02 08:00:00+00:00,1793606400.0,im2_mons_mouton,239.69,-1.16,0.57,335.63,5.68,0.0,False,True,False,Comm Only
2026-11-02 09:00:00+00:00,1793610000.0,im2_mons_mouton,239.19,-1.2,0.62,335.66,5.62,0.0,False,True,False,Comm Only
2026-11-02 10:00:00+00:00,1793613600.0,im2_mons_mouton,238.68,-1.24,0.67,335.68,5.55,0.0,False,True,False,Comm Only
2026-11-02 11:00:00+00:00,1793617200.0,im2_mons_mouton,238.18,-1.28,0.72,335.71,5.49,0.0,False,True,False,Comm Only
2026-11-02 12:00:00+00:00,1793620800.0,im2_mons_mouton,237.67,-1.32,0.77,335.73,5.42,0.0,False,True,False,Comm Only
2026-11-02 13:00:00+00:00,1793624400.0,im2_mons_mouton,237.16,-1.35,0.82,335.76,5.36,0.0,False,True,False,Comm Only
2026-11-02 14:00:00+00:00,1793628000.0,im2_mons_mouton,236.66,-1.39,0.87,335.78,5.29,0.0,False,True,False,Comm Only
2026-11-02 15:00:00+00:00,1793631600.0,im2_mons_mouton,236.15,-1.43,0.92,335.8,5.23,0.0,False,True,False,Comm Only
2026-11-02 16:00:00+00:00,1793635200.0,im2_mons_mouton,235.65,-1.47,0.97,335.83,5.17,0.0,False,True,False,Comm Only
2026-11-02 17:00:00+00:00,1793638800.0,im2_mons_mouton,235.14,-1.51,1.02,335.85,5.1,0.0,False,True,False,Comm Only
2026-11-02 18:00:00+00:00,1793642400.0,im2_mons_mouton,234.63,-1.54,1.04,335.87,5.04,0.0,False,True,False,Comm Only
2026-11-02 19:00:00+00:00,1793646000.0,im2_mons_mouton,234.13,-1.58,1.05,335.89,4.97,0.0,False,True,False,Comm Only
2026-11-02 20:00:00+00:00,1793649600.0,im2_mons_mouton,233.62,-1.62,1.06,335.91,4.91,0.0,False,True,False,Comm Only
2026-11-02 21:00:00+00:00,1793653200.0,im2_mons_mouton,233.12,-1.65,1.08,335.94,4.84,0.0,False,True,False,Comm Only
2026-11-02 22:00:00+00:00,1793656800.0,im2_mons_mouton,232.61,-1.69,1.09,335.96,4.78,0.0,False,True,False,Comm Only
2026-11-02 23:00:00+00:00,1793660400.0,im2_mons_mouton,232.1,-1.73,1.1,335.98,4.71,0.0,False,True,False,Comm Only
2026-11-03 00:00:00+00:00,1793664000.0,im2_mons_mouton,231.6,-1.76,1.11,336.0,4.65,0.0,False,True,False,Comm Only
2026-11-03 01:00:00+00:00,1793667600.0,im2_mons_mouton,231.09,-1.8,1.12,336.01,4.58,0.0,False,True,False,Comm Only
2026-11-03 02:00:00+00:00,1793671200.0,im2_mons_mouton,230.58,-1.83,1.14,336.03,4.52,0.0,False,True,False,Comm Only
2026-11-03 03:00:00+00:00,1793674800.0,im2_mons_mouton,230.08,-1.87,1.15,336.05,4.45,0.0,False,True,False,Comm Only
2026-11-03 04:00:00+00:00,1793678400.0,im2_mons_mouton,229.57,-1.9,1.17,336.07,4.39,0.0,False,True,False,Comm Only
2026-11-03 05:00:00+00:00,1793682000.0,im2_mons_mouton,229.06,-1.94,1.19,336.09,4.32,0.0,False,True,False,Comm Only
2026-11-03 06:00:00+00:00,1793685600.0,im2_mons_mouton,228.56,-1.97,1.21,336.1,4.26,0.0,False,True,False,Comm Only
2026-11-03 07:00:00+00:00,1793689200.0,im2_mons_mouton,228.05,-2.0,1.23,336.12,4.19,0.0,False,True,False,Comm Only
2026-11-03 08:00:00+00:00,1793692800.0,im2_mons_mouton,227.54,-2.04,1.25,336.14,4.13,0.0,False,True,False,Comm Only
2026-11-03 09:00:00+00:00,1793696400.0,im2_mons_mouton,227.04,-2.07,1.27,336.15,4.07,0.0,False,True,False,Comm Only
2026-11-03 10:00:00+00:00,1793700000.0,im2_mons_mouton,226.53,-2.1,1.3,336.17,4.0,0.0,False,True,False,Comm Only
2026-11-03 11:00:00+00:00,1793703600.0,im2_mons_mouton,226.02,-2.14,1.32,336.18,3.94,0.0,False,True,False,Comm Only
2026-11-03 12:00:00+00:00,1793707200.0,im2_mons_mouton,225.52,-2.17,1.34,336.2,3.87,0.0,False,True,False,Comm Only
2026-11-03 13:00:00+00:00,1793710800.0,im2_mons_mouton,225.01,-2.2,1.36,336.21,3.81,0.0,False,True,False,Comm Only
2026-11-03 14:00:00+00:00,1793714400.0,im2_mons_mouton,224.5,-2.23,1.4,336.23,3.75,0.0,False,True,False,Comm Only
2026-11-03 15:00:00+00:00,1793718000.0,im2_mons_mouton,224.0,-2.27,1.44,336.24,3.68,0.0,False,True,False,Comm Only
2026-11-03 16:00:00+00:00,1793721600.0,im2_mons_mouton,223.49,-2.3,1.48,336.25,3.62,0.0,False,True,False,Comm Only
2026-11-03 17:00:00+00:00,1793725200.0,im2_mons_mouton,222.98,-2.33,1.52,336.26,3.55,0.0,False,True,False,Comm Only
2026-11-03 18:00:00+00:00,1793728800.0,im2_mons_mouton,222.48,-2.36,1.56,336.28,3.49,0.0,False,True,False,Comm Only
2026-11-03 19:00:00+00:00,1793732400.0,im2_mons_mouton,221.97,-2.39,1.6,336.29,3.43,0.0,False,True,False,Comm Only
2026-11-03 20:00:00+00:00,1793736000.0,im2_mons_mouton,221.46,-2.42,1.64,336.3,3.36,0.0,False,True,False,Comm Only
2026-11-03 21:00:00+00:00,1793739600.0,im2_mons_mouton,220.95,-2.45,1.68,336.31,3.3,0.0,False,True,False,Comm Only
2026-11-03 22:00:00+00:00,1793743200.0,im2_mons_mouton,220.45,-2.48,1.72,336.32,3.24,0.0,False,True,False,Comm Only
2026-11-03 23:00:00+00:00,1793746800.0,im2_mons_mouton,219.94,-2.51,1.76,336.33,3.17,0.0,False,True,False,Comm Only
2026-11-04 00:00:00+00:00,1793750400.0,im2_mons_mouton,219.43,-2.54,1.79,336.34,3.11,0.0,False,True,False,Comm Only
2026-11-04 01:00:00+00:00,1793754000.0,im2_mons_mouton,218.92,-2.57,1.82,336.35,3.05,0.0,False,True,False,Comm Only
2026-11-04 02:00:00+00:00,1793757600.0,im2_mons_mouton,218.42,-2.6,1.85,336.36,2.99,0.0,False,True,False,Comm Only
2026-11-04 03:00:00+00:00,1793761200.0,im2_mons_mouton,217.91,-2.62,1.87,336.37,2.92,0.0,False,True,False,Comm Only
2026-11-04 04:00:00+00:00,1793764800.0,im2_mons_mouton,217.4,-2.65,1.9,336.38,2.86,0.0,False,True,False,Comm Only
2026-11-04 05:00:00+00:00,1793768400.0,im2_mons_mouton,216.89,-2.68,1.93,336.39,2.8,0.0,False,True,False,Comm Only
2026-11-04 06:00:00+00:00,1793772000.0,im2_mons_mouton,216.39,-2.71,1.96,336.39,2.74,0.0,False,True,False,Comm Only
2026-11-04 07:00:00+00:00,1793775600.0,im2_mons_mouton,215.88,-2.73,1.98,336.4,2.68,0.0,False,True,False,Comm Only
2026-11-04 08:00:00+00:00,1793779200.0,im2_mons_mouton,215.37,-2.76,2.01,336.41,2.62,0.0,False,True,False,Comm Only
2026-11-04 09:00:00+00:00,1793782800.0,im2_mons_mouton,214.87,-2.79,2.04,336.42,2.56,0.0,False,True,False,Comm Only
2026-11-04 10:00:00+00:00,1793786400.0,im2_mons_mouton,214.36,-2.81,2.06,336.42,2.5,0.0,False,True,False,Comm Only
2026-11-04 11:00:00+00:00,1793790000.0,im2_mons_mouton,213.85,-2.84,2.08,336.43,2.44,0.0,False,True,False,Comm Only
2026-11-04 12:00:00+00:00,1793793600.0,im2_mons_mouton,213.34,-2.86,2.1,336.43,2.38,0.0,False,True,False,Comm Only
2026-11-04 13:00:00+00:00,1793797200.0,im2_mons_mouton,212.83,-2.89,2.13,336.44,2.31,0.0,False,True,False,Comm Only
2026-11-04 14:00:00+00:00,1793800800.0,im2_mons_mouton,212.33,-2.91,2.15,336.44,2.25,0.0,False,True,False,Comm Only
2026-11-04 15:00:00+00:00,1793804400.0,im2_mons_mouton,211.82,-2.93,2.17,336.45,2.2,0.0,False,True,False,Comm Only
2026-11-04 16:00:00+00:00,1793808000.0,im2_mons_mouton,211.31,-2.96,2.19,336.45,2.14,0.0,False,True,False,Comm Only
2026-11-04 17:00:00+00:00,1793811600.0,im2_mons_mouton,210.8,-2.98,2.21,336.46,2.08,0.0,False,True,False,Comm Only
2026-11-04 18:00:00+00:00,1793815200.0,im2_mons_mouton,210.29,-3.0,2.24,336.46,2.02,0.0,False,True,False,Comm Only
2026-11-04 19:00:00+00:00,1793818800.0,im2_mons_mouton,209.79,-3.03,2.25,336.46,1.96,0.0,False,True,False,Comm Only
2026-11-04 20:00:00+00:00,1793822400.0,im2_mons_mouton,209.28,-3.05,2.26,336.47,1.9,0.0,False,True,False,Comm Only
2026-11-04 21:00:00+00:00,1793826000.0,im2_mons_mouton,208.77,-3.07,2.27,336.47,1.84,0.0,False,True,False,Comm Only
2026-11-04 22:00:00+00:00,1793829600.0,im2_mons_mouton,208.26,-3.09,2.28,336.47,1.79,0.0,False,True,False,Comm Only
2026-11-04 23:00:00+00:00,1793833200.0,im2_mons_mouton,207.75,-3.11,2.29,336.47,1.73,0.0,False,True,False,Comm Only
2026-11-05 00:00:00+00:00,1793836800.0,im2_mons_mouton,207.25,-3.13,2.3,336.47,1.67,0.0,False,True,False,Comm Only
2026-11-05 01:00:00+00:00,1793840400.0,im2_mons_mouton,206.74,-3.15,2.31,336.48,1.61,0.0,False,True,False,Comm Only
2026-11-05 02:00:00+00:00,1793844000.0,im2_mons_mouton,206.23,-3.17,2.32,336.48,1.56,0.0,False,True,False,Comm Only
2026-11-05 03:00:00+00:00,1793847600.0,im2_mons_mouton,205.72,-3.19,2.33,336.48,1.5,0.0,False,True,False,Comm Only
2026-11-05 04:00:00+00:00,1793851200.0,im2_mons_mouton,205.21,-3.21,2.34,336.48,1.45,0.0,False,True,False,Comm Only
2026-11-05 05:00:00+00:00,1793854800.0,im2_mons_mouton,204.7,-3.23,2.36,336.48,1.39,0.0,False,True,False,Comm Only
2026-11-05 06:00:00+00:00,1793858400.0,im2_mons_mouton,204.2,-3.25,2.39,336.48,1.33,0.0,False,True,False,Comm Only
2026-11-05 07:00:00+00:00,1793862000.0,im2_mons_mouton,203.69,-3.27,2.42,336.48,1.28,0.0,False,True,False,Comm Only
2026-11-05 08:00:00+00:00,1793865600.0,im2_mons_mouton,203.18,-3.29,2.45,336.47,1.23,0.0,False,True,False,Comm Only
2026-11-05 09:00:00+00:00,1793869200.0,im2_mons_mouton,202.67,-3.31,2.48,336.47,1.17,0.0,False,True,False,Comm Only
2026-11-05 10:00:00+00:00,1793872800.0,im2_mons_mouton,202.16,-3.32,2.52,336.47,1.12,0.0,False,True,False,Comm Only
2026-11-05 11:00:00+00:00,1793876400.0,im2_mons_mouton,201.65,-3.34,2.55,336.47,1.06,0.0,False,True,False,Comm Only
2026-11-05 12:00:00+00:00,1793880000.0,im2_mons_mouton,201.14,-3.36,2.58,336.47,1.01,0.0,False,True,False,Comm Only
2026-11-05 13:00:00+00:00,1793883600.0,im2_mons_mouton,200.64,-3.37,2.61,336.46,0.96,0.0,False,True,False,Comm Only
2026-11-05 14:00:00+00:00,1793887200.0,im2_mons_mouton,200.13,-3.39,2.64,336.46,0.9,0.0,False,True,False,Comm Only
2026-11-05 15:00:00+00:00,1793890800.0,im2_mons_mouton,199.62,-3.4,2.65,336.46,0.85,0.0,False,True,False,Comm Only
2026-11-05 16:00:00+00:00,1793894400.0,im2_mons_mouton,199.11,-3.42,2.65,336.45,0.8,0.0,False,True,False,Comm Only
2026-11-05 17:00:00+00:00,1793898000.0,im2_mons_mouton,198.6,-3.43,2.65,336.45,0.75,0.0,False,True,False,Comm Only
2026-11-05 18:00:00+00:00,1793901600.0,im2_mons_mouton,198.09,-3.45,2.65,336.44,0.7,0.0,False,True,False,Comm Only
2026-11-05 19:00:00+00:00,1793905200.0,im2_mons_mouton,197.58,-3.46,2.65,336.44,0.65,0.0,False,True,False,Comm Only
2026-11-05 20:00:00+00:00,1793908800.0,im2_mons_mouton,197.08,-3.47,2.65,336.43,0.59,0.0,False,True,False,Comm Only
2026-11-05 21:00:00+00:00,1793912400.0,im2_mons_mouton,196.57,-3.49,2.65,336.43,0.55,0.0,False,True,False,Comm Only
2026-11-05 22:00:00+00:00,1793916000.0,im2_mons_mouton,196.06,-3.5,2.65,336.42,0.49,0.0,False,True,False,Comm Only
2026-11-05 23:00:00+00:00,1793919600.0,im2_mons_mouton,195.55,-3.51,2.65,336.42,0.45,0.0,False,True,False,Comm Only
2026-11-06 00:00:00+00:00,1793923200.0,im2_mons_mouton,195.04,-3.52,2.65,336.41,0.4,0.0,False,True,False,Comm Only
2026-11-06 01:00:00+00:00,1793926800.0,im2_mons_mouton,194.53,-3.53,2.7,336.41,0.35,0.0,False,True,False,Comm Only
2026-11-06 02:00:00+00:00,1793930400.0,im2_mons_mouton,194.02,-3.54,2.75,336.4,0.3,0.0,False,True,False,Comm Only
2026-11-06 03:00:00+00:00,1793934000.0,im2_mons_mouton,193.51,-3.56,2.8,336.39,0.25,0.0,False,True,False,Comm Only
2026-11-06 04:00:00+00:00,1793937600.0,im2_mons_mouton,193.0,-3.56,2.85,336.38,0.2,0.0,False,True,False,Comm Only
2026-11-06 05:00:00+00:00,1793941200.0,im2_mons_mouton,192.5,-3.58,2.9,336.38,0.16,0.0,False,True,False,Comm Only
2026-11-06 06:00:00+00:00,1793944800.0,im2_mons_mouton,191.99,-3.58,2.95,336.37,0.11,0.0,False,True,False,Comm Only
2026-11-06 07:00:00+00:00,1793948400.0,im2_mons_mouton,191.48,-3.59,3.0,336.36,0.07,0.0,False,True,False,Comm Only
2026-11-06 08:00:00+00:00,1793952000.0,im2_mons_mouton,190.97,-3.6,3.05,336.35,0.02,0.0,False,True,False,Comm Only
2026-11-06 09:00:00+00:00,1793955600.0,im2_mons_mouton,190.46,-3.61,3.09,336.34,-0.03,0.0,False,False,False,Blackout
2026-11-06 10:00:00+00:00,1793959200.0,im2_mons_mouton,189.95,-3.62,3.14,336.34,-0.07,0.0,False,False,False,Blackout
2026-11-06 11:00:00+00:00,1793962800.0,im2_mons_mouton,189.44,-3.62,3.13,336.33,-0.12,0.0,False,False,False,Blackout
2026-11-06 12:00:00+00:00,1793966400.0,im2_mons_mouton,188.93,-3.63,3.13,336.32,-0.16,0.0,False,False,False,Blackout
2026-11-06 13:00:00+00:00,1793970000.0,im2_mons_mouton,188.42,-3.64,3.12,336.31,-0.2,0.0,False,False,False,Blackout
2026-11-06 14:00:00+00:00,1793973600.0,im2_mons_mouton,187.91,-3.65,3.11,336.3,-0.25,0.0,False,False,False,Blackout
2026-11-06 15:00:00+00:00,1793977200.0,im2_mons_mouton,187.4,-3.65,3.11,336.29,-0.29,0.0,False,False,False,Blackout
2026-11-06 16:00:00+00:00,1793980800.0,im2_mons_mouton,186.9,-3.66,3.1,336.27,-0.33,0.0,False,False,False,Blackout
2026-11-06 17:00:00+00:00,1793984400.0,im2_mons_mouton,186.39,-3.66,3.1,336.26,-0.37,0.0,False,False,False,Blackout
2026-11-06 18:00:00+00:00,1793988000.0,im2_mons_mouton,185.88,-3.67,3.09,336.25,-0.41,0.0,False,False,False,Blackout
2026-11-06 19:00:00+00:00,1793991600.0,im2_mons_mouton,185.37,-3.67,3.08,336.24,-0.46,0.0,False,False,False,Blackout
2026-11-06 20:00:00+00:00,1793995200.0,im2_mons_mouton,184.86,-3.67,3.08,336.23,-0.5,0.0,False,False,False,Blackout
2026-11-06 21:00:00+00:00,1793998800.0,im2_mons_mouton,184.35,-3.68,3.08,336.21,-0.54,0.0,False,False,False,Blackout
2026-11-06 22:00:00+00:00,1794002400.0,im2_mons_mouton,183.84,-3.68,3.08,336.2,-0.58,0.0,False,False,False,Blackout
2026-11-06 23:00:00+00:00,1794006000.0,im2_mons_mouton,183.33,-3.68,3.08,336.19,-0.61,0.0,False,False,False,Blackout
2026-11-07 00:00:00+00:00,1794009600.0,im2_mons_mouton,182.82,-3.68,3.08,336.18,-0.65,0.0,False,False,False,Blackout
2026-11-07 01:00:00+00:00,1794013200.0,im2_mons_mouton,182.31,-3.69,3.08,336.16,-0.69,0.0,False,False,False,Blackout
2026-11-07 02:00:00+00:00,1794016800.0,im2_mons_mouton,181.8,-3.69,3.08,336.15,-0.73,0.0,False,False,False,Blackout
2026-11-07 03:00:00+00:00,1794020400.0,im2_mons_mouton,181.29,-3.69,3.08,336.13,-0.77,0.0,False,False,False,Blackout
2026-11-07 04:00:00+00:00,1794024000.0,im2_mons_mouton,180.78,-3.69,3.08,336.12,-0.8,0.0,False,False,False,Blackout
2026-11-07 05:00:00+00:00,1794027600.0,im2_mons_mouton,180.28,-3.69,3.08,336.11,-0.84,0.0,False,False,False,Blackout
2026-11-07 06:00:00+00:00,1794031200.0,im2_mons_mouton,179.77,-3.69,3.09,336.09,-0.88,0.0,False,False,False,Blackout
2026-11-07 07:00:00+00:00,1794034800.0,im2_mons_mouton,179.26,-3.69,3.12,336.07,-0.91,0.0,False,False,False,Blackout
2026-11-07 08:00:00+00:00,1794038400.0,im2_mons_mouton,178.75,-3.69,3.15,336.06,-0.95,0.0,False,False,False,Blackout
2026-11-07 09:00:00+00:00,1794042000.0,im2_mons_mouton,178.24,-3.68,3.18,336.04,-0.98,0.0,False,False,False,Blackout
2026-11-07 10:00:00+00:00,1794045600.0,im2_mons_mouton,177.73,-3.68,3.2,336.03,-1.01,0.0,False,False,False,Blackout
2026-11-07 11:00:00+00:00,1794049200.0,im2_mons_mouton,177.22,-3.68,3.23,336.01,-1.05,0.0,False,False,False,Blackout
2026-11-07 12:00:00+00:00,1794052800.0,im2_mons_mouton,176.71,-3.68,3.26,335.99,-1.08,0.0,False,False,False,Blackout
2026-11-07 13:00:00+00:00,1794056400.0,im2_mons_mouton,176.2,-3.67,3.29,335.98,-1.11,0.0,False,False,False,Blackout
2026-11-07 14:00:00+00:00,1794060000.0,im2_mons_mouton,175.69,-3.67,3.31,335.96,-1.15,0.0,False,False,False,Blackout
2026-11-07 15:00:00+00:00,1794063600.0,im2_mons_mouton,175.18,-3.67,3.34,335.94,-1.18,0.0,False,False,False,Blackout
2026-11-07 16:00:00+00:00,1794067200.0,im2_mons_mouton,174.67,-3.66,3.33,335.92,-1.21,0.0,False,False,False,Blackout
2026-11-07 17:00:00+00:00,1794070800.0,im2_mons_mouton,174.16,-3.66,3.3,335.9,-1.24,0.0,False,False,False,Blackout
2026-11-07 18:00:00+00:00,1794074400.0,im2_mons_mouton,173.66,-3.65,3.28,335.88,-1.27,0.0,False,False,False,Blackout
2026-11-07 19:00:00+00:00,1794078000.0,im2_mons_mouton,173.15,-3.65,3.25,335.87,-1.3,0.0,False,False,False,Blackout
2026-11-07 20:00:00+00:00,1794081600.0,im2_mons_mouton,172.64,-3.64,3.22,335.85,-1.33,0.0,False,False,False,Blackout
2026-11-07 21:00:00+00:00,1794085200.0,im2_mons_mouton,172.13,-3.63,3.19,335.83,-1.35,0.0,False,False,False,Blackout
2026-11-07 22:00:00+00:00,1794088800.0,im2_mons_mouton,171.62,-3.63,3.17,335.81,-1.38,0.0,False,False,False,Blackout
2026-11-07 23:00:00+00:00,1794092400.0,im2_mons_mouton,171.11,-3.62,3.14,335.79,-1.41,0.0,False,False,False,Blackout
2026-11-08 00:00:00+00:00,1794096000.0,im2_mons_mouton,170.6,-3.61,3.11,335.77,-1.44,0.0,False,False,False,Blackout
2026-11-08 01:00:00+00:00,1794099600.0,im2_mons_mouton,170.09,-3.6,3.08,335.75,-1.46,0.0,False,False,False,Blackout
2026-11-08 02:00:00+00:00,1794103200.0,im2_mons_mouton,169.58,-3.59,3.08,335.73,-1.49,0.0,False,False,False,Blackout
2026-11-08 03:00:00+00:00,1794106800.0,im2_mons_mouton,169.07,-3.58,3.08,335.7,-1.52,0.0,False,False,False,Blackout
2026-11-08 04:00:00+00:00,1794110400.0,im2_mons_mouton,168.56,-3.58,3.07,335.68,-1.54,0.0,False,False,False,Blackout
2026-11-08 05:00:00+00:00,1794114000.0,im2_mons_mouton,168.06,-3.57,3.07,335.66,-1.56,0.0,False,False,False,Blackout
2026-11-08 06:00:00+00:00,1794117600.0,im2_mons_mouton,167.54,-3.56,3.07,335.64,-1.59,0.0,False,False,False,Blackout
2026-11-08 07:00:00+00:00,1794121200.0,im2_mons_mouton,167.04,-3.55,3.07,335.61,-1.61,0.0,False,False,False,Blackout
2026-11-08 08:00:00+00:00,1794124800.0,im2_mons_mouton,166.53,-3.54,3.07,335.59,-1.64,0.0,False,False,False,Blackout
2026-11-08 09:00:00+00:00,1794128400.0,im2_mons_mouton,166.02,-3.52,3.06,335.57,-1.66,0.0,False,False,False,Blackout
2026-11-08 10:00:00+00:00,1794132000.0,im2_mons_mouton,165.51,-3.51,3.06,335.55,-1.68,0.0,False,False,False,Blackout
2026-11-08 11:00:00+00:00,1794135600.0,im2_mons_mouton,165.0,-3.5,3.06,335.52,-1.7,0.0,False,False,False,Blackout
2026-11-08 12:00:00+00:00,1794139200.0,im2_mons_mouton,164.49,-3.49,3.04,335.5,-1.72,0.0,False,False,False,Blackout
2026-11-08 13:00:00+00:00,1794142800.0,im2_mons_mouton,163.98,-3.47,3.02,335.47,-1.74,0.0,False,False,False,Blackout
2026-11-08 14:00:00+00:00,1794146400.0,im2_mons_mouton,163.47,-3.46,3.01,335.45,-1.76,0.0,False,False,False,Blackout
2026-11-08 15:00:00+00:00,1794150000.0,im2_mons_mouton,162.96,-3.45,2.99,335.42,-1.78,0.0,False,False,False,Blackout
2026-11-08 16:00:00+00:00,1794153600.0,im2_mons_mouton,162.46,-3.43,2.97,335.4,-1.8,0.0,False,False,False,Blackout
2026-11-08 17:00:00+00:00,1794157200.0,im2_mons_mouton,161.95,-3.42,2.95,335.37,-1.82,0.0,False,False,False,Blackout
2026-11-08 18:00:00+00:00,1794160800.0,im2_mons_mouton,161.44,-3.4,2.93,335.35,-1.83,0.0,False,False,False,Blackout
2026-11-08 19:00:00+00:00,1794164400.0,im2_mons_mouton,160.93,-3.39,2.91,335.32,-1.85,0.0,False,False,False,Blackout
2026-11-08 20:00:00+00:00,1794168000.0,im2_mons_mouton,160.42,-3.37,2.9,335.29,-1.87,0.0,False,False,False,Blackout
2026-11-08 21:00:00+00:00,1794171600.0,im2_mons_mouton,159.91,-3.36,2.88,335.26,-1.88,0.0,False,False,False,Blackout
2026-11-08 22:00:00+00:00,1794175200.0,im2_mons_mouton,159.4,-3.34,2.91,335.24,-1.9,0.0,False,False,False,Blackout
2026-11-08 23:00:00+00:00,1794178800.0,im2_mons_mouton,158.89,-3.32,2.93,335.21,-1.92,0.0,False,False,False,Blackout
2026-11-09 00:00:00+00:00,1794182400.0,im2_mons_mouton,158.38,-3.31,2.96,335.18,-1.93,0.0,False,False,False,Blackout
2026-11-09 01:00:00+00:00,1794186000.0,im2_mons_mouton,157.88,-3.29,2.98,335.15,-1.94,0.0,False,False,False,Blackout
2026-11-09 02:00:00+00:00,1794189600.0,im2_mons_mouton,157.37,-3.27,3.01,335.12,-1.96,0.0,False,False,False,Blackout
2026-11-09 03:00:00+00:00,1794193200.0,im2_mons_mouton,156.86,-3.25,3.03,335.1,-1.97,0.0,False,False,False,Blackout
2026-11-09 04:00:00+00:00,1794196800.0,im2_mons_mouton,156.35,-3.23,3.06,335.07,-1.98,0.0,False,False,False,Blackout
2026-11-09 05:00:00+00:00,1794200400.0,im2_mons_mouton,155.84,-3.21,3.08,335.04,-1.99,0.0,False,False,False,Blackout
2026-11-09 06:00:00+00:00,1794204000.0,im2_mons_mouton,155.33,-3.2,3.1,335.01,-2.0,0.0,False,False,False,Blackout
2026-11-09 07:00:00+00:00,1794207600.0,im2_mons_mouton,154.82,-3.18,3.1,334.98,-2.02,0.0,False,False,False,Blackout
2026-11-09 08:00:00+00:00,1794211200.0,im2_mons_mouton,154.31,-3.16,3.06,334.95,-2.03,0.0,False,False,False,Blackout
2026-11-09 09:00:00+00:00,1794214800.0,im2_mons_mouton,153.81,-3.14,3.01,334.92,-2.04,0.0,False,False,False,Blackout
2026-11-09 10:00:00+00:00,1794218400.0,im2_mons_mouton,153.3,-3.12,2.97,334.88,-2.04,0.0,False,False,False,Blackout
2026-11-09 11:00:00+00:00,1794222000.0,im2_mons_mouton,152.79,-3.09,2.92,334.85,-2.05,0.0,False,False,False,Blackout
2026-11-09 12:00:00+00:00,1794225600.0,im2_mons_mouton,152.28,-3.07,2.88,334.82,-2.06,0.0,False,False,False,Blackout
2026-11-09 13:00:00+00:00,1794229200.0,im2_mons_mouton,151.77,-3.05,2.83,334.79,-2.07,0.0,False,False,False,Blackout
2026-11-09 14:00:00+00:00,1794232800.0,im2_mons_mouton,151.26,-3.03,2.78,334.76,-2.08,0.0,False,False,False,Blackout
2026-11-09 15:00:00+00:00,1794236400.0,im2_mons_mouton,150.75,-3.0,2.74,334.72,-2.08,0.0,False,False,False,Blackout
2026-11-09 16:00:00+00:00,1794240000.0,im2_mons_mouton,150.25,-2.98,2.69,334.69,-2.09,0.0,False,False,False,Blackout
2026-11-09 17:00:00+00:00,1794243600.0,im2_mons_mouton,149.74,-2.96,2.67,334.66,-2.1,0.0,False,False,False,Blackout
2026-11-09 18:00:00+00:00,1794247200.0,im2_mons_mouton,149.23,-2.94,2.66,334.62,-2.1,0.0,False,False,False,Blackout
2026-11-09 19:00:00+00:00,1794250800.0,im2_mons_mouton,148.72,-2.91,2.66,334.59,-2.1,0.0,False,False,False,Blackout
2026-11-09 20:00:00+00:00,1794254400.0,im2_mons_mouton,148.21,-2.89,2.65,334.56,-2.11,0.0,False,False,False,Blackout
2026-11-09 21:00:00+00:00,1794258000.0,im2_mons_mouton,147.7,-2.86,2.65,334.52,-2.11,0.0,False,False,False,Blackout
2026-11-09 22:00:00+00:00,1794261600.0,im2_mons_mouton,147.19,-2.84,2.64,334.49,-2.12,0.0,False,False,False,Blackout
2026-11-09 23:00:00+00:00,1794265200.0,im2_mons_mouton,146.69,-2.81,2.64,334.45,-2.12,0.0,False,False,False,Blackout
2026-11-10 00:00:00+00:00,1794268800.0,im2_mons_mouton,146.18,-2.79,2.63,334.41,-2.12,0.0,False,False,False,Blackout
2026-11-10 01:00:00+00:00,1794272400.0,im2_mons_mouton,145.67,-2.76,2.63,334.38,-2.12,0.0,False,False,False,Blackout
2026-11-10 02:00:00+00:00,1794276000.0,im2_mons_mouton,145.16,-2.73,2.62,334.34,-2.12,0.0,False,False,False,Blackout
2026-11-10 03:00:00+00:00,1794279600.0,im2_mons_mouton,144.65,-2.71,2.59,334.31,-2.12,0.0,False,False,False,Blackout
2026-11-10 04:00:00+00:00,1794283200.0,im2_mons_mouton,144.15,-2.68,2.54,334.27,-2.12,0.0,False,False,False,Blackout
2026-11-10 05:00:00+00:00,1794286800.0,im2_mons_mouton,143.64,-2.65,2.49,334.23,-2.12,0.0,False,False,False,Blackout
2026-11-10 06:00:00+00:00,1794290400.0,im2_mons_mouton,143.13,-2.62,2.44,334.19,-2.12,0.0,False,False,False,Blackout
2026-11-10 07:00:00+00:00,1794294000.0,im2_mons_mouton,142.62,-2.6,2.4,334.16,-2.12,0.0,False,False,False,Blackout
2026-11-10 08:00:00+00:00,1794297600.0,im2_mons_mouton,142.11,-2.57,2.35,334.12,-2.12,0.0,False,False,False,Blackout
2026-11-10 09:00:00+00:00,1794301200.0,im2_mons_mouton,141.61,-2.54,2.3,334.08,-2.11,0.0,False,False,False,Blackout
2026-11-10 10:00:00+00:00,1794304800.0,im2_mons_mouton,141.1,-2.51,2.25,334.04,-2.11,0.0,False,False,False,Blackout
2026-11-10 11:00:00+00:00,1794308400.0,im2_mons_mouton,140.59,-2.48,2.21,334.0,-2.11,0.0,False,False,False,Blackout
2026-11-10 12:00:00+00:00,1794312000.0,im2_mons_mouton,140.08,-2.45,2.16,333.96,-2.1,0.0,False,False,False,Blackout
2026-11-10 13:00:00+00:00,1794315600.0,im2_mons_mouton,139.57,-2.42,2.17,333.92,-2.1,0.0,False,False,False,Blackout
2026-11-10 14:00:00+00:00,1794319200.0,im2_mons_mouton,139.07,-2.39,2.19,333.88,-2.09,0.0,False,False,False,Blackout
2026-11-10 15:00:00+00:00,1794322800.0,im2_mons_mouton,138.56,-2.36,2.22,333.84,-2.09,0.0,False,False,False,Blackout
2026-11-10 16:00:00+00:00,1794326400.0,im2_mons_mouton,138.05,-2.33,2.24,333.8,-2.08,0.0,False,False,False,Blackout
2026-11-10 17:00:00+00:00,1794330000.0,im2_mons_mouton,137.54,-2.3,2.27,333.76,-2.08,0.0,False,False,False,Blackout
2026-11-10 18:00:00+00:00,1794333600.0,im2_mons_mouton,137.04,-2.27,2.29,333.72,-2.07,0.0,False,False,False,Blackout
2026-11-10 19:00:00+00:00,1794337200.0,im2_mons_mouton,136.53,-2.23,2.32,333.68,-2.06,0.0,False,False,False,Blackout
2026-11-10 20:00:00+00:00,1794340800.0,im2_mons_mouton,136.02,-2.2,2.34,333.64,-2.05,0.0,False,False,False,Blackout
2026-11-10 21:00:00+00:00,1794344400.0,im2_mons_mouton,135.51,-2.17,2.37,333.59,-2.04,0.0,False,False,False,Blackout
2026-11-10 22:00:00+00:00,1794348000.0,im2_mons_mouton,135.01,-2.14,2.39,333.55,-2.03,0.0,False,False,False,Blackout
2026-11-10 23:00:00+00:00,1794351600.0,im2_mons_mouton,134.5,-2.1,2.45,333.51,-2.02,0.0,False,False,False,Blackout
2026-11-11 00:00:00+00:00,1794355200.0,im2_mons_mouton,133.99,-2.07,2.52,333.46,-2.02,0.0,False,False,False,Blackout
2026-11-11 01:00:00+00:00,1794358800.0,im2_mons_mouton,133.48,-2.04,2.58,333.42,-2.0,0.0,False,False,False,Blackout
2026-11-11 02:00:00+00:00,1794362400.0,im2_mons_mouton,132.98,-2.0,2.64,333.38,-1.99,0.0,False,False,False,Blackout
2026-11-11 03:00:00+00:00,1794366000.0,im2_mons_mouton,132.47,-1.97,2.71,333.33,-1.98,0.0,False,False,False,Blackout
2026-11-11 04:00:00+00:00,1794369600.0,im2_mons_mouton,131.96,-1.94,2.77,333.29,-1.97,0.0,False,False,False,Blackout
2026-11-11 05:00:00+00:00,1794373200.0,im2_mons_mouton,131.46,-1.9,2.84,333.25,-1.96,0.0,False,False,False,Blackout
2026-11-11 06:00:00+00:00,1794376800.0,im2_mons_mouton,130.95,-1.86,2.9,333.2,-1.94,0.0,False,False,False,Blackout
2026-11-11 07:00:00+00:00,1794380400.0,im2_mons_mouton,130.44,-1.83,2.96,333.15,-1.93,0.0,False,False,False,Blackout
2026-11-11 08:00:00+00:00,1794384000.0,im2_mons_mouton,129.93,-1.79,3.03,333.11,-1.92,0.0,False,False,False,Blackout
2026-11-11 09:00:00+00:00,1794387600.0,im2_mons_mouton,129.43,-1.76,3.1,333.06,-1.9,0.0,False,False,False,Blackout
2026-11-11 10:00:00+00:00,1794391200.0,im2_mons_mouton,128.92,-1.72,3.16,333.02,-1.89,0.0,False,False,False,Blackout
2026-11-11 11:00:00+00:00,1794394800.0,im2_mons_mouton,128.41,-1.69,3.23,332.97,-1.87,0.0,False,False,False,Blackout
2026-11-11 12:00:00+00:00,1794398400.0,im2_mons_mouton,127.9,-1.65,3.3,332.92,-1.86,0.0,False,False,False,Blackout
2026-11-11 13:00:00+00:00,1794402000.0,im2_mons_mouton,127.4,-1.61,3.36,332.88,-1.84,0.0,False,False,False,Blackout
2026-11-11 14:00:00+00:00,1794405600.0,im2_mons_mouton,126.89,-1.58,3.43,332.83,-1.82,0.0,False,False,False,Blackout
2026-11-11 15:00:00+00:00,1794409200.0,im2_mons_mouton,126.38,-1.54,3.5,332.78,-1.81,0.0,False,False,False,Blackout
2026-11-11 16:00:00+00:00,1794412800.0,im2_mons_mouton,125.88,-1.5,3.56,332.73,-1.79,0.0,False,False,False,Blackout
2026-11-11 17:00:00+00:00,1794416400.0,im2_mons_mouton,125.37,-1.46,3.63,332.68,-1.77,0.0,False,False,False,Blackout
2026-11-11 18:00:00+00:00,1794420000.0,im2_mons_mouton,124.86,-1.43,3.69,332.64,-1.75,0.0,False,False,False,Blackout
2026-11-11 19:00:00+00:00,1794423600.0,im2_mons_mouton,124.36,-1.39,3.71,332.59,-1.73,0.0,False,False,False,Blackout
2026-11-11 20:00:00+00:00,1794427200.0,im2_mons_mouton,123.85,-1.35,3.74,332.54,-1.72,0.0,False,False,False,Blackout
2026-11-11 21:00:00+00:00,1794430800.0,im2_mons_mouton,123.34,-1.31,3.77,332.49,-1.7,0.0,False,False,False,Blackout
2026-11-11 22:00:00+00:00,1794434400.0,im2_mons_mouton,122.84,-1.27,3.79,332.44,-1.68,0.0,False,False,False,Blackout
2026-11-11 23:00:00+00:00,1794438000.0,im2_mons_mouton,122.33,-1.23,3.82,332.39,-1.65,0.0,False,False,False,Blackout
2026-11-12 00:00:00+00:00,1794441600.0,im2_mons_mouton,121.82,-1.19,3.85,332.34,-1.63,0.0,False,False,False,Blackout
2026-11-12 01:00:00+00:00,1794445200.0,im2_mons_mouton,121.32,-1.16,3.87,332.29,-1.61,0.0,False,False,False,Blackout
2026-11-12 02:00:00+00:00,1794448800.0,im2_mons_mouton,120.81,-1.11,3.9,332.24,-1.59,0.0,False,False,False,Blackout
2026-11-12 03:00:00+00:00,1794452400.0,im2_mons_mouton,120.3,-1.07,3.92,332.19,-1.57,0.0,False,False,False,Blackout
2026-11-12 04:00:00+00:00,1794456000.0,im2_mons_mouton,119.8,-1.03,3.94,332.14,-1.54,0.0,False,False,False,Blackout
2026-11-12 05:00:00+00:00,1794459600.0,im2_mons_mouton,119.29,-0.99,3.94,332.09,-1.52,0.0,False,False,False,Blackout
2026-11-12 06:00:00+00:00,1794463200.0,im2_mons_mouton,118.78,-0.95,3.94,332.03,-1.5,0.0,False,False,False,Blackout
2026-11-12 07:00:00+00:00,1794466800.0,im2_mons_mouton,118.28,-0.91,3.93,331.98,-1.47,0.0,False,False,False,Blackout
2026-11-12 08:00:00+00:00,1794470400.0,im2_mons_mouton,117.77,-0.87,3.93,331.93,-1.45,0.0,False,False,False,Blackout
2026-11-12 09:00:00+00:00,1794474000.0,im2_mons_mouton,117.26,-0.83,3.93,331.88,-1.42,0.0,False,False,False,Blackout
2026-11-12 10:00:00+00:00,1794477600.0,im2_mons_mouton,116.76,-0.79,3.93,331.83,-1.4,0.0,False,False,False,Blackout
2026-11-12 11:00:00+00:00,1794481200.0,im2_mons_mouton,116.25,-0.75,3.93,331.77,-1.37,0.0,False,False,False,Blackout
2026-11-12 12:00:00+00:00,1794484800.0,im2_mons_mouton,115.75,-0.71,3.92,331.72,-1.35,0.0,False,False,False,Blackout
2026-11-12 13:00:00+00:00,1794488400.0,im2_mons_mouton,115.24,-0.67,3.92,331.66,-1.32,0.0,False,False,False,Blackout
2026-11-12 14:00:00+00:00,1794492000.0,im2_mons_mouton,114.73,-0.62,3.92,331.61,-1.29,0.0,False,False,False,Blackout
2026-11-12 15:00:00+00:00,1794495600.0,im2_mons_mouton,114.23,-0.58,3.93,331.56,-1.27,0.0,False,False,False,Blackout
2026-11-12 16:00:00+00:00,1794499200.0,im2_mons_mouton,113.72,-0.54,3.94,331.5,-1.24,0.0,False,False,False,Blackout
2026-11-12 17:00:00+00:00,1794502800.0,im2_mons_mouton,113.21,-0.5,3.95,331.45,-1.21,0.0,False,False,False,Blackout
2026-11-12 18:00:00+00:00,1794506400.0,im2_mons_mouton,112.71,-0.46,3.96,331.39,-1.18,0.0,False,False,False,Blackout
2026-11-12 19:00:00+00:00,1794510000.0,im2_mons_mouton,112.2,-0.41,3.97,331.34,-1.15,0.0,False,False,False,Blackout
2026-11-12 20:00:00+00:00,1794513600.0,im2_mons_mouton,111.7,-0.37,3.98,331.29,-1.12,0.0,False,False,False,Blackout
2026-11-12 21:00:00+00:00,1794517200.0,im2_mons_mouton,111.19,-0.33,3.99,331.23,-1.09,0.0,False,False,False,Blackout
2026-11-12 22:00:00+00:00,1794520800.0,im2_mons_mouton,110.68,-0.28,4.0,331.17,-1.06,0.0,False,False,False,Blackout
2026-11-12 23:00:00+00:00,1794524400.0,im2_mons_mouton,110.18,-0.24,4.01,331.12,-1.03,0.0,False,False,False,Blackout
2026-11-13 00:00:00+00:00,1794528000.0,im2_mons_mouton,109.67,-0.2,3.99,331.06,-1.0,0.0,False,False,False,Blackout
2026-11-13 01:00:00+00:00,1794531600.0,im2_mons_mouton,109.17,-0.15,3.96,331.01,-0.97,0.0,False,False,False,Blackout
2026-11-13 02:00:00+00:00,1794535200.0,im2_mons_mouton,108.66,-0.11,3.93,330.95,-0.94,0.0,False,False,False,Blackout
2026-11-13 03:00:00+00:00,1794538800.0,im2_mons_mouton,108.15,-0.07,3.9,330.89,-0.91,0.0,False,False,False,Blackout
2026-11-13 04:00:00+00:00,1794542400.0,im2_mons_mouton,107.65,-0.02,3.86,330.84,-0.88,0.0,False,False,False,Blackout
2026-11-13 05:00:00+00:00,1794546000.0,im2_mons_mouton,107.14,0.02,3.83,330.78,-0.84,0.0,False,False,False,Blackout
2026-11-13 06:00:00+00:00,1794549600.0,im2_mons_mouton,106.64,0.07,3.8,330.73,-0.81,0.0,False,False,False,Blackout
2026-11-13 07:00:00+00:00,1794553200.0,im2_mons_mouton,106.13,0.11,3.77,330.67,-0.78,0.0,False,False,False,Blackout
2026-11-13 08:00:00+00:00,1794556800.0,im2_mons_mouton,105.62,0.16,3.74,330.61,-0.74,0.0,False,False,False,Blackout
2026-11-13 09:00:00+00:00,1794560400.0,im2_mons_mouton,105.12,0.2,3.71,330.55,-0.71,0.0,False,False,False,Blackout
2026-11-13 10:00:00+00:00,1794564000.0,im2_mons_mouton,104.61,0.24,3.66,330.5,-0.67,0.0,False,False,False,Blackout
2026-11-13 11:00:00+00:00,1794567600.0,im2_mons_mouton,104.11,0.29,3.6,330.44,-0.64,0.0,False,False,False,Blackout
2026-11-13 12:00:00+00:00,1794571200.0,im2_mons_mouton,103.6,0.33,3.54,330.38,-0.6,0.0,False,False,False,Blackout
2026-11-13 13:00:00+00:00,1794574800.0,im2_mons_mouton,103.1,0.38,3.49,330.32,-0.57,0.0,False,False,False,Blackout
2026-11-13 14:00:00+00:00,1794578400.0,im2_mons_mouton,102.59,0.42,3.43,330.26,-0.53,0.0,False,False,False,Blackout
2026-11-13 15:00:00+00:00,1794582000.0,im2_mons_mouton,102.08,0.47,3.37,330.21,-0.5,0.0,False,False,False,Blackout
2026-11-13 16:00:00+00:00,1794585600.0,im2_mons_mouton,101.58,0.51,3.32,330.15,-0.46,0.0,False,False,False,Blackout
2026-11-13 17:00:00+00:00,1794589200.0,im2_mons_mouton,101.07,0.56,3.26,330.09,-0.42,0.0,False,False,False,Blackout
2026-11-13 18:00:00+00:00,1794592800.0,im2_mons_mouton,100.57,0.6,3.2,330.03,-0.39,0.0,False,False,False,Blackout
2026-11-13 19:00:00+00:00,1794596400.0,im2_mons_mouton,100.06,0.65,3.15,329.97,-0.35,0.0,False,False,False,Blackout
2026-11-13 20:00:00+00:00,1794600000.0,im2_mons_mouton,99.55,0.7,3.13,329.91,-0.31,0.0,False,False,False,Blackout
2026-11-13 21:00:00+00:00,1794603600.0,im2_mons_mouton,99.05,0.74,3.11,329.85,-0.27,0.0,False,False,False,Blackout
2026-11-13 22:00:00+00:00,1794607200.0,im2_mons_mouton,98.54,0.79,3.1,329.8,-0.23,0.0,False,False,False,Blackout
2026-11-13 23:00:00+00:00,1794610800.0,im2_mons_mouton,98.04,0.83,3.09,329.74,-0.19,0.0,False,False,False,Blackout
2026-11-14 00:00:00+00:00,1794614400.0,im2_mons_mouton,97.53,0.88,3.07,329.68,-0.15,0.0,False,False,False,Blackout
2026-11-14 01:00:00+00:00,1794618000.0,im2_mons_mouton,97.03,0.92,3.06,329.62,-0.12,0.0,False,False,False,Blackout
2026-11-14 02:00:00+00:00,1794621600.0,im2_mons_mouton,96.52,0.97,3.04,329.56,-0.07,0.0,False,False,False,Blackout
2026-11-14 03:00:00+00:00,1794625200.0,im2_mons_mouton,96.01,1.02,3.03,329.5,-0.04,0.0,False,False,False,Blackout
2026-11-14 04:00:00+00:00,1794628800.0,im2_mons_mouton,95.51,1.06,3.01,329.44,0.01,0.0,False,True,False,Comm Only
2026-11-14 05:00:00+00:00,1794632400.0,im2_mons_mouton,95.0,1.11,3.0,329.38,0.05,0.0,False,True,False,Comm Only
2026-11-14 06:00:00+00:00,1794636000.0,im2_mons_mouton,94.5,1.15,2.97,329.32,0.09,0.0,False,True,False,Comm Only
2026-11-14 07:00:00+00:00,1794639600.0,im2_mons_mouton,93.99,1.2,2.94,329.26,0.13,0.0,False,True,False,Comm Only
2026-11-14 08:00:00+00:00,1794643200.0,im2_mons_mouton,93.49,1.25,2.92,329.2,0.17,0.0,False,True,False,Comm Only
2026-11-14 09:00:00+00:00,1794646800.0,im2_mons_mouton,92.98,1.29,2.89,329.14,0.21,0.0,False,True,False,Comm Only
2026-11-14 10:00:00+00:00,1794650400.0,im2_mons_mouton,92.48,1.34,2.86,329.08,0.25,0.0,False,True,False,Comm Only
2026-11-14 11:00:00+00:00,1794654000.0,im2_mons_mouton,91.97,1.38,2.83,329.02,0.3,0.0,False,True,False,Comm Only
2026-11-14 12:00:00+00:00,1794657600.0,im2_mons_mouton,91.46,1.43,2.8,328.96,0.34,0.0,False,True,False,Comm Only
2026-11-14 13:00:00+00:00,1794661200.0,im2_mons_mouton,90.96,1.48,2.77,328.9,0.38,0.0,False,True,False,Comm Only
2026-11-14 14:00:00+00:00,1794664800.0,im2_mons_mouton,90.45,1.52,2.75,328.84,0.43,0.0,False,True,False,Comm Only
2026-11-14 15:00:00+00:00,1794668400.0,im2_mons_mouton,89.95,1.57,2.72,328.78,0.47,0.0,False,True,False,Comm Only
2026-11-14 16:00:00+00:00,1794672000.0,im2_mons_mouton,89.44,1.61,2.68,328.72,0.51,0.0,False,True,False,Comm Only
2026-11-14 17:00:00+00:00,1794675600.0,im2_mons_mouton,88.94,1.66,2.64,328.66,0.56,0.0,False,True,False,Comm Only
2026-11-14 18:00:00+00:00,1794679200.0,im2_mons_mouton,88.43,1.71,2.6,328.6,0.6,0.0,False,True,False,Comm Only
2026-11-14 19:00:00+00:00,1794682800.0,im2_mons_mouton,87.92,1.75,2.56,328.54,0.65,0.0,False,True,False,Comm Only
2026-11-14 20:00:00+00:00,1794686400.0,im2_mons_mouton,87.42,1.8,2.52,328.48,0.69,0.0,False,True,False,Comm Only
2026-11-14 21:00:00+00:00,1794690000.0,im2_mons_mouton,86.91,1.84,2.49,328.42,0.74,0.0,False,True,False,Comm Only
2026-11-14 22:00:00+00:00,1794693600.0,im2_mons_mouton,86.41,1.89,2.45,328.36,0.78,0.0,False,True,False,Comm Only
2026-11-14 23:00:00+00:00,1794697200.0,im2_mons_mouton,85.9,1.94,2.41,328.3,0.83,0.0,False,True,False,Comm Only
2026-11-15 00:00:00+00:00,1794700800.0,im2_mons_mouton,85.4,1.98,2.37,328.24,0.88,0.0,False,True,False,Comm Only
2026-11-15 01:00:00+00:00,1794704400.0,im2_mons_mouton,84.89,2.03,2.33,328.18,0.92,0.0,False,True,False,Comm Only
2026-11-15 02:00:00+00:00,1794708000.0,im2_mons_mouton,84.38,2.07,2.31,328.12,0.97,0.0,False,True,False,Comm Only
2026-11-15 03:00:00+00:00,1794711600.0,im2_mons_mouton,83.88,2.12,2.29,328.06,1.01,0.0,False,True,False,Comm Only
2026-11-15 04:00:00+00:00,1794715200.0,im2_mons_mouton,83.37,2.17,2.26,328.0,1.06,0.0,False,True,False,Comm Only
2026-11-15 05:00:00+00:00,1794718800.0,im2_mons_mouton,82.87,2.21,2.24,327.94,1.11,0.0,False,True,False,Comm Only
2026-11-15 06:00:00+00:00,1794722400.0,im2_mons_mouton,82.36,2.26,2.21,327.88,1.16,0.0,True,True,True,Dual Operational
2026-11-15 07:00:00+00:00,1794726000.0,im2_mons_mouton,81.86,2.3,2.19,327.82,1.2,0.0,True,True,True,Dual Operational
2026-11-15 08:00:00+00:00,1794729600.0,im2_mons_mouton,81.35,2.35,2.16,327.76,1.25,0.0,True,True,True,Dual Operational
2026-11-15 09:00:00+00:00,1794733200.0,im2_mons_mouton,80.85,2.39,2.14,327.7,1.3,0.0,True,True,True,Dual Operational
2026-11-15 10:00:00+00:00,1794736800.0,im2_mons_mouton,80.34,2.44,2.12,327.64,1.35,0.0,True,True,True,Dual Operational
2026-11-15 11:00:00+00:00,1794740400.0,im2_mons_mouton,79.83,2.48,2.09,327.58,1.4,0.0,True,True,True,Dual Operational
2026-11-15 12:00:00+00:00,1794744000.0,im2_mons_mouton,79.33,2.53,2.04,327.52,1.45,0.0,True,True,True,Dual Operational
2026-11-15 13:00:00+00:00,1794747600.0,im2_mons_mouton,78.82,2.58,2.0,327.46,1.5,0.0,True,True,True,Dual Operational
2026-11-15 14:00:00+00:00,1794751200.0,im2_mons_mouton,78.32,2.62,1.95,327.4,1.54,0.0,True,True,True,Dual Operational
2026-11-15 15:00:00+00:00,1794754800.0,im2_mons_mouton,77.81,2.67,1.91,327.34,1.59,0.0,True,True,True,Dual Operational
2026-11-15 16:00:00+00:00,1794758400.0,im2_mons_mouton,77.3,2.71,1.86,327.28,1.64,0.0,True,True,True,Dual Operational
2026-11-15 17:00:00+00:00,1794762000.0,im2_mons_mouton,76.8,2.75,1.82,327.23,1.69,0.0,True,True,True,Dual Operational
2026-11-15 18:00:00+00:00,1794765600.0,im2_mons_mouton,76.29,2.8,1.77,327.17,1.74,0.0,True,True,True,Dual Operational
2026-11-15 19:00:00+00:00,1794769200.0,im2_mons_mouton,75.79,2.84,1.73,327.11,1.79,0.0,True,True,True,Dual Operational
2026-11-15 20:00:00+00:00,1794772800.0,im2_mons_mouton,75.28,2.89,1.68,327.05,1.84,0.0,True,True,True,Dual Operational
2026-11-15 21:00:00+00:00,1794776400.0,im2_mons_mouton,74.77,2.93,1.63,326.99,1.9,0.0,True,True,True,Dual Operational
2026-11-15 22:00:00+00:00,1794780000.0,im2_mons_mouton,74.27,2.98,1.57,326.93,1.95,0.0,True,True,True,Dual Operational
2026-11-15 23:00:00+00:00,1794783600.0,im2_mons_mouton,73.76,3.02,1.51,326.88,2.0,0.0,True,True,True,Dual Operational
2026-11-16 00:00:00+00:00,1794787200.0,im2_mons_mouton,73.26,3.07,1.45,326.82,2.05,0.0,True,True,True,Dual Operational
2026-11-16 01:00:00+00:00,1794790800.0,im2_mons_mouton,72.75,3.11,1.39,326.76,2.1,0.0,True,True,True,Dual Operational
2026-11-16 02:00:00+00:00,1794794400.0,im2_mons_mouton,72.25,3.15,1.32,326.71,2.15,0.0,True,True,True,Dual Operational
2026-11-16 03:00:00+00:00,1794798000.0,im2_mons_mouton,71.74,3.2,1.26,326.65,2.2,0.0,True,True,True,Dual Operational
2026-11-16 04:00:00+00:00,1794801600.0,im2_mons_mouton,71.23,3.24,1.2,326.59,2.26,0.0,True,True,True,Dual Operational
2026-11-16 05:00:00+00:00,1794805200.0,im2_mons_mouton,70.73,3.28,1.14,326.54,2.31,0.0,True,True,True,Dual Operational
2026-11-16 06:00:00+00:00,1794808800.0,im2_mons_mouton,70.22,3.33,1.08,326.48,2.36,0.0,True,True,True,Dual Operational
2026-11-16 07:00:00+00:00,1794812400.0,im2_mons_mouton,69.71,3.37,1.04,326.42,2.41,0.0,True,True,True,Dual Operational
2026-11-16 08:00:00+00:00,1794816000.0,im2_mons_mouton,69.21,3.41,1.01,326.37,2.47,0.0,True,True,True,Dual Operational
2026-11-16 09:00:00+00:00,1794819600.0,im2_mons_mouton,68.7,3.46,0.98,326.31,2.52,0.0,True,True,True,Dual Operational
2026-11-16 10:00:00+00:00,1794823200.0,im2_mons_mouton,68.2,3.5,0.96,326.26,2.57,0.0,True,True,True,Dual Operational
2026-11-16 11:00:00+00:00,1794826800.0,im2_mons_mouton,67.69,3.54,0.93,326.2,2.62,0.0,True,True,True,Dual Operational
2026-11-16 12:00:00+00:00,1794830400.0,im2_mons_mouton,67.18,3.58,0.9,326.15,2.68,0.0,True,True,True,Dual Operational
2026-11-16 13:00:00+00:00,1794834000.0,im2_mons_mouton,66.68,3.63,0.88,326.09,2.73,0.0,True,True,True,Dual Operational
2026-11-16 14:00:00+00:00,1794837600.0,im2_mons_mouton,66.17,3.67,0.85,326.04,2.79,0.0,True,True,True,Dual Operational
2026-11-16 15:00:00+00:00,1794841200.0,im2_mons_mouton,65.66,3.71,0.82,325.99,2.84,0.0,True,True,True,Dual Operational
2026-11-16 16:00:00+00:00,1794844800.0,im2_mons_mouton,65.16,3.75,0.8,325.93,2.89,0.0,True,True,True,Dual Operational
2026-11-16 17:00:00+00:00,1794848400.0,im2_mons_mouton,64.65,3.79,0.76,325.88,2.95,0.0,True,True,True,Dual Operational
2026-11-16 18:00:00+00:00,1794852000.0,im2_mons_mouton,64.14,3.84,0.72,325.83,3.0,0.0,True,True,True,Dual Operational
2026-11-16 19:00:00+00:00,1794855600.0,im2_mons_mouton,63.64,3.88,0.68,325.77,3.06,0.0,True,True,True,Dual Operational
2026-11-16 20:00:00+00:00,1794859200.0,im2_mons_mouton,63.13,3.92,0.63,325.72,3.11,0.0,True,True,True,Dual Operational
2026-11-16 21:00:00+00:00,1794862800.0,im2_mons_mouton,62.63,3.96,0.59,325.67,3.17,0.0,True,True,True,Dual Operational
2026-11-16 22:00:00+00:00,1794866400.0,im2_mons_mouton,62.12,4.0,0.55,325.62,3.22,0.0,True,True,True,Dual Operational
2026-11-16 23:00:00+00:00,1794870000.0,im2_mons_mouton,61.61,4.04,0.51,325.57,3.27,0.0,True,True,True,Dual Operational
2026-11-17 00:00:00+00:00,1794873600.0,im2_mons_mouton,61.11,4.08,0.46,325.52,3.33,0.0,True,True,True,Dual Operational
2026-11-17 01:00:00+00:00,1794877200.0,im2_mons_mouton,60.6,4.12,0.42,325.46,3.38,0.0,True,True,True,Dual Operational
2026-11-17 02:00:00+00:00,1794880800.0,im2_mons_mouton,60.09,4.16,0.38,325.41,3.44,0.0,True,True,True,Dual Operational
2026-11-17 03:00:00+00:00,1794884400.0,im2_mons_mouton,59.59,4.2,0.36,325.37,3.5,0.0,True,True,True,Dual Operational
2026-11-17 04:00:00+00:00,1794888000.0,im2_mons_mouton,59.08,4.24,0.36,325.32,3.55,0.0,True,True,True,Dual Operational
2026-11-17 05:00:00+00:00,1794891600.0,im2_mons_mouton,58.57,4.28,0.35,325.27,3.61,0.0,True,True,True,Dual Operational
2026-11-17 06:00:00+00:00,1794895200.0,im2_mons_mouton,58.07,4.32,0.34,325.22,3.66,0.0,True,True,True,Dual Operational
2026-11-17 07:00:00+00:00,1794898800.0,im2_mons_mouton,57.56,4.36,0.34,325.17,3.72,0.0,True,True,True,Dual Operational
2026-11-17 08:00:00+00:00,1794902400.0,im2_mons_mouton,57.05,4.4,0.33,325.12,3.77,0.0,True,True,True,Dual Operational
2026-11-17 09:00:00+00:00,1794906000.0,im2_mons_mouton,56.55,4.43,0.32,325.08,3.83,0.0,True,True,True,Dual Operational
2026-11-17 10:00:00+00:00,1794909600.0,im2_mons_mouton,56.04,4.47,0.31,325.03,3.88,0.0,True,True,True,Dual Operational
2026-11-17 11:00:00+00:00,1794913200.0,im2_mons_mouton,55.53,4.51,0.31,324.98,3.94,0.0,True,True,True,Dual Operational
2026-11-17 12:00:00+00:00,1794916800.0,im2_mons_mouton,55.02,4.55,0.3,324.94,4.0,0.0,True,True,True,Dual Operational
2026-11-17 13:00:00+00:00,1794920400.0,im2_mons_mouton,54.52,4.59,0.32,324.89,4.05,0.0,True,True,True,Dual Operational
2026-11-17 14:00:00+00:00,1794924000.0,im2_mons_mouton,54.01,4.62,0.35,324.85,4.11,0.0,True,True,True,Dual Operational
2026-11-17 15:00:00+00:00,1794927600.0,im2_mons_mouton,53.5,4.66,0.37,324.8,4.17,0.0,True,True,True,Dual Operational
2026-11-17 16:00:00+00:00,1794931200.0,im2_mons_mouton,53.0,4.7,0.4,324.76,4.22,0.0,True,True,True,Dual Operational
2026-11-17 17:00:00+00:00,1794934800.0,im2_mons_mouton,52.49,4.73,0.43,324.71,4.28,0.0,True,True,True,Dual Operational
2026-11-17 18:00:00+00:00,1794938400.0,im2_mons_mouton,51.98,4.77,0.45,324.67,4.34,0.0,True,True,True,Dual Operational
2026-11-17 19:00:00+00:00,1794942000.0,im2_mons_mouton,51.48,4.81,0.48,324.63,4.39,0.0,True,True,True,Dual Operational
2026-11-17 20:00:00+00:00,1794945600.0,im2_mons_mouton,50.97,4.84,0.5,324.59,4.45,0.0,True,True,True,Dual Operational
2026-11-17 21:00:00+00:00,1794949200.0,im2_mons_mouton,50.46,4.88,0.53,324.54,4.51,0.0,True,True,True,Dual Operational
2026-11-17 22:00:00+00:00,1794952800.0,im2_mons_mouton,49.95,4.91,0.55,324.5,4.56,0.0,True,True,True,Dual Operational
2026-11-17 23:00:00+00:00,1794956400.0,im2_mons_mouton,49.45,4.95,0.54,324.46,4.62,0.0,True,True,True,Dual Operational
2026-11-18 00:00:00+00:00,1794960000.0,im2_mons_mouton,48.94,4.98,0.53,324.42,4.68,0.0,True,True,True,Dual Operational
2026-11-18 01:00:00+00:00,1794963600.0,im2_mons_mouton,48.43,5.02,0.52,324.38,4.73,0.0,True,True,True,Dual Operational
2026-11-18 02:00:00+00:00,1794967200.0,im2_mons_mouton,47.92,5.05,0.51,324.34,4.79,0.0,True,True,True,Dual Operational
2026-11-18 03:00:00+00:00,1794970800.0,im2_mons_mouton,47.42,5.08,0.5,324.31,4.85,0.0,True,True,True,Dual Operational
2026-11-18 04:00:00+00:00,1794974400.0,im2_mons_mouton,46.91,5.12,0.49,324.27,4.9,0.0,True,True,True,Dual Operational
2026-11-18 05:00:00+00:00,1794978000.0,im2_mons_mouton,46.4,5.15,0.49,324.23,4.96,0.0,True,True,True,Dual Operational
2026-11-18 06:00:00+00:00,1794981600.0,im2_mons_mouton,45.89,5.18,0.48,324.19,5.02,0.0,True,True,True,Dual Operational
2026-11-18 07:00:00+00:00,1794985200.0,im2_mons_mouton,45.39,5.22,0.47,324.16,5.07,0.0,True,True,True,Dual Operational
2026-11-18 08:00:00+00:00,1794988800.0,im2_mons_mouton,44.88,5.25,0.46,324.12,5.13,0.0,True,True,True,Dual Operational
2026-11-18 09:00:00+00:00,1794992400.0,im2_mons_mouton,44.37,5.28,0.48,324.09,5.19,0.0,True,True,True,Dual Operational
2026-11-18 10:00:00+00:00,1794996000.0,im2_mons_mouton,43.86,5.31,0.49,324.05,5.24,0.0,True,True,True,Dual Operational
2026-11-18 11:00:00+00:00,1794999600.0,im2_mons_mouton,43.36,5.34,0.5,324.02,5.3,0.0,True,True,True,Dual Operational
2026-11-18 12:00:00+00:00,1795003200.0,im2_mons_mouton,42.85,5.38,0.52,323.99,5.36,0.0,True,True,True,Dual Operational
2026-11-18 13:00:00+00:00,1795006800.0,im2_mons_mouton,42.34,5.41,0.53,323.95,5.42,0.0,True,True,True,Dual Operational
2026-11-18 14:00:00+00:00,1795010400.0,im2_mons_mouton,41.83,5.44,0.54,323.92,5.47,0.0,True,True,True,Dual Operational
2026-11-18 15:00:00+00:00,1795014000.0,im2_mons_mouton,41.32,5.47,0.56,323.89,5.53,0.0,True,True,True,Dual Operational
2026-11-18 16:00:00+00:00,1795017600.0,im2_mons_mouton,40.82,5.5,0.57,323.86,5.58,0.0,True,True,True,Dual Operational
2026-11-18 17:00:00+00:00,1795021200.0,im2_mons_mouton,40.31,5.53,0.58,323.83,5.64,0.0,True,True,True,Dual Operational
2026-11-18 18:00:00+00:00,1795024800.0,im2_mons_mouton,39.8,5.56,0.6,323.8,5.7,0.0,True,True,True,Dual Operational
2026-11-18 19:00:00+00:00,1795028400.0,im2_mons_mouton,39.29,5.59,0.62,323.77,5.75,0.0,True,True,True,Dual Operational
2026-11-18 20:00:00+00:00,1795032000.0,im2_mons_mouton,38.78,5.62,0.64,323.74,5.81,0.0,True,True,True,Dual Operational
2026-11-18 21:00:00+00:00,1795035600.0,im2_mons_mouton,38.28,5.64,0.67,323.72,5.87,0.0,True,True,True,Dual Operational
2026-11-18 22:00:00+00:00,1795039200.0,im2_mons_mouton,37.77,5.67,0.69,323.69,5.92,0.0,True,True,True,Dual Operational
2026-11-18 23:00:00+00:00,1795042800.0,im2_mons_mouton,37.26,5.7,0.71,323.66,5.98,0.0,True,True,True,Dual Operational
2026-11-19 00:00:00+00:00,1795046400.0,im2_mons_mouton,36.75,5.73,0.73,323.64,6.04,0.0,True,True,True,Dual Operational
2026-11-19 01:00:00+00:00,1795050000.0,im2_mons_mouton,36.24,5.76,0.76,323.62,6.09,0.0,True,True,True,Dual Operational
2026-11-19 02:00:00+00:00,1795053600.0,im2_mons_mouton,35.74,5.78,0.78,323.59,6.15,0.0,True,True,True,Dual Operational
2026-11-19 03:00:00+00:00,1795057200.0,im2_mons_mouton,35.23,5.81,0.8,323.57,6.21,0.0,True,True,True,Dual Operational
2026-11-19 04:00:00+00:00,1795060800.0,im2_mons_mouton,34.72,5.83,0.8,323.55,6.26,0.0,True,True,True,Dual Operational
2026-11-19 05:00:00+00:00,1795064400.0,im2_mons_mouton,34.21,5.86,0.79,323.52,6.32,0.0,True,True,True,Dual Operational
2026-11-19 06:00:00+00:00,1795068000.0,im2_mons_mouton,33.7,5.89,0.77,323.5,6.37,0.0,True,True,True,Dual Operational
2026-11-19 07:00:00+00:00,1795071600.0,im2_mons_mouton,33.19,5.91,0.76,323.48,6.43,0.0,True,True,True,Dual Operational
2026-11-19 08:00:00+00:00,1795075200.0,im2_mons_mouton,32.69,5.94,0.75,323.46,6.49,0.0,True,True,True,Dual Operational
2026-11-19 09:00:00+00:00,1795078800.0,im2_mons_mouton,32.18,5.96,0.73,323.45,6.54,0.0,True,True,True,Dual Operational
2026-11-19 10:00:00+00:00,1795082400.0,im2_mons_mouton,31.67,5.99,0.72,323.43,6.6,0.0,True,True,True,Dual Operational
2026-11-19 11:00:00+00:00,1795086000.0,im2_mons_mouton,31.16,6.01,0.7,323.41,6.65,0.0,True,True,True,Dual Operational
2026-11-19 12:00:00+00:00,1795089600.0,im2_mons_mouton,30.65,6.03,0.69,323.4,6.71,0.0,True,True,True,Dual Operational
2026-11-19 13:00:00+00:00,1795093200.0,im2_mons_mouton,30.14,6.06,0.67,323.38,6.76,0.0,True,True,True,Dual Operational
2026-11-19 14:00:00+00:00,1795096800.0,im2_mons_mouton,29.64,6.08,0.67,323.37,6.82,0.0,True,True,True,Dual Operational
2026-11-19 15:00:00+00:00,1795100400.0,im2_mons_mouton,29.13,6.1,0.68,323.35,6.87,0.0,True,True,True,Dual Operational
2026-11-19 16:00:00+00:00,1795104000.0,im2_mons_mouton,28.62,6.12,0.68,323.34,6.93,0.0,True,True,True,Dual Operational
2026-11-19 17:00:00+00:00,1795107600.0,im2_mons_mouton,28.11,6.14,0.68,323.33,6.98,0.0,True,True,True,Dual Operational
2026-11-19 18:00:00+00:00,1795111200.0,im2_mons_mouton,27.6,6.17,0.68,323.32,7.04,0.0,True,True,True,Dual Operational
2026-11-19 19:00:00+00:00,1795114800.0,im2_mons_mouton,27.09,6.19,0.69,323.31,7.09,0.0,True,True,True,Dual Operational
2026-11-19 20:00:00+00:00,1795118400.0,im2_mons_mouton,26.58,6.21,0.69,323.3,7.14,0.0,True,True,True,Dual Operational
2026-11-19 21:00:00+00:00,1795122000.0,im2_mons_mouton,26.07,6.23,0.69,323.29,7.2,0.0,True,True,True,Dual Operational
2026-11-19 22:00:00+00:00,1795125600.0,im2_mons_mouton,25.57,6.25,0.7,323.28,7.25,0.0,True,True,True,Dual Operational
2026-11-19 23:00:00+00:00,1795129200.0,im2_mons_mouton,25.06,6.27,0.7,323.27,7.3,0.0,True,True,True,Dual Operational
2026-11-20 00:00:00+00:00,1795132800.0,im2_mons_mouton,24.55,6.29,0.69,323.26,7.36,0.0,True,True,True,Dual Operational
2026-11-20 01:00:00+00:00,1795136400.0,im2_mons_mouton,24.04,6.3,0.68,323.26,7.41,0.0,True,True,True,Dual Operational
2026-11-20 02:00:00+00:00,1795140000.0,im2_mons_mouton,23.53,6.32,0.67,323.25,7.46,0.0,True,True,True,Dual Operational
2026-11-20 03:00:00+00:00,1795143600.0,im2_mons_mouton,23.02,6.34,0.66,323.25,7.51,0.0,True,True,True,Dual Operational
2026-11-20 04:00:00+00:00,1795147200.0,im2_mons_mouton,22.51,6.36,0.65,323.25,7.57,0.0,True,True,True,Dual Operational
2026-11-20 05:00:00+00:00,1795150800.0,im2_mons_mouton,22.0,6.38,0.64,323.25,7.62,0.0,True,True,True,Dual Operational
2026-11-20 06:00:00+00:00,1795154400.0,im2_mons_mouton,21.5,6.39,0.63,323.25,7.67,0.0,True,True,True,Dual Operational
2026-11-20 07:00:00+00:00,1795158000.0,im2_mons_mouton,20.99,6.41,0.62,323.25,7.72,0.0,True,True,True,Dual Operational
2026-11-20 08:00:00+00:00,1795161600.0,im2_mons_mouton,20.48,6.43,0.61,323.25,7.78,0.0,True,True,True,Dual Operational
2026-11-20 09:00:00+00:00,1795165200.0,im2_mons_mouton,19.97,6.44,0.6,323.25,7.83,0.0,True,True,True,Dual Operational
2026-11-20 10:00:00+00:00,1795168800.0,im2_mons_mouton,19.46,6.46,0.58,323.25,7.88,0.0,True,True,True,Dual Operational
2026-11-20 11:00:00+00:00,1795172400.0,im2_mons_mouton,18.95,6.47,0.56,323.25,7.93,0.0,True,True,True,Dual Operational
2026-11-20 12:00:00+00:00,1795176000.0,im2_mons_mouton,18.44,6.49,0.54,323.26,7.98,0.0,True,True,True,Dual Operational
2026-11-20 13:00:00+00:00,1795179600.0,im2_mons_mouton,17.93,6.5,0.53,323.26,8.03,0.0,True,True,True,Dual Operational
2026-11-20 14:00:00+00:00,1795183200.0,im2_mons_mouton,17.42,6.51,0.51,323.27,8.08,0.0,True,True,True,Dual Operational
2026-11-20 15:00:00+00:00,1795186800.0,im2_mons_mouton,16.92,6.53,0.49,323.27,8.13,0.0,True,True,True,Dual Operational
2026-11-20 16:00:00+00:00,1795190400.0,im2_mons_mouton,16.41,6.54,0.47,323.28,8.18,0.0,True,True,True,Dual Operational
2026-11-20 17:00:00+00:00,1795194000.0,im2_mons_mouton,15.9,6.55,0.45,323.29,8.23,0.0,True,True,True,Dual Operational
2026-11-20 18:00:00+00:00,1795197600.0,im2_mons_mouton,15.39,6.57,0.43,323.3,8.28,0.0,True,True,True,Dual Operational
2026-11-20 19:00:00+00:00,1795201200.0,im2_mons_mouton,14.88,6.58,0.41,323.31,8.32,0.0,True,True,True,Dual Operational
2026-11-20 20:00:00+00:00,1795204800.0,im2_mons_mouton,14.37,6.59,0.37,323.32,8.37,0.0,True,True,True,Dual Operational
2026-11-20 21:00:00+00:00,1795208400.0,im2_mons_mouton,13.86,6.6,0.32,323.33,8.42,0.0,True,True,True,Dual Operational
2026-11-20 22:00:00+00:00,1795212000.0,im2_mons_mouton,13.35,6.61,0.28,323.35,8.47,0.0,True,True,True,Dual Operational
2026-11-20 23:00:00+00:00,1795215600.0,im2_mons_mouton,12.84,6.62,0.24,323.36,8.51,0.0,True,True,True,Dual Operational
2026-11-21 00:00:00+00:00,1795219200.0,im2_mons_mouton,12.33,6.63,0.2,323.38,8.56,0.0,True,True,True,Dual Operational
2026-11-21 01:00:00+00:00,1795222800.0,im2_mons_mouton,11.82,6.64,0.15,323.39,8.61,0.0,True,True,True,Dual Operational
2026-11-21 02:00:00+00:00,1795226400.0,im2_mons_mouton,11.32,6.65,0.11,323.41,8.65,0.0,True,True,True,Dual Operational
2026-11-21 03:00:00+00:00,1795230000.0,im2_mons_mouton,10.81,6.66,0.07,323.43,8.7,0.0,True,True,True,Dual Operational
2026-11-21 04:00:00+00:00,1795233600.0,im2_mons_mouton,10.3,6.67,0.02,323.44,8.74,0.0,True,True,True,Dual Operational
2026-11-21 05:00:00+00:00,1795237200.0,im2_mons_mouton,9.79,6.67,0.0,323.46,8.79,0.0,True,True,True,Dual Operational
2026-11-21 06:00:00+00:00,1795240800.0,im2_mons_mouton,9.28,6.68,0.0,323.49,8.83,0.0,True,True,True,Dual Operational
2026-11-21 07:00:00+00:00,1795244400.0,im2_mons_mouton,8.77,6.69,0.0,323.51,8.88,0.0,True,True,True,Dual Operational
2026-11-21 08:00:00+00:00,1795248000.0,im2_mons_mouton,8.26,6.7,0.0,323.53,8.92,0.0,True,True,True,Dual Operational
2026-11-21 09:00:00+00:00,1795251600.0,im2_mons_mouton,7.75,6.7,0.0,323.55,8.97,0.0,True,True,True,Dual Operational
2026-11-21 10:00:00+00:00,1795255200.0,im2_mons_mouton,7.24,6.71,0.0,323.58,9.01,0.0,True,True,True,Dual Operational
2026-11-21 11:00:00+00:00,1795258800.0,im2_mons_mouton,6.73,6.71,0.0,323.6,9.05,0.0,True,True,True,Dual Operational
2026-11-21 12:00:00+00:00,1795262400.0,im2_mons_mouton,6.22,6.72,0.0,323.63,9.09,0.0,True,True,True,Dual Operational
2026-11-21 13:00:00+00:00,1795266000.0,im2_mons_mouton,5.71,6.72,0.0,323.65,9.14,0.0,True,True,True,Dual Operational
2026-11-21 14:00:00+00:00,1795269600.0,im2_mons_mouton,5.21,6.73,0.0,323.68,9.18,0.0,True,True,True,Dual Operational
2026-11-21 15:00:00+00:00,1795273200.0,im2_mons_mouton,4.7,6.73,0.0,323.71,9.22,0.0,True,True,True,Dual Operational
2026-11-21 16:00:00+00:00,1795276800.0,im2_mons_mouton,4.19,6.73,0.0,323.74,9.26,0.0,True,True,True,Dual Operational
2026-11-21 17:00:00+00:00,1795280400.0,im2_mons_mouton,3.68,6.74,0.0,323.77,9.3,0.0,True,True,True,Dual Operational
2026-11-21 18:00:00+00:00,1795284000.0,im2_mons_mouton,3.17,6.74,0.0,323.8,9.34,0.0,True,True,True,Dual Operational
2026-11-21 19:00:00+00:00,1795287600.0,im2_mons_mouton,2.66,6.74,0.0,323.84,9.38,0.0,True,True,True,Dual Operational
2026-11-21 20:00:00+00:00,1795291200.0,im2_mons_mouton,2.15,6.74,0.0,323.87,9.42,0.0,True,True,True,Dual Operational
2026-11-21 21:00:00+00:00,1795294800.0,im2_mons_mouton,1.64,6.74,0.0,323.9,9.45,0.0,True,True,True,Dual Operational
2026-11-21 22:00:00+00:00,1795298400.0,im2_mons_mouton,1.13,6.75,0.0,323.94,9.49,0.0,True,True,True,Dual Operational
2026-11-21 23:00:00+00:00,1795302000.0,im2_mons_mouton,0.62,6.75,0.0,323.98,9.53,0.0,True,True,True,Dual Operational
2026-11-22 00:00:00+00:00,1795305600.0,im2_mons_mouton,0.12,6.75,0.0,324.01,9.57,0.0,True,True,True,Dual Operational
2026-11-22 01:00:00+00:00,1795309200.0,im2_mons_mouton,359.61,6.75,0.0,324.05,9.6,0.0,True,True,True,Dual Operational
2026-11-22 02:00:00+00:00,1795312800.0,im2_mons_mouton,359.1,6.75,0.0,324.09,9.64,0.0,True,True,True,Dual Operational
2026-11-22 03:00:00+00:00,1795316400.0,im2_mons_mouton,358.59,6.74,0.0,324.13,9.67,0.0,True,True,True,Dual Operational
2026-11-22 04:00:00+00:00,1795320000.0,im2_mons_mouton,358.08,6.74,0.0,324.17,9.71,0.0,True,True,True,Dual Operational
2026-11-22 05:00:00+00:00,1795323600.0,im2_mons_mouton,357.57,6.74,0.0,324.21,9.74,0.0,True,True,True,Dual Operational
2026-11-22 06:00:00+00:00,1795327200.0,im2_mons_mouton,357.06,6.74,0.0,324.25,9.78,0.0,True,True,True,Dual Operational
2026-11-22 07:00:00+00:00,1795330800.0,im2_mons_mouton,356.55,6.74,0.0,324.3,9.81,0.0,True,True,True,Dual Operational
2026-11-22 08:00:00+00:00,1795334400.0,im2_mons_mouton,356.04,6.73,0.0,324.34,9.84,0.0,True,True,True,Dual Operational
2026-11-22 09:00:00+00:00,1795338000.0,im2_mons_mouton,355.53,6.73,0.0,324.39,9.87,0.0,True,True,True,Dual Operational
2026-11-22 10:00:00+00:00,1795341600.0,im2_mons_mouton,355.02,6.72,0.0,324.43,9.9,0.0,True,True,True,Dual Operational
2026-11-22 11:00:00+00:00,1795345200.0,im2_mons_mouton,354.52,6.72,0.0,324.48,9.94,0.0,True,True,True,Dual Operational
2026-11-22 12:00:00+00:00,1795348800.0,im2_mons_mouton,354.01,6.71,0.0,324.53,9.96,0.0,True,True,True,Dual Operational
2026-11-22 13:00:00+00:00,1795352400.0,im2_mons_mouton,353.5,6.71,0.0,324.58,9.99,0.0,True,True,True,Dual Operational
2026-11-22 14:00:00+00:00,1795356000.0,im2_mons_mouton,352.99,6.7,0.0,324.63,10.02,0.0,True,True,True,Dual Operational
2026-11-22 15:00:00+00:00,1795359600.0,im2_mons_mouton,352.48,6.7,0.0,324.68,10.05,0.0,True,True,True,Dual Operational
2026-11-22 16:00:00+00:00,1795363200.0,im2_mons_mouton,351.97,6.69,0.0,324.73,10.08,0.0,True,True,True,Dual Operational
2026-11-22 17:00:00+00:00,1795366800.0,im2_mons_mouton,351.46,6.68,0.0,324.78,10.11,0.0,True,True,True,Dual Operational
2026-11-22 18:00:00+00:00,1795370400.0,im2_mons_mouton,350.95,6.68,0.0,324.83,10.13,0.0,True,True,True,Dual Operational
2026-11-22 19:00:00+00:00,1795374000.0,im2_mons_mouton,350.44,6.67,0.0,324.89,10.16,0.0,True,True,True,Dual Operational
2026-11-22 20:00:00+00:00,1795377600.0,im2_mons_mouton,349.94,6.66,0.0,324.94,10.19,0.0,True,True,True,Dual Operational
2026-11-22 21:00:00+00:00,1795381200.0,im2_mons_mouton,349.43,6.65,0.0,325.0,10.21,0.0,True,True,True,Dual Operational
2026-11-22 22:00:00+00:00,1795384800.0,im2_mons_mouton,348.92,6.64,0.0,325.05,10.23,0.0,True,True,True,Dual Operational
2026-11-22 23:00:00+00:00,1795388400.0,im2_mons_mouton,348.41,6.63,0.0,325.11,10.26,0.0,True,True,True,Dual Operational
2026-11-23 00:00:00+00:00,1795392000.0,im2_mons_mouton,347.9,6.63,0.0,325.17,10.28,0.0,True,True,True,Dual Operational
2026-11-23 01:00:00+00:00,1795395600.0,im2_mons_mouton,347.39,6.62,0.0,325.22,10.3,0.0,True,True,True,Dual Operational
2026-11-23 02:00:00+00:00,1795399200.0,im2_mons_mouton,346.88,6.61,0.0,325.28,10.32,0.0,True,True,True,Dual Operational
2026-11-23 03:00:00+00:00,1795402800.0,im2_mons_mouton,346.37,6.59,0.0,325.34,10.35,0.0,True,True,True,Dual Operational
2026-11-23 04:00:00+00:00,1795406400.0,im2_mons_mouton,345.87,6.58,0.0,325.4,10.37,0.0,True,True,True,Dual Operational
2026-11-23 05:00:00+00:00,1795410000.0,im2_mons_mouton,345.36,6.57,0.0,325.46,10.38,0.0,True,True,True,Dual Operational
2026-11-23 06:00:00+00:00,1795413600.0,im2_mons_mouton,344.85,6.56,0.0,325.53,10.4,0.0,True,True,True,Dual Operational
2026-11-23 07:00:00+00:00,1795417200.0,im2_mons_mouton,344.34,6.55,0.0,325.59,10.42,0.0,True,True,True,Dual Operational
2026-11-23 08:00:00+00:00,1795420800.0,im2_mons_mouton,343.83,6.53,0.0,325.65,10.44,0.0,True,True,True,Dual Operational
2026-11-23 09:00:00+00:00,1795424400.0,im2_mons_mouton,343.32,6.52,0.0,325.72,10.46,0.0,True,True,True,Dual Operational
2026-11-23 10:00:00+00:00,1795428000.0,im2_mons_mouton,342.82,6.51,0.0,325.78,10.47,0.0,True,True,True,Dual Operational
2026-11-23 11:00:00+00:00,1795431600.0,im2_mons_mouton,342.31,6.49,0.0,325.85,10.49,0.0,True,True,True,Dual Operational
2026-11-23 12:00:00+00:00,1795435200.0,im2_mons_mouton,341.8,6.48,0.0,325.91,10.5,0.0,True,True,True,Dual Operational
2026-11-23 13:00:00+00:00,1795438800.0,im2_mons_mouton,341.29,6.46,0.0,325.98,10.52,0.0,True,True,True,Dual Operational
2026-11-23 14:00:00+00:00,1795442400.0,im2_mons_mouton,340.78,6.45,0.0,326.05,10.53,0.0,True,True,True,Dual Operational
2026-11-23 15:00:00+00:00,1795446000.0,im2_mons_mouton,340.27,6.43,0.0,326.12,10.54,0.0,True,True,True,Dual Operational
2026-11-23 16:00:00+00:00,1795449600.0,im2_mons_mouton,339.77,6.42,0.0,326.19,10.55,0.0,True,True,True,Dual Operational
2026-11-23 17:00:00+00:00,1795453200.0,im2_mons_mouton,339.26,6.4,0.0,326.26,10.56,0.0,True,True,True,Dual Operational
2026-11-23 18:00:00+00:00,1795456800.0,im2_mons_mouton,338.75,6.38,0.0,326.33,10.57,0.0,True,True,True,Dual Operational
2026-11-23 19:00:00+00:00,1795460400.0,im2_mons_mouton,338.24,6.37,0.0,326.4,10.59,0.0,True,True,True,Dual Operational
2026-11-23 20:00:00+00:00,1795464000.0,im2_mons_mouton,337.73,6.35,0.0,326.47,10.59,0.0,True,True,True,Dual Operational
2026-11-23 21:00:00+00:00,1795467600.0,im2_mons_mouton,337.22,6.33,0.0,326.54,10.6,0.0,True,True,True,Dual Operational
2026-11-23 22:00:00+00:00,1795471200.0,im2_mons_mouton,336.72,6.31,0.0,326.61,10.61,0.0,True,True,True,Dual Operational
2026-11-23 23:00:00+00:00,1795474800.0,im2_mons_mouton,336.21,6.29,0.0,326.69,10.62,0.0,True,True,True,Dual Operational
2026-11-24 00:00:00+00:00,1795478400.0,im2_mons_mouton,335.7,6.28,0.0,326.76,10.62,0.0,True,True,True,Dual Operational
2026-11-24 01:00:00+00:00,1795482000.0,im2_mons_mouton,335.19,6.26,0.0,326.84,10.63,0.0,True,True,True,Dual Operational
2026-11-24 02:00:00+00:00,1795485600.0,im2_mons_mouton,334.68,6.24,0.0,326.91,10.63,0.0,True,True,True,Dual Operational
2026-11-24 03:00:00+00:00,1795489200.0,im2_mons_mouton,334.18,6.22,0.0,326.99,10.63,0.0,True,True,True,Dual Operational
2026-11-24 04:00:00+00:00,1795492800.0,im2_mons_mouton,333.67,6.2,0.0,327.06,10.64,0.0,True,True,True,Dual Operational
2026-11-24 05:00:00+00:00,1795496400.0,im2_mons_mouton,333.16,6.17,0.0,327.14,10.64,0.0,True,True,True,Dual Operational
2026-11-24 06:00:00+00:00,1795500000.0,im2_mons_mouton,332.65,6.15,0.0,327.21,10.64,0.0,True,True,True,Dual Operational
2026-11-24 07:00:00+00:00,1795503600.0,im2_mons_mouton,332.15,6.13,0.0,327.29,10.64,0.0,True,True,True,Dual Operational
2026-11-24 08:00:00+00:00,1795507200.0,im2_mons_mouton,331.64,6.11,0.0,327.37,10.64,0.0,True,True,True,Dual Operational
2026-11-24 09:00:00+00:00,1795510800.0,im2_mons_mouton,331.13,6.09,0.0,327.45,10.64,0.0,True,True,True,Dual Operational
2026-11-24 10:00:00+00:00,1795514400.0,im2_mons_mouton,330.62,6.07,0.0,327.52,10.64,0.0,True,True,True,Dual Operational
2026-11-24 11:00:00+00:00,1795518000.0,im2_mons_mouton,330.11,6.04,0.0,327.6,10.64,0.0,True,True,True,Dual Operational
2026-11-24 12:00:00+00:00,1795521600.0,im2_mons_mouton,329.61,6.02,0.0,327.68,10.63,0.0,True,True,True,Dual Operational
2026-11-24 13:00:00+00:00,1795525200.0,im2_mons_mouton,329.1,6.0,0.0,327.76,10.63,0.0,True,True,True,Dual Operational
2026-11-24 14:00:00+00:00,1795528800.0,im2_mons_mouton,328.59,5.97,0.0,327.84,10.62,0.0,True,True,True,Dual Operational
2026-11-24 15:00:00+00:00,1795532400.0,im2_mons_mouton,328.08,5.95,0.0,327.92,10.62,0.0,True,True,True,Dual Operational
2026-11-24 16:00:00+00:00,1795536000.0,im2_mons_mouton,327.58,5.92,0.0,328.0,10.61,0.0,True,True,True,Dual Operational
2026-11-24 17:00:00+00:00,1795539600.0,im2_mons_mouton,327.07,5.9,0.0,328.08,10.61,0.0,True,True,True,Dual Operational
2026-11-24 18:00:00+00:00,1795543200.0,im2_mons_mouton,326.56,5.87,0.0,328.17,10.6,0.0,True,True,True,Dual Operational
2026-11-24 19:00:00+00:00,1795546800.0,im2_mons_mouton,326.06,5.85,0.0,328.25,10.59,0.0,True,True,True,Dual Operational
2026-11-24 20:00:00+00:00,1795550400.0,im2_mons_mouton,325.55,5.82,0.0,328.33,10.58,0.0,True,True,True,Dual Operational
2026-11-24 21:00:00+00:00,1795554000.0,im2_mons_mouton,325.04,5.79,0.0,328.41,10.57,0.0,True,True,True,Dual Operational
2026-11-24 22:00:00+00:00,1795557600.0,im2_mons_mouton,324.53,5.77,0.0,328.49,10.56,0.0,True,True,True,Dual Operational
2026-11-24 23:00:00+00:00,1795561200.0,im2_mons_mouton,324.03,5.74,0.0,328.58,10.55,0.0,True,True,True,Dual Operational
2026-11-25 00:00:00+00:00,1795564800.0,im2_mons_mouton,323.52,5.71,0.0,328.66,10.53,0.0,True,True,True,Dual Operational
2026-11-25 01:00:00+00:00,1795568400.0,im2_mons_mouton,323.01,5.68,0.0,328.74,10.52,0.0,True,True,True,Dual Operational
2026-11-25 02:00:00+00:00,1795572000.0,im2_mons_mouton,322.51,5.66,0.0,328.83,10.51,0.0,True,True,True,Dual Operational
2026-11-25 03:00:00+00:00,1795575600.0,im2_mons_mouton,322.0,5.63,0.0,328.91,10.49,0.0,True,True,True,Dual Operational
2026-11-25 04:00:00+00:00,1795579200.0,im2_mons_mouton,321.49,5.6,0.0,328.99,10.47,0.0,True,True,True,Dual Operational
2026-11-25 05:00:00+00:00,1795582800.0,im2_mons_mouton,320.99,5.57,0.0,329.08,10.46,0.0,True,True,True,Dual Operational
2026-11-25 06:00:00+00:00,1795586400.0,im2_mons_mouton,320.48,5.54,0.0,329.16,10.44,0.0,True,True,True,Dual Operational
2026-11-25 07:00:00+00:00,1795590000.0,im2_mons_mouton,319.97,5.51,0.0,329.25,10.42,0.0,True,True,True,Dual Operational
2026-11-25 08:00:00+00:00,1795593600.0,im2_mons_mouton,319.47,5.48,0.0,329.33,10.4,0.0,True,True,True,Dual Operational
2026-11-25 09:00:00+00:00,1795597200.0,im2_mons_mouton,318.96,5.45,0.0,329.41,10.38,0.0,True,True,True,Dual Operational
2026-11-25 10:00:00+00:00,1795600800.0,im2_mons_mouton,318.45,5.42,0.0,329.5,10.36,0.0,True,True,True,Dual Operational
2026-11-25 11:00:00+00:00,1795604400.0,im2_mons_mouton,317.95,5.39,0.0,329.58,10.34,0.0,True,True,True,Dual Operational
2026-11-25 12:00:00+00:00,1795608000.0,im2_mons_mouton,317.44,5.36,0.0,329.67,10.32,0.0,True,True,True,Dual Operational
2026-11-25 13:00:00+00:00,1795611600.0,im2_mons_mouton,316.93,5.33,0.0,329.75,10.3,0.0,True,True,True,Dual Operational
2026-11-25 14:00:00+00:00,1795615200.0,im2_mons_mouton,316.43,5.29,0.0,329.84,10.28,0.0,True,True,True,Dual Operational
2026-11-25 15:00:00+00:00,1795618800.0,im2_mons_mouton,315.92,5.26,0.0,329.92,10.25,0.0,True,True,True,Dual Operational
2026-11-25 16:00:00+00:00,1795622400.0,im2_mons_mouton,315.41,5.23,0.0,330.01,10.23,0.0,True,True,True,Dual Operational
2026-11-25 17:00:00+00:00,1795626000.0,im2_mons_mouton,314.91,5.2,0.0,330.09,10.2,0.0,True,True,True,Dual Operational
2026-11-25 18:00:00+00:00,1795629600.0,im2_mons_mouton,314.4,5.16,0.0,330.18,10.17,0.0,True,True,True,Dual Operational
2026-11-25 19:00:00+00:00,1795633200.0,im2_mons_mouton,313.89,5.13,0.0,330.26,10.15,0.0,True,True,True,Dual Operational
2026-11-25 20:00:00+00:00,1795636800.0,im2_mons_mouton,313.39,5.1,0.0,330.35,10.12,0.0,True,True,True,Dual Operational
2026-11-25 21:00:00+00:00,1795640400.0,im2_mons_mouton,312.88,5.06,0.0,330.43,10.09,0.0,True,True,True,Dual Operational
2026-11-25 22:00:00+00:00,1795644000.0,im2_mons_mouton,312.38,5.03,0.0,330.51,10.06,0.0,True,True,True,Dual Operational
2026-11-25 23:00:00+00:00,1795647600.0,im2_mons_mouton,311.87,5.0,0.0,330.6,10.03,0.0,True,True,True,Dual Operational
2026-11-26 00:00:00+00:00,1795651200.0,im2_mons_mouton,311.36,4.96,0.0,330.68,10.0,0.0,True,True,True,Dual Operational
2026-11-26 01:00:00+00:00,1795654800.0,im2_mons_mouton,310.86,4.93,0.0,330.77,9.97,0.0,True,True,True,Dual Operational
2026-11-26 02:00:00+00:00,1795658400.0,im2_mons_mouton,310.35,4.89,0.0,330.85,9.94,0.0,True,True,True,Dual Operational
2026-11-26 03:00:00+00:00,1795662000.0,im2_mons_mouton,309.85,4.86,0.0,330.94,9.9,0.0,True,True,True,Dual Operational
2026-11-26 04:00:00+00:00,1795665600.0,im2_mons_mouton,309.34,4.82,0.0,331.02,9.87,0.0,True,True,True,Dual Operational
2026-11-26 05:00:00+00:00,1795669200.0,im2_mons_mouton,308.83,4.78,0.0,331.1,9.84,0.0,True,True,True,Dual Operational
2026-11-26 06:00:00+00:00,1795672800.0,im2_mons_mouton,308.33,4.75,0.0,331.19,9.8,0.0,True,True,True,Dual Operational
2026-11-26 07:00:00+00:00,1795676400.0,im2_mons_mouton,307.82,4.71,0.0,331.27,9.77,0.0,True,True,True,Dual Operational
2026-11-26 08:00:00+00:00,1795680000.0,im2_mons_mouton,307.32,4.67,0.0,331.35,9.73,0.0,True,True,True,Dual Operational
2026-11-26 09:00:00+00:00,1795683600.0,im2_mons_mouton,306.81,4.64,0.0,331.44,9.69,0.0,True,True,True,Dual Operational
2026-11-26 10:00:00+00:00,1795687200.0,im2_mons_mouton,306.31,4.6,0.0,331.52,9.65,0.0,True,True,True,Dual Operational
2026-11-26 11:00:00+00:00,1795690800.0,im2_mons_mouton,305.8,4.56,0.0,331.6,9.62,0.0,True,True,True,Dual Operational
2026-11-26 12:00:00+00:00,1795694400.0,im2_mons_mouton,305.29,4.52,0.0,331.68,9.58,0.0,True,True,True,Dual Operational
2026-11-26 13:00:00+00:00,1795698000.0,im2_mons_mouton,304.79,4.49,0.03,331.76,9.54,0.0,True,True,True,Dual Operational
2026-11-26 14:00:00+00:00,1795701600.0,im2_mons_mouton,304.28,4.45,0.1,331.85,9.5,0.0,True,True,True,Dual Operational
2026-11-26 15:00:00+00:00,1795705200.0,im2_mons_mouton,303.78,4.41,0.17,331.93,9.46,0.0,True,True,True,Dual Operational
2026-11-26 16:00:00+00:00,1795708800.0,im2_mons_mouton,303.27,4.37,0.25,332.01,9.42,0.0,True,True,True,Dual Operational
2026-11-26 17:00:00+00:00,1795712400.0,im2_mons_mouton,302.77,4.33,0.32,332.09,9.37,0.0,True,True,True,Dual Operational
2026-11-26 18:00:00+00:00,1795716000.0,im2_mons_mouton,302.26,4.29,0.39,332.17,9.33,0.0,True,True,True,Dual Operational
2026-11-26 19:00:00+00:00,1795719600.0,im2_mons_mouton,301.76,4.25,0.46,332.25,9.29,0.0,True,True,True,Dual Operational
2026-11-26 20:00:00+00:00,1795723200.0,im2_mons_mouton,301.25,4.21,0.53,332.33,9.24,0.0,True,True,True,Dual Operational
2026-11-26 21:00:00+00:00,1795726800.0,im2_mons_mouton,300.75,4.17,0.6,332.41,9.2,0.0,True,True,True,Dual Operational
2026-11-26 22:00:00+00:00,1795730400.0,im2_mons_mouton,300.24,4.13,0.68,332.49,9.15,0.0,True,True,True,Dual Operational
2026-11-26 23:00:00+00:00,1795734000.0,im2_mons_mouton,299.74,4.09,0.72,332.57,9.11,0.0,True,True,True,Dual Operational
2026-11-27 00:00:00+00:00,1795737600.0,im2_mons_mouton,299.23,4.05,0.74,332.64,9.06,0.0,True,True,True,Dual Operational
2026-11-27 01:00:00+00:00,1795741200.0,im2_mons_mouton,298.73,4.01,0.77,332.72,9.02,0.0,True,True,True,Dual Operational
2026-11-27 02:00:00+00:00,1795744800.0,im2_mons_mouton,298.22,3.97,0.79,332.8,8.97,0.0,True,True,True,Dual Operational
2026-11-27 03:00:00+00:00,1795748400.0,im2_mons_mouton,297.72,3.93,0.81,332.88,8.92,0.0,True,True,True,Dual Operational
2026-11-27 04:00:00+00:00,1795752000.0,im2_mons_mouton,297.21,3.89,0.83,332.95,8.87,0.0,True,True,True,Dual Operational
2026-11-27 05:00:00+00:00,1795755600.0,im2_mons_mouton,296.71,3.85,0.85,333.03,8.82,0.0,True,True,True,Dual Operational
2026-11-27 06:00:00+00:00,1795759200.0,im2_mons_mouton,296.2,3.81,0.88,333.11,8.77,0.0,True,True,True,Dual Operational
2026-11-27 07:00:00+00:00,1795762800.0,im2_mons_mouton,295.7,3.77,0.9,333.18,8.72,0.0,True,True,True,Dual Operational
2026-11-27 08:00:00+00:00,1795766400.0,im2_mons_mouton,295.19,3.73,0.92,333.25,8.67,0.0,True,True,True,Dual Operational
2026-11-27 09:00:00+00:00,1795770000.0,im2_mons_mouton,294.69,3.68,0.93,333.33,8.62,0.0,True,True,True,Dual Operational
2026-11-27 10:00:00+00:00,1795773600.0,im2_mons_mouton,294.18,3.64,0.92,333.4,8.57,0.0,True,True,True,Dual Operational
2026-11-27 11:00:00+00:00,1795777200.0,im2_mons_mouton,293.68,3.6,0.91,333.48,8.52,0.0,True,True,True,Dual Operational
2026-11-27 12:00:00+00:00,1795780800.0,im2_mons_mouton,293.17,3.56,0.91,333.55,8.47,0.0,True,True,True,Dual Operational
2026-11-27 13:00:00+00:00,1795784400.0,im2_mons_mouton,292.67,3.51,0.9,333.62,8.41,0.0,True,True,True,Dual Operational
2026-11-27 14:00:00+00:00,1795788000.0,im2_mons_mouton,292.16,3.47,0.9,333.69,8.36,0.0,True,True,True,Dual Operational
2026-11-27 15:00:00+00:00,1795791600.0,im2_mons_mouton,291.66,3.43,0.89,333.76,8.31,0.0,True,True,True,Dual Operational
2026-11-27 16:00:00+00:00,1795795200.0,im2_mons_mouton,291.15,3.38,0.88,333.84,8.25,0.0,True,True,True,Dual Operational
2026-11-27 17:00:00+00:00,1795798800.0,im2_mons_mouton,290.65,3.34,0.88,333.9,8.2,0.0,True,True,True,Dual Operational
2026-11-27 18:00:00+00:00,1795802400.0,im2_mons_mouton,290.14,3.3,0.87,333.98,8.14,0.0,True,True,True,Dual Operational
2026-11-27 19:00:00+00:00,1795806000.0,im2_mons_mouton,289.64,3.25,0.84,334.04,8.09,0.0,True,True,True,Dual Operational
2026-11-27 20:00:00+00:00,1795809600.0,im2_mons_mouton,289.14,3.21,0.81,334.11,8.03,0.0,True,True,True,Dual Operational
2026-11-27 21:00:00+00:00,1795813200.0,im2_mons_mouton,288.63,3.17,0.77,334.18,7.97,0.0,True,True,True,Dual Operational
2026-11-27 22:00:00+00:00,1795816800.0,im2_mons_mouton,288.13,3.12,0.73,334.25,7.92,0.0,True,True,True,Dual Operational
2026-11-27 23:00:00+00:00,1795820400.0,im2_mons_mouton,287.62,3.08,0.69,334.31,7.86,0.0,True,True,True,Dual Operational
2026-11-28 00:00:00+00:00,1795824000.0,im2_mons_mouton,287.12,3.04,0.66,334.38,7.8,0.0,True,True,True,Dual Operational
2026-11-28 01:00:00+00:00,1795827600.0,im2_mons_mouton,286.61,2.99,0.62,334.45,7.74,0.0,True,True,True,Dual Operational
2026-11-28 02:00:00+00:00,1795831200.0,im2_mons_mouton,286.11,2.95,0.58,334.51,7.69,0.0,True,True,True,Dual Operational
2026-11-28 03:00:00+00:00,1795834800.0,im2_mons_mouton,285.6,2.9,0.54,334.58,7.63,0.0,True,True,True,Dual Operational
2026-11-28 04:00:00+00:00,1795838400.0,im2_mons_mouton,285.1,2.86,0.51,334.64,7.57,0.0,True,True,True,Dual Operational
2026-11-28 05:00:00+00:00,1795842000.0,im2_mons_mouton,284.6,2.81,0.46,334.7,7.51,0.0,True,True,True,Dual Operational
2026-11-28 06:00:00+00:00,1795845600.0,im2_mons_mouton,284.09,2.77,0.41,334.77,7.45,0.0,True,True,True,Dual Operational
2026-11-28 07:00:00+00:00,1795849200.0,im2_mons_mouton,283.59,2.72,0.36,334.83,7.39,0.0,True,True,True,Dual Operational
2026-11-28 08:00:00+00:00,1795852800.0,im2_mons_mouton,283.08,2.68,0.31,334.89,7.33,0.0,True,True,True,Dual Operational
2026-11-28 09:00:00+00:00,1795856400.0,im2_mons_mouton,282.58,2.63,0.26,334.95,7.27,0.0,True,True,True,Dual Operational
2026-11-28 10:00:00+00:00,1795860000.0,im2_mons_mouton,282.07,2.59,0.21,335.01,7.21,0.0,True,True,True,Dual Operational
2026-11-28 11:00:00+00:00,1795863600.0,im2_mons_mouton,281.57,2.54,0.16,335.07,7.15,0.0,True,True,True,Dual Operational
2026-11-28 12:00:00+00:00,1795867200.0,im2_mons_mouton,281.07,2.5,0.11,335.13,7.08,0.0,True,True,True,Dual Operational
2026-11-28 13:00:00+00:00,1795870800.0,im2_mons_mouton,280.56,2.45,0.06,335.19,7.02,0.0,True,True,True,Dual Operational
2026-11-28 14:00:00+00:00,1795874400.0,im2_mons_mouton,280.06,2.4,0.01,335.24,6.96,0.0,True,True,True,Dual Operational
2026-11-28 15:00:00+00:00,1795878000.0,im2_mons_mouton,279.55,2.36,0.0,335.3,6.9,0.0,True,True,True,Dual Operational
2026-11-28 16:00:00+00:00,1795881600.0,im2_mons_mouton,279.05,2.31,0.0,335.36,6.84,0.0,True,True,True,Dual Operational
2026-11-28 17:00:00+00:00,1795885200.0,im2_mons_mouton,278.55,2.27,0.0,335.41,6.77,0.0,True,True,True,Dual Operational
2026-11-28 18:00:00+00:00,1795888800.0,im2_mons_mouton,278.04,2.22,0.0,335.47,6.71,0.0,True,True,True,Dual Operational
2026-11-28 19:00:00+00:00,1795892400.0,im2_mons_mouton,277.54,2.18,0.0,335.52,6.65,0.0,True,True,True,Dual Operational
2026-11-28 20:00:00+00:00,1795896000.0,im2_mons_mouton,277.03,2.13,0.0,335.58,6.58,0.0,True,True,True,Dual Operational
2026-11-28 21:00:00+00:00,1795899600.0,im2_mons_mouton,276.53,2.08,0.0,335.63,6.52,0.0,True,True,True,Dual Operational
2026-11-28 22:00:00+00:00,1795903200.0,im2_mons_mouton,276.03,2.04,0.0,335.68,6.46,0.0,True,True,True,Dual Operational
2026-11-28 23:00:00+00:00,1795906800.0,im2_mons_mouton,275.52,1.99,0.0,335.73,6.39,0.0,True,True,True,Dual Operational
2026-11-29 00:00:00+00:00,1795910400.0,im2_mons_mouton,275.02,1.95,0.0,335.78,6.33,0.0,True,True,True,Dual Operational
2026-11-29 01:00:00+00:00,1795914000.0,im2_mons_mouton,274.51,1.9,0.0,335.83,6.26,0.0,True,True,True,Dual Operational
2026-11-29 02:00:00+00:00,1795917600.0,im2_mons_mouton,274.01,1.85,0.0,335.88,6.2,0.0,True,True,True,Dual Operational
2026-11-29 03:00:00+00:00,1795921200.0,im2_mons_mouton,273.5,1.81,0.0,335.93,6.13,0.0,True,True,True,Dual Operational
2026-11-29 04:00:00+00:00,1795924800.0,im2_mons_mouton,273.0,1.76,0.0,335.98,6.07,0.0,True,True,True,Dual Operational
2026-11-29 05:00:00+00:00,1795928400.0,im2_mons_mouton,272.5,1.72,0.0,336.03,6.01,0.0,True,True,True,Dual Operational
2026-11-29 06:00:00+00:00,1795932000.0,im2_mons_mouton,271.99,1.67,0.0,336.08,5.94,0.0,True,True,True,Dual Operational
2026-11-29 07:00:00+00:00,1795935600.0,im2_mons_mouton,271.49,1.62,0.0,336.12,5.88,0.0,True,True,True,Dual Operational
2026-11-29 08:00:00+00:00,1795939200.0,im2_mons_mouton,270.98,1.58,0.0,336.17,5.81,0.0,True,True,True,Dual Operational
2026-11-29 09:00:00+00:00,1795942800.0,im2_mons_mouton,270.48,1.53,0.0,336.21,5.75,0.0,True,True,True,Dual Operational
2026-11-29 10:00:00+00:00,1795946400.0,im2_mons_mouton,269.98,1.48,0.0,336.26,5.68,0.0,True,True,True,Dual Operational
2026-11-29 11:00:00+00:00,1795950000.0,im2_mons_mouton,269.47,1.44,0.0,336.3,5.61,0.0,True,True,True,Dual Operational
2026-11-29 12:00:00+00:00,1795953600.0,im2_mons_mouton,268.97,1.39,0.0,336.34,5.55,0.0,True,True,True,Dual Operational
2026-11-29 13:00:00+00:00,1795957200.0,im2_mons_mouton,268.46,1.35,0.0,336.38,5.48,0.0,True,True,True,Dual Operational
2026-11-29 14:00:00+00:00,1795960800.0,im2_mons_mouton,267.96,1.3,0.0,336.43,5.42,0.0,True,True,True,Dual Operational
2026-11-29 15:00:00+00:00,1795964400.0,im2_mons_mouton,267.46,1.25,0.0,336.47,5.35,0.0,True,True,True,Dual Operational
2026-11-29 16:00:00+00:00,1795968000.0,im2_mons_mouton,266.95,1.21,0.0,336.51,5.29,0.0,True,True,True,Dual Operational
2026-11-29 17:00:00+00:00,1795971600.0,im2_mons_mouton,266.45,1.16,0.0,336.55,5.22,0.0,True,True,True,Dual Operational
2026-11-29 18:00:00+00:00,1795975200.0,im2_mons_mouton,265.94,1.11,0.0,336.59,5.15,0.0,True,True,True,Dual Operational
2026-11-29 19:00:00+00:00,1795978800.0,im2_mons_mouton,265.44,1.07,0.0,336.62,5.09,0.0,True,True,True,Dual Operational
2026-11-29 20:00:00+00:00,1795982400.0,im2_mons_mouton,264.94,1.02,0.0,336.66,5.02,0.0,True,True,True,Dual Operational
2026-11-29 21:00:00+00:00,1795986000.0,im2_mons_mouton,264.43,0.98,0.0,336.7,4.96,0.0,True,True,True,Dual Operational
2026-11-29 22:00:00+00:00,1795989600.0,im2_mons_mouton,263.93,0.93,0.0,336.73,4.89,0.0,True,True,True,Dual Operational
2026-11-29 23:00:00+00:00,1795993200.0,im2_mons_mouton,263.42,0.88,0.0,336.77,4.83,0.0,True,True,True,Dual Operational
2026-11-30 00:00:00+00:00,1795996800.0,im2_mons_mouton,262.92,0.84,0.0,336.8,4.76,0.0,True,True,True,Dual Operational
2026-11-30 01:00:00+00:00,1796000400.0,im2_mons_mouton,262.42,0.79,0.0,336.84,4.69,0.0,True,True,True,Dual Operational
2026-11-30 02:00:00+00:00,1796004000.0,im2_mons_mouton,261.91,0.75,0.0,336.87,4.63,0.0,True,True,True,Dual Operational
2026-11-30 03:00:00+00:00,1796007600.0,im2_mons_mouton,261.41,0.7,0.0,336.9,4.56,0.0,True,True,True,Dual Operational
2026-11-30 04:00:00+00:00,1796011200.0,im2_mons_mouton,260.9,0.66,0.0,336.94,4.5,0.0,True,True,True,Dual Operational
2026-11-30 05:00:00+00:00,1796014800.0,im2_mons_mouton,260.4,0.61,0.0,336.97,4.43,0.0,True,True,True,Dual Operational
2026-11-30 06:00:00+00:00,1796018400.0,im2_mons_mouton,259.89,0.56,0.0,337.0,4.37,0.0,True,True,True,Dual Operational
2026-11-30 07:00:00+00:00,1796022000.0,im2_mons_mouton,259.39,0.52,0.0,337.03,4.3,0.0,True,True,True,Dual Operational
2026-11-30 08:00:00+00:00,1796025600.0,im2_mons_mouton,258.89,0.47,0.0,337.06,4.23,0.0,True,True,True,Dual Operational
2026-11-30 09:00:00+00:00,1796029200.0,im2_mons_mouton,258.38,0.43,0.0,337.09,4.17,0.0,True,True,True,Dual Operational
2026-11-30 10:00:00+00:00,1796032800.0,im2_mons_mouton,257.88,0.38,0.0,337.11,4.1,0.0,True,True,True,Dual Operational
2026-11-30 11:00:00+00:00,1796036400.0,im2_mons_mouton,257.37,0.34,0.0,337.14,4.04,0.0,True,True,True,Dual Operational
2026-11-30 12:00:00+00:00,1796040000.0,im2_mons_mouton,256.87,0.29,0.0,337.17,3.97,0.0,True,True,True,Dual Operational
2026-11-30 13:00:00+00:00,1796043600.0,im2_mons_mouton,256.36,0.25,0.0,337.19,3.91,0.0,True,True,True,Dual Operational
2026-11-30 14:00:00+00:00,1796047200.0,im2_mons_mouton,255.86,0.2,0.0,337.22,3.84,0.0,True,True,True,Dual Operational
2026-11-30 15:00:00+00:00,1796050800.0,im2_mons_mouton,255.36,0.16,0.0,337.24,3.78,0.0,True,True,True,Dual Operational
2026-11-30 16:00:00+00:00,1796054400.0,im2_mons_mouton,254.85,0.11,0.01,337.27,3.71,0.0,True,True,True,Dual Operational
2026-11-30 17:00:00+00:00,1796058000.0,im2_mons_mouton,254.35,0.07,0.03,337.29,3.65,0.0,True,True,True,Dual Operational
2026-11-30 18:00:00+00:00,1796061600.0,im2_mons_mouton,253.84,0.02,0.06,337.31,3.58,0.0,False,True,False,Comm Only
2026-11-30 19:00:00+00:00,1796065200.0,im2_mons_mouton,253.34,-0.02,0.08,337.34,3.52,0.0,False,True,False,Comm Only
2026-11-30 20:00:00+00:00,1796068800.0,im2_mons_mouton,252.83,-0.07,0.1,337.36,3.46,0.0,False,True,False,Comm Only
2026-11-30 21:00:00+00:00,1796072400.0,im2_mons_mouton,252.33,-0.11,0.13,337.38,3.39,0.0,False,True,False,Comm Only
2026-11-30 22:00:00+00:00,1796076000.0,im2_mons_mouton,251.82,-0.15,0.15,337.4,3.33,0.0,False,True,False,Comm Only
2026-11-30 23:00:00+00:00,1796079600.0,im2_mons_mouton,251.32,-0.2,0.18,337.42,3.26,0.0,False,True,False,Comm Only
2026-11-01 00:00:00+00:00,1793491200.0,viper_mons_mouton,253.45,0.15,0.0,332.14,6.99,0.0,True,True,True,Dual Operational
2026-11-01 01:00:00+00:00,1793494800.0,viper_mons_mouton,252.94,0.12,0.0,332.18,6.93,0.0,True,True,True,Dual Operational
2026-11-01 02:00:00+00:00,1793498400.0,viper_mons_mouton,252.44,0.08,0.0,332.22,6.88,0.0,True,True,True,Dual Operational
2026-11-01 03:00:00+00:00,1793502000.0,viper_mons_mouton,251.93,0.04,0.0,332.26,6.82,0.0,True,True,True,Dual Operational
2026-11-01 04:00:00+00:00,1793505600.0,viper_mons_mouton,251.43,0.0,0.0,332.3,6.76,0.0,True,True,True,Dual Operational
2026-11-01 05:00:00+00:00,1793509200.0,viper_mons_mouton,250.92,-0.04,0.0,332.34,6.7,0.0,False,True,False,Comm Only
2026-11-01 06:00:00+00:00,1793512800.0,viper_mons_mouton,250.41,-0.07,0.0,332.38,6.64,0.0,False,True,False,Comm Only
2026-11-01 07:00:00+00:00,1793516400.0,viper_mons_mouton,249.91,-0.11,0.0,332.42,6.58,0.0,False,True,False,Comm Only
2026-11-01 08:00:00+00:00,1793520000.0,viper_mons_mouton,249.4,-0.15,0.0,332.45,6.52,0.0,False,True,False,Comm Only
2026-11-01 09:00:00+00:00,1793523600.0,viper_mons_mouton,248.9,-0.19,0.0,332.49,6.46,0.0,False,True,False,Comm Only
2026-11-01 10:00:00+00:00,1793527200.0,viper_mons_mouton,248.39,-0.23,0.0,332.53,6.4,0.0,False,True,False,Comm Only
2026-11-01 11:00:00+00:00,1793530800.0,viper_mons_mouton,247.89,-0.26,0.0,332.57,6.34,0.0,False,True,False,Comm Only
2026-11-01 12:00:00+00:00,1793534400.0,viper_mons_mouton,247.38,-0.3,0.0,332.6,6.28,0.0,False,True,False,Comm Only
2026-11-01 13:00:00+00:00,1793538000.0,viper_mons_mouton,246.88,-0.34,0.0,332.64,6.22,0.0,False,True,False,Comm Only
2026-11-01 14:00:00+00:00,1793541600.0,viper_mons_mouton,246.37,-0.37,0.0,332.67,6.16,0.0,False,True,False,Comm Only
2026-11-01 15:00:00+00:00,1793545200.0,viper_mons_mouton,245.86,-0.41,0.0,332.71,6.1,0.0,False,True,False,Comm Only
2026-11-01 16:00:00+00:00,1793548800.0,viper_mons_mouton,245.36,-0.45,0.0,332.74,6.03,0.0,False,True,False,Comm Only
2026-11-01 17:00:00+00:00,1793552400.0,viper_mons_mouton,244.85,-0.48,0.0,332.77,5.97,0.0,False,True,False,Comm Only
2026-11-01 18:00:00+00:00,1793556000.0,viper_mons_mouton,244.35,-0.52,0.0,332.81,5.91,0.0,False,True,False,Comm Only
2026-11-01 19:00:00+00:00,1793559600.0,viper_mons_mouton,243.84,-0.55,0.0,332.84,5.85,0.0,False,True,False,Comm Only
2026-11-01 20:00:00+00:00,1793563200.0,viper_mons_mouton,243.34,-0.59,0.0,332.87,5.79,0.0,False,True,False,Comm Only
2026-11-01 21:00:00+00:00,1793566800.0,viper_mons_mouton,242.83,-0.63,0.0,332.9,5.72,0.0,False,True,False,Comm Only
2026-11-01 22:00:00+00:00,1793570400.0,viper_mons_mouton,242.32,-0.66,0.0,332.93,5.66,0.0,False,True,False,Comm Only
2026-11-01 23:00:00+00:00,1793574000.0,viper_mons_mouton,241.82,-0.7,0.0,332.97,5.6,0.0,False,True,False,Comm Only
2026-11-02 00:00:00+00:00,1793577600.0,viper_mons_mouton,241.31,-0.73,0.0,333.0,5.53,0.0,False,True,False,Comm Only
2026-11-02 01:00:00+00:00,1793581200.0,viper_mons_mouton,240.81,-0.77,0.0,333.03,5.47,0.0,False,True,False,Comm Only
2026-11-02 02:00:00+00:00,1793584800.0,viper_mons_mouton,240.3,-0.8,0.0,333.06,5.41,0.0,False,True,False,Comm Only
2026-11-02 03:00:00+00:00,1793588400.0,viper_mons_mouton,239.79,-0.84,0.0,333.08,5.34,0.0,False,True,False,Comm Only
2026-11-02 04:00:00+00:00,1793592000.0,viper_mons_mouton,239.29,-0.87,0.0,333.11,5.28,0.0,False,True,False,Comm Only
2026-11-02 05:00:00+00:00,1793595600.0,viper_mons_mouton,238.78,-0.91,0.0,333.14,5.21,0.0,False,True,False,Comm Only
2026-11-02 06:00:00+00:00,1793599200.0,viper_mons_mouton,238.28,-0.94,0.0,333.17,5.15,0.0,False,True,False,Comm Only
2026-11-02 07:00:00+00:00,1793602800.0,viper_mons_mouton,237.77,-0.97,0.0,333.19,5.09,0.0,False,True,False,Comm Only
2026-11-02 08:00:00+00:00,1793606400.0,viper_mons_mouton,237.26,-1.01,0.0,333.22,5.02,0.0,False,True,False,Comm Only
2026-11-02 09:00:00+00:00,1793610000.0,viper_mons_mouton,236.76,-1.04,0.0,333.25,4.96,0.0,False,True,False,Comm Only
2026-11-02 10:00:00+00:00,1793613600.0,viper_mons_mouton,236.25,-1.07,0.0,333.27,4.89,0.0,False,True,False,Comm Only
2026-11-02 11:00:00+00:00,1793617200.0,viper_mons_mouton,235.75,-1.11,0.0,333.3,4.83,0.0,False,True,False,Comm Only
2026-11-02 12:00:00+00:00,1793620800.0,viper_mons_mouton,235.24,-1.14,0.0,333.32,4.76,0.0,False,True,False,Comm Only
2026-11-02 13:00:00+00:00,1793624400.0,viper_mons_mouton,234.73,-1.17,0.0,333.35,4.7,0.0,False,True,False,Comm Only
2026-11-02 14:00:00+00:00,1793628000.0,viper_mons_mouton,234.23,-1.21,0.0,333.37,4.64,0.0,False,True,False,Comm Only
2026-11-02 15:00:00+00:00,1793631600.0,viper_mons_mouton,233.72,-1.24,0.0,333.39,4.57,0.0,False,True,False,Comm Only
2026-11-02 16:00:00+00:00,1793635200.0,viper_mons_mouton,233.21,-1.27,0.0,333.42,4.51,0.0,False,True,False,Comm Only
2026-11-02 17:00:00+00:00,1793638800.0,viper_mons_mouton,232.71,-1.3,0.0,333.44,4.44,0.0,False,True,False,Comm Only
2026-11-02 18:00:00+00:00,1793642400.0,viper_mons_mouton,232.2,-1.33,0.0,333.46,4.38,0.0,False,True,False,Comm Only
2026-11-02 19:00:00+00:00,1793646000.0,viper_mons_mouton,231.69,-1.36,0.0,333.48,4.31,0.0,False,True,False,Comm Only
2026-11-02 20:00:00+00:00,1793649600.0,viper_mons_mouton,231.19,-1.4,0.0,333.5,4.25,0.0,False,True,False,Comm Only
2026-11-02 21:00:00+00:00,1793653200.0,viper_mons_mouton,230.68,-1.43,0.0,333.52,4.18,0.0,False,True,False,Comm Only
2026-11-02 22:00:00+00:00,1793656800.0,viper_mons_mouton,230.17,-1.46,0.0,333.55,4.12,0.0,False,True,False,Comm Only
2026-11-02 23:00:00+00:00,1793660400.0,viper_mons_mouton,229.67,-1.49,0.0,333.57,4.05,0.0,False,True,False,Comm Only
2026-11-03 00:00:00+00:00,1793664000.0,viper_mons_mouton,229.16,-1.52,0.0,333.59,3.99,0.0,False,True,False,Comm Only
2026-11-03 01:00:00+00:00,1793667600.0,viper_mons_mouton,228.65,-1.55,0.0,333.6,3.92,0.0,False,True,False,Comm Only
2026-11-03 02:00:00+00:00,1793671200.0,viper_mons_mouton,228.15,-1.58,0.0,333.62,3.86,0.0,False,True,False,Comm Only
2026-11-03 03:00:00+00:00,1793674800.0,viper_mons_mouton,227.64,-1.61,0.0,333.64,3.79,0.0,False,True,False,Comm Only
2026-11-03 04:00:00+00:00,1793678400.0,viper_mons_mouton,227.13,-1.64,0.0,333.66,3.73,0.0,False,True,False,Comm Only
2026-11-03 05:00:00+00:00,1793682000.0,viper_mons_mouton,226.63,-1.67,0.0,333.68,3.67,0.0,False,True,False,Comm Only
2026-11-03 06:00:00+00:00,1793685600.0,viper_mons_mouton,226.12,-1.7,0.0,333.69,3.6,0.0,False,True,False,Comm Only
2026-11-03 07:00:00+00:00,1793689200.0,viper_mons_mouton,225.61,-1.73,0.0,333.71,3.54,0.0,False,True,False,Comm Only
2026-11-03 08:00:00+00:00,1793692800.0,viper_mons_mouton,225.11,-1.75,0.0,333.73,3.47,0.0,False,True,False,Comm Only
2026-11-03 09:00:00+00:00,1793696400.0,viper_mons_mouton,224.6,-1.78,0.0,333.74,3.41,0.0,False,True,False,Comm Only
2026-11-03 10:00:00+00:00,1793700000.0,viper_mons_mouton,224.09,-1.81,0.0,333.76,3.34,0.0,False,True,False,Comm Only
2026-11-03 11:00:00+00:00,1793703600.0,viper_mons_mouton,223.59,-1.84,0.0,333.77,3.28,0.0,False,True,False,Comm Only
2026-11-03 12:00:00+00:00,1793707200.0,viper_mons_mouton,223.08,-1.86,0.0,333.79,3.21,0.0,False,True,False,Comm Only
2026-11-03 13:00:00+00:00,1793710800.0,viper_mons_mouton,222.57,-1.89,0.0,333.8,3.15,0.0,False,True,False,Comm Only
2026-11-03 14:00:00+00:00,1793714400.0,viper_mons_mouton,222.07,-1.92,0.0,333.81,3.09,0.0,False,True,False,Comm Only
2026-11-03 15:00:00+00:00,1793718000.0,viper_mons_mouton,221.56,-1.94,0.0,333.83,3.02,0.0,False,True,False,Comm Only
2026-11-03 16:00:00+00:00,1793721600.0,viper_mons_mouton,221.05,-1.97,0.0,333.84,2.96,0.0,False,True,False,Comm Only
2026-11-03 17:00:00+00:00,1793725200.0,viper_mons_mouton,220.54,-2.0,0.0,333.85,2.9,0.0,False,True,False,Comm Only
2026-11-03 18:00:00+00:00,1793728800.0,viper_mons_mouton,220.04,-2.02,0.0,333.87,2.83,0.0,False,True,False,Comm Only
2026-11-03 19:00:00+00:00,1793732400.0,viper_mons_mouton,219.53,-2.05,0.0,333.88,2.77,0.0,False,True,False,Comm Only
2026-11-03 20:00:00+00:00,1793736000.0,viper_mons_mouton,219.02,-2.07,0.0,333.89,2.71,0.0,False,True,False,Comm Only
2026-11-03 21:00:00+00:00,1793739600.0,viper_mons_mouton,218.51,-2.1,0.0,333.9,2.64,0.0,False,True,False,Comm Only
2026-11-03 22:00:00+00:00,1793743200.0,viper_mons_mouton,218.01,-2.12,0.0,333.91,2.58,0.0,False,True,False,Comm Only
2026-11-03 23:00:00+00:00,1793746800.0,viper_mons_mouton,217.5,-2.15,0.0,333.92,2.52,0.0,False,True,False,Comm Only
2026-11-04 00:00:00+00:00,1793750400.0,viper_mons_mouton,216.99,-2.17,0.0,333.93,2.45,0.0,False,True,False,Comm Only
2026-11-04 01:00:00+00:00,1793754000.0,viper_mons_mouton,216.49,-2.19,0.0,333.94,2.39,0.0,False,True,False,Comm Only
2026-11-04 02:00:00+00:00,1793757600.0,viper_mons_mouton,215.98,-2.22,0.0,333.95,2.33,0.0,False,True,False,Comm Only
2026-11-04 03:00:00+00:00,1793761200.0,viper_mons_mouton,215.47,-2.24,0.0,333.96,2.27,0.0,False,True,False,Comm Only
2026-11-04 04:00:00+00:00,1793764800.0,viper_mons_mouton,214.96,-2.27,0.0,333.96,2.21,0.0,False,True,False,Comm Only
2026-11-04 05:00:00+00:00,1793768400.0,viper_mons_mouton,214.46,-2.29,0.0,333.97,2.14,0.0,False,True,False,Comm Only
2026-11-04 06:00:00+00:00,1793772000.0,viper_mons_mouton,213.95,-2.31,0.0,333.98,2.08,0.0,False,True,False,Comm Only
2026-11-04 07:00:00+00:00,1793775600.0,viper_mons_mouton,213.44,-2.33,0.0,333.99,2.02,0.0,False,True,False,Comm Only
2026-11-04 08:00:00+00:00,1793779200.0,viper_mons_mouton,212.93,-2.35,0.0,334.0,1.96,0.0,False,True,False,Comm Only
2026-11-04 09:00:00+00:00,1793782800.0,viper_mons_mouton,212.42,-2.38,0.0,334.0,1.9,0.0,False,True,False,Comm Only
2026-11-04 10:00:00+00:00,1793786400.0,viper_mons_mouton,211.92,-2.4,0.0,334.01,1.84,0.0,False,True,False,Comm Only
2026-11-04 11:00:00+00:00,1793790000.0,viper_mons_mouton,211.41,-2.42,0.0,334.01,1.78,0.0,False,True,False,Comm Only
2026-11-04 12:00:00+00:00,1793793600.0,viper_mons_mouton,210.9,-2.44,0.0,334.02,1.72,0.0,False,True,False,Comm Only
2026-11-04 13:00:00+00:00,1793797200.0,viper_mons_mouton,210.39,-2.46,0.0,334.02,1.66,0.0,False,True,False,Comm Only
2026-11-04 14:00:00+00:00,1793800800.0,viper_mons_mouton,209.88,-2.48,0.0,334.03,1.6,0.0,False,True,False,Comm Only
2026-11-04 15:00:00+00:00,1793804400.0,viper_mons_mouton,209.38,-2.5,0.0,334.03,1.54,0.0,False,True,False,Comm Only
2026-11-04 16:00:00+00:00,1793808000.0,viper_mons_mouton,208.87,-2.52,0.0,334.04,1.48,0.0,False,True,False,Comm Only
2026-11-04 17:00:00+00:00,1793811600.0,viper_mons_mouton,208.36,-2.54,0.0,334.04,1.42,0.0,False,True,False,Comm Only
2026-11-04 18:00:00+00:00,1793815200.0,viper_mons_mouton,207.85,-2.55,0.0,334.05,1.36,0.0,False,True,False,Comm Only
2026-11-04 19:00:00+00:00,1793818800.0,viper_mons_mouton,207.35,-2.57,0.0,334.05,1.3,0.0,False,True,False,Comm Only
2026-11-04 20:00:00+00:00,1793822400.0,viper_mons_mouton,206.84,-2.59,0.0,334.05,1.24,0.0,False,True,False,Comm Only
2026-11-04 21:00:00+00:00,1793826000.0,viper_mons_mouton,206.33,-2.61,0.0,334.05,1.19,0.0,False,True,False,Comm Only
2026-11-04 22:00:00+00:00,1793829600.0,viper_mons_mouton,205.82,-2.62,0.0,334.06,1.13,0.0,False,True,False,Comm Only
2026-11-04 23:00:00+00:00,1793833200.0,viper_mons_mouton,205.31,-2.64,0.0,334.06,1.07,0.0,False,True,False,Comm Only
2026-11-05 00:00:00+00:00,1793836800.0,viper_mons_mouton,204.81,-2.66,0.0,334.06,1.01,0.0,False,True,False,Comm Only
2026-11-05 01:00:00+00:00,1793840400.0,viper_mons_mouton,204.3,-2.68,0.0,334.06,0.96,0.0,False,True,False,Comm Only
2026-11-05 02:00:00+00:00,1793844000.0,viper_mons_mouton,203.79,-2.69,0.0,334.06,0.9,0.0,False,True,False,Comm Only
2026-11-05 03:00:00+00:00,1793847600.0,viper_mons_mouton,203.28,-2.71,0.0,334.06,0.84,0.0,False,True,False,Comm Only
2026-11-05 04:00:00+00:00,1793851200.0,viper_mons_mouton,202.77,-2.72,0.0,334.06,0.79,0.0,False,True,False,Comm Only
2026-11-05 05:00:00+00:00,1793854800.0,viper_mons_mouton,202.26,-2.74,0.0,334.06,0.73,0.0,False,True,False,Comm Only
2026-11-05 06:00:00+00:00,1793858400.0,viper_mons_mouton,201.76,-2.75,0.0,334.06,0.68,0.0,False,True,False,Comm Only
2026-11-05 07:00:00+00:00,1793862000.0,viper_mons_mouton,201.25,-2.77,0.0,334.06,0.62,0.0,False,True,False,Comm Only
2026-11-05 08:00:00+00:00,1793865600.0,viper_mons_mouton,200.74,-2.78,0.0,334.06,0.57,0.0,False,True,False,Comm Only
2026-11-05 09:00:00+00:00,1793869200.0,viper_mons_mouton,200.23,-2.79,0.0,334.06,0.51,0.0,False,True,False,Comm Only
2026-11-05 10:00:00+00:00,1793872800.0,viper_mons_mouton,199.72,-2.81,0.0,334.05,0.46,0.0,False,True,False,Comm Only
2026-11-05 11:00:00+00:00,1793876400.0,viper_mons_mouton,199.21,-2.82,0.0,334.05,0.4,0.0,False,True,False,Comm Only
2026-11-05 12:00:00+00:00,1793880000.0,viper_mons_mouton,198.71,-2.83,0.0,334.05,0.35,0.0,False,True,False,Comm Only
2026-11-05 13:00:00+00:00,1793883600.0,viper_mons_mouton,198.2,-2.85,0.0,334.05,0.3,0.0,False,True,False,Comm Only
2026-11-05 14:00:00+00:00,1793887200.0,viper_mons_mouton,197.69,-2.86,0.0,334.04,0.24,0.0,False,True,False,Comm Only
2026-11-05 15:00:00+00:00,1793890800.0,viper_mons_mouton,197.18,-2.87,0.0,334.04,0.19,0.0,False,True,False,Comm Only
2026-11-05 16:00:00+00:00,1793894400.0,viper_mons_mouton,196.67,-2.88,0.0,334.04,0.14,0.0,False,True,False,Comm Only
2026-11-05 17:00:00+00:00,1793898000.0,viper_mons_mouton,196.16,-2.89,0.0,334.03,0.09,0.0,False,True,False,Comm Only
2026-11-05 18:00:00+00:00,1793901600.0,viper_mons_mouton,195.65,-2.9,0.0,334.03,0.04,0.0,False,True,False,Comm Only
2026-11-05 19:00:00+00:00,1793905200.0,viper_mons_mouton,195.15,-2.91,0.0,334.02,-0.01,0.0,False,False,False,Blackout
2026-11-05 20:00:00+00:00,1793908800.0,viper_mons_mouton,194.64,-2.92,0.0,334.02,-0.06,0.0,False,False,False,Blackout
2026-11-05 21:00:00+00:00,1793912400.0,viper_mons_mouton,194.13,-2.93,0.0,334.01,-0.11,0.0,False,False,False,Blackout
2026-11-05 22:00:00+00:00,1793916000.0,viper_mons_mouton,193.62,-2.94,0.0,334.01,-0.16,0.0,False,False,False,Blackout
2026-11-05 23:00:00+00:00,1793919600.0,viper_mons_mouton,193.11,-2.95,0.0,334.0,-0.21,0.0,False,False,False,Blackout
2026-11-06 00:00:00+00:00,1793923200.0,viper_mons_mouton,192.6,-2.96,0.0,334.0,-0.26,0.0,False,False,False,Blackout
2026-11-06 01:00:00+00:00,1793926800.0,viper_mons_mouton,192.09,-2.97,0.0,333.99,-0.31,0.0,False,False,False,Blackout
2026-11-06 02:00:00+00:00,1793930400.0,viper_mons_mouton,191.59,-2.98,0.0,333.98,-0.36,0.0,False,False,False,Blackout
2026-11-06 03:00:00+00:00,1793934000.0,viper_mons_mouton,191.08,-2.98,0.0,333.98,-0.41,0.0,False,False,False,Blackout
2026-11-06 04:00:00+00:00,1793937600.0,viper_mons_mouton,190.57,-2.99,0.0,333.97,-0.45,0.0,False,False,False,Blackout
2026-11-06 05:00:00+00:00,1793941200.0,viper_mons_mouton,190.06,-3.0,0.0,333.96,-0.5,0.0,False,False,False,Blackout
2026-11-06 06:00:00+00:00,1793944800.0,viper_mons_mouton,189.55,-3.0,0.0,333.95,-0.55,0.0,False,False,False,Blackout
2026-11-06 07:00:00+00:00,1793948400.0,viper_mons_mouton,189.04,-3.01,0.0,333.94,-0.59,0.0,False,False,False,Blackout
2026-11-06 08:00:00+00:00,1793952000.0,viper_mons_mouton,188.53,-3.02,0.0,333.94,-0.64,0.0,False,False,False,Blackout
2026-11-06 09:00:00+00:00,1793955600.0,viper_mons_mouton,188.02,-3.02,0.0,333.93,-0.69,0.0,False,False,False,Blackout
2026-11-06 10:00:00+00:00,1793959200.0,viper_mons_mouton,187.52,-3.03,0.0,333.92,-0.73,0.0,False,False,False,Blackout
2026-11-06 11:00:00+00:00,1793962800.0,viper_mons_mouton,187.01,-3.03,0.0,333.91,-0.77,0.0,False,False,False,Blackout
2026-11-06 12:00:00+00:00,1793966400.0,viper_mons_mouton,186.5,-3.04,0.0,333.9,-0.82,0.0,False,False,False,Blackout
2026-11-06 13:00:00+00:00,1793970000.0,viper_mons_mouton,185.99,-3.04,0.0,333.89,-0.86,0.0,False,False,False,Blackout
2026-11-06 14:00:00+00:00,1793973600.0,viper_mons_mouton,185.48,-3.04,0.0,333.88,-0.91,0.0,False,False,False,Blackout
2026-11-06 15:00:00+00:00,1793977200.0,viper_mons_mouton,184.97,-3.05,0.0,333.87,-0.95,0.0,False,False,False,Blackout
2026-11-06 16:00:00+00:00,1793980800.0,viper_mons_mouton,184.46,-3.05,0.0,333.86,-0.99,0.0,False,False,False,Blackout
2026-11-06 17:00:00+00:00,1793984400.0,viper_mons_mouton,183.95,-3.05,0.0,333.85,-1.03,0.0,False,False,False,Blackout
2026-11-06 18:00:00+00:00,1793988000.0,viper_mons_mouton,183.44,-3.05,0.0,333.83,-1.07,0.0,False,False,False,Blackout
2026-11-06 19:00:00+00:00,1793991600.0,viper_mons_mouton,182.94,-3.06,0.0,333.82,-1.11,0.0,False,False,False,Blackout
2026-11-06 20:00:00+00:00,1793995200.0,viper_mons_mouton,182.43,-3.06,0.0,333.81,-1.16,0.0,False,False,False,Blackout
2026-11-06 21:00:00+00:00,1793998800.0,viper_mons_mouton,181.92,-3.06,0.0,333.8,-1.2,0.0,False,False,False,Blackout
2026-11-06 22:00:00+00:00,1794002400.0,viper_mons_mouton,181.41,-3.06,0.0,333.78,-1.23,0.0,False,False,False,Blackout
2026-11-06 23:00:00+00:00,1794006000.0,viper_mons_mouton,180.9,-3.06,0.0,333.77,-1.27,0.0,False,False,False,Blackout
2026-11-07 00:00:00+00:00,1794009600.0,viper_mons_mouton,180.39,-3.06,0.0,333.76,-1.31,0.0,False,False,False,Blackout
2026-11-07 01:00:00+00:00,1794013200.0,viper_mons_mouton,179.88,-3.06,0.0,333.74,-1.35,0.0,False,False,False,Blackout
2026-11-07 02:00:00+00:00,1794016800.0,viper_mons_mouton,179.37,-3.06,0.0,333.73,-1.39,0.0,False,False,False,Blackout
2026-11-07 03:00:00+00:00,1794020400.0,viper_mons_mouton,178.87,-3.06,0.0,333.72,-1.43,0.0,False,False,False,Blackout
2026-11-07 04:00:00+00:00,1794024000.0,viper_mons_mouton,178.36,-3.06,0.0,333.7,-1.46,0.0,False,False,False,Blackout
2026-11-07 05:00:00+00:00,1794027600.0,viper_mons_mouton,177.85,-3.05,0.0,333.69,-1.5,0.0,False,False,False,Blackout
2026-11-07 06:00:00+00:00,1794031200.0,viper_mons_mouton,177.34,-3.05,0.0,333.67,-1.53,0.0,False,False,False,Blackout
2026-11-07 07:00:00+00:00,1794034800.0,viper_mons_mouton,176.83,-3.05,0.0,333.66,-1.57,0.0,False,False,False,Blackout
2026-11-07 08:00:00+00:00,1794038400.0,viper_mons_mouton,176.32,-3.05,0.0,333.64,-1.6,0.0,False,False,False,Blackout
2026-11-07 09:00:00+00:00,1794042000.0,viper_mons_mouton,175.81,-3.04,0.0,333.62,-1.64,0.0,False,False,False,Blackout
2026-11-07 10:00:00+00:00,1794045600.0,viper_mons_mouton,175.3,-3.04,0.0,333.61,-1.67,0.0,False,False,False,Blackout
2026-11-07 11:00:00+00:00,1794049200.0,viper_mons_mouton,174.79,-3.04,0.0,333.59,-1.71,0.0,False,False,False,Blackout
2026-11-07 12:00:00+00:00,1794052800.0,viper_mons_mouton,174.28,-3.03,0.0,333.57,-1.74,0.0,False,False,False,Blackout
2026-11-07 13:00:00+00:00,1794056400.0,viper_mons_mouton,173.78,-3.03,0.0,333.56,-1.77,0.0,False,False,False,Blackout
2026-11-07 14:00:00+00:00,1794060000.0,viper_mons_mouton,173.27,-3.02,0.0,333.54,-1.8,0.0,False,False,False,Blackout
2026-11-07 15:00:00+00:00,1794063600.0,viper_mons_mouton,172.76,-3.02,0.0,333.52,-1.83,0.0,False,False,False,Blackout
2026-11-07 16:00:00+00:00,1794067200.0,viper_mons_mouton,172.25,-3.01,0.0,333.5,-1.87,0.0,False,False,False,Blackout
2026-11-07 17:00:00+00:00,1794070800.0,viper_mons_mouton,171.74,-3.0,0.0,333.49,-1.9,0.0,False,False,False,Blackout
2026-11-07 18:00:00+00:00,1794074400.0,viper_mons_mouton,171.23,-3.0,0.0,333.47,-1.93,0.0,False,False,False,Blackout
2026-11-07 19:00:00+00:00,1794078000.0,viper_mons_mouton,170.72,-2.99,0.0,333.45,-1.96,0.0,False,False,False,Blackout
2026-11-07 20:00:00+00:00,1794081600.0,viper_mons_mouton,170.21,-2.98,0.0,333.43,-1.99,0.0,False,False,False,Blackout
2026-11-07 21:00:00+00:00,1794085200.0,viper_mons_mouton,169.71,-2.98,0.0,333.41,-2.01,0.0,False,False,False,Blackout
2026-11-07 22:00:00+00:00,1794088800.0,viper_mons_mouton,169.2,-2.97,0.0,333.39,-2.04,0.0,False,False,False,Blackout
2026-11-07 23:00:00+00:00,1794092400.0,viper_mons_mouton,168.69,-2.96,0.0,333.37,-2.07,0.0,False,False,False,Blackout
2026-11-08 00:00:00+00:00,1794096000.0,viper_mons_mouton,168.18,-2.95,0.0,333.35,-2.1,0.0,False,False,False,Blackout
2026-11-08 01:00:00+00:00,1794099600.0,viper_mons_mouton,167.67,-2.94,0.0,333.33,-2.12,0.0,False,False,False,Blackout
2026-11-08 02:00:00+00:00,1794103200.0,viper_mons_mouton,167.16,-2.94,0.0,333.31,-2.15,0.0,False,False,False,Blackout
2026-11-08 03:00:00+00:00,1794106800.0,viper_mons_mouton,166.65,-2.93,0.0,333.28,-2.17,0.0,False,False,False,Blackout
2026-11-08 04:00:00+00:00,1794110400.0,viper_mons_mouton,166.14,-2.92,0.0,333.26,-2.2,0.0,False,False,False,Blackout
2026-11-08 05:00:00+00:00,1794114000.0,viper_mons_mouton,165.63,-2.9,0.0,333.24,-2.22,0.0,False,False,False,Blackout
2026-11-08 06:00:00+00:00,1794117600.0,viper_mons_mouton,165.12,-2.9,0.0,333.22,-2.25,0.0,False,False,False,Blackout
2026-11-08 07:00:00+00:00,1794121200.0,viper_mons_mouton,164.62,-2.88,0.0,333.19,-2.27,0.0,False,False,False,Blackout
2026-11-08 08:00:00+00:00,1794124800.0,viper_mons_mouton,164.11,-2.87,0.0,333.17,-2.29,0.0,False,False,False,Blackout
2026-11-08 09:00:00+00:00,1794128400.0,viper_mons_mouton,163.6,-2.86,0.0,333.15,-2.31,0.0,False,False,False,Blackout
2026-11-08 10:00:00+00:00,1794132000.0,viper_mons_mouton,163.09,-2.85,0.0,333.12,-2.34,0.0,False,False,False,Blackout
2026-11-08 11:00:00+00:00,1794135600.0,viper_mons_mouton,162.58,-2.84,0.0,333.1,-2.36,0.0,False,False,False,Blackout
2026-11-08 12:00:00+00:00,1794139200.0,viper_mons_mouton,162.07,-2.82,0.0,333.08,-2.38,0.0,False,False,False,Blackout
2026-11-08 13:00:00+00:00,1794142800.0,viper_mons_mouton,161.56,-2.81,0.0,333.05,-2.4,0.0,False,False,False,Blackout
2026-11-08 14:00:00+00:00,1794146400.0,viper_mons_mouton,161.06,-2.8,0.0,333.03,-2.42,0.0,False,False,False,Blackout
2026-11-08 15:00:00+00:00,1794150000.0,viper_mons_mouton,160.55,-2.78,0.0,333.0,-2.44,0.0,False,False,False,Blackout
2026-11-08 16:00:00+00:00,1794153600.0,viper_mons_mouton,160.04,-2.77,0.0,332.98,-2.46,0.0,False,False,False,Blackout
2026-11-08 17:00:00+00:00,1794157200.0,viper_mons_mouton,159.53,-2.75,0.0,332.95,-2.47,0.0,False,False,False,Blackout
2026-11-08 18:00:00+00:00,1794160800.0,viper_mons_mouton,159.02,-2.74,0.0,332.92,-2.49,0.0,False,False,False,Blackout
2026-11-08 19:00:00+00:00,1794164400.0,viper_mons_mouton,158.51,-2.73,0.0,332.9,-2.51,0.0,False,False,False,Blackout
2026-11-08 20:00:00+00:00,1794168000.0,viper_mons_mouton,158.0,-2.71,0.0,332.87,-2.52,0.0,False,False,False,Blackout
2026-11-08 21:00:00+00:00,1794171600.0,viper_mons_mouton,157.5,-2.69,0.0,332.84,-2.54,0.0,False,False,False,Blackout
2026-11-08 22:00:00+00:00,1794175200.0,viper_mons_mouton,156.99,-2.68,0.0,332.82,-2.56,0.0,False,False,False,Blackout
2026-11-08 23:00:00+00:00,1794178800.0,viper_mons_mouton,156.48,-2.66,0.0,332.79,-2.57,0.0,False,False,False,Blackout
2026-11-09 00:00:00+00:00,1794182400.0,viper_mons_mouton,155.97,-2.65,0.0,332.76,-2.59,0.0,False,False,False,Blackout
2026-11-09 01:00:00+00:00,1794186000.0,viper_mons_mouton,155.46,-2.63,0.0,332.73,-2.6,0.0,False,False,False,Blackout
2026-11-09 02:00:00+00:00,1794189600.0,viper_mons_mouton,154.95,-2.61,0.0,332.7,-2.61,0.0,False,False,False,Blackout
2026-11-09 03:00:00+00:00,1794193200.0,viper_mons_mouton,154.44,-2.59,0.0,332.67,-2.63,0.0,False,False,False,Blackout
2026-11-09 04:00:00+00:00,1794196800.0,viper_mons_mouton,153.94,-2.58,0.0,332.65,-2.64,0.0,False,False,False,Blackout
2026-11-09 05:00:00+00:00,1794200400.0,viper_mons_mouton,153.43,-2.56,0.0,332.62,-2.65,0.0,False,False,False,Blackout
2026-11-09 06:00:00+00:00,1794204000.0,viper_mons_mouton,152.92,-2.54,0.0,332.59,-2.66,0.0,False,False,False,Blackout
2026-11-09 07:00:00+00:00,1794207600.0,viper_mons_mouton,152.41,-2.52,0.0,332.56,-2.67,0.0,False,False,False,Blackout
2026-11-09 08:00:00+00:00,1794211200.0,viper_mons_mouton,151.9,-2.5,0.0,332.53,-2.68,0.0,False,False,False,Blackout
2026-11-09 09:00:00+00:00,1794214800.0,viper_mons_mouton,151.39,-2.48,0.0,332.5,-2.69,0.0,False,False,False,Blackout
2026-11-09 10:00:00+00:00,1794218400.0,viper_mons_mouton,150.88,-2.46,0.0,332.46,-2.7,0.0,False,False,False,Blackout
2026-11-09 11:00:00+00:00,1794222000.0,viper_mons_mouton,150.38,-2.44,0.0,332.43,-2.71,0.0,False,False,False,Blackout
2026-11-09 12:00:00+00:00,1794225600.0,viper_mons_mouton,149.87,-2.42,0.0,332.4,-2.72,0.0,False,False,False,Blackout
2026-11-09 13:00:00+00:00,1794229200.0,viper_mons_mouton,149.36,-2.4,0.0,332.37,-2.73,0.0,False,False,False,Blackout
2026-11-09 14:00:00+00:00,1794232800.0,viper_mons_mouton,148.85,-2.38,0.0,332.34,-2.73,0.0,False,False,False,Blackout
2026-11-09 15:00:00+00:00,1794236400.0,viper_mons_mouton,148.34,-2.36,0.0,332.3,-2.74,0.0,False,False,False,Blackout
2026-11-09 16:00:00+00:00,1794240000.0,viper_mons_mouton,147.84,-2.33,0.0,332.27,-2.75,0.0,False,False,False,Blackout
2026-11-09 17:00:00+00:00,1794243600.0,viper_mons_mouton,147.33,-2.31,0.0,332.24,-2.75,0.0,False,False,False,Blackout
2026-11-09 18:00:00+00:00,1794247200.0,viper_mons_mouton,146.82,-2.29,0.0,332.2,-2.76,0.0,False,False,False,Blackout
2026-11-09 19:00:00+00:00,1794250800.0,viper_mons_mouton,146.31,-2.27,0.0,332.17,-2.76,0.0,False,False,False,Blackout
2026-11-09 20:00:00+00:00,1794254400.0,viper_mons_mouton,145.8,-2.25,0.0,332.13,-2.77,0.0,False,False,False,Blackout
2026-11-09 21:00:00+00:00,1794258000.0,viper_mons_mouton,145.29,-2.22,0.0,332.1,-2.77,0.0,False,False,False,Blackout
2026-11-09 22:00:00+00:00,1794261600.0,viper_mons_mouton,144.79,-2.2,0.0,332.07,-2.77,0.0,False,False,False,Blackout
2026-11-09 23:00:00+00:00,1794265200.0,viper_mons_mouton,144.28,-2.17,0.0,332.03,-2.77,0.0,False,False,False,Blackout
2026-11-10 00:00:00+00:00,1794268800.0,viper_mons_mouton,143.77,-2.15,0.0,331.99,-2.77,0.0,False,False,False,Blackout
2026-11-10 01:00:00+00:00,1794272400.0,viper_mons_mouton,143.26,-2.13,0.0,331.96,-2.78,0.0,False,False,False,Blackout
2026-11-10 02:00:00+00:00,1794276000.0,viper_mons_mouton,142.75,-2.1,0.0,331.92,-2.78,0.0,False,False,False,Blackout
2026-11-10 03:00:00+00:00,1794279600.0,viper_mons_mouton,142.25,-2.08,0.0,331.88,-2.78,0.0,False,False,False,Blackout
2026-11-10 04:00:00+00:00,1794283200.0,viper_mons_mouton,141.74,-2.05,0.0,331.85,-2.78,0.0,False,False,False,Blackout
2026-11-10 05:00:00+00:00,1794286800.0,viper_mons_mouton,141.23,-2.03,0.0,331.81,-2.78,0.0,False,False,False,Blackout
2026-11-10 06:00:00+00:00,1794290400.0,viper_mons_mouton,140.72,-2.0,0.0,331.77,-2.78,0.0,False,False,False,Blackout
2026-11-10 07:00:00+00:00,1794294000.0,viper_mons_mouton,140.21,-1.97,0.0,331.74,-2.77,0.0,False,False,False,Blackout
2026-11-10 08:00:00+00:00,1794297600.0,viper_mons_mouton,139.71,-1.95,0.0,331.7,-2.77,0.0,False,False,False,Blackout
2026-11-10 09:00:00+00:00,1794301200.0,viper_mons_mouton,139.2,-1.92,0.0,331.66,-2.77,0.0,False,False,False,Blackout
2026-11-10 10:00:00+00:00,1794304800.0,viper_mons_mouton,138.69,-1.89,0.0,331.62,-2.77,0.0,False,False,False,Blackout
2026-11-10 11:00:00+00:00,1794308400.0,viper_mons_mouton,138.18,-1.87,0.0,331.58,-2.76,0.0,False,False,False,Blackout
2026-11-10 12:00:00+00:00,1794312000.0,viper_mons_mouton,137.68,-1.84,0.0,331.54,-2.76,0.0,False,False,False,Blackout
2026-11-10 13:00:00+00:00,1794315600.0,viper_mons_mouton,137.17,-1.81,0.0,331.5,-2.75,0.0,False,False,False,Blackout
2026-11-10 14:00:00+00:00,1794319200.0,viper_mons_mouton,136.66,-1.78,0.0,331.46,-2.75,0.0,False,False,False,Blackout
2026-11-10 15:00:00+00:00,1794322800.0,viper_mons_mouton,136.15,-1.76,0.0,331.42,-2.74,0.0,False,False,False,Blackout
2026-11-10 16:00:00+00:00,1794326400.0,viper_mons_mouton,135.64,-1.73,0.0,331.38,-2.74,0.0,False,False,False,Blackout
2026-11-10 17:00:00+00:00,1794330000.0,viper_mons_mouton,135.14,-1.7,0.0,331.34,-2.73,0.0,False,False,False,Blackout
2026-11-10 18:00:00+00:00,1794333600.0,viper_mons_mouton,134.63,-1.67,0.0,331.3,-2.72,0.0,False,False,False,Blackout
2026-11-10 19:00:00+00:00,1794337200.0,viper_mons_mouton,134.12,-1.64,0.0,331.26,-2.71,0.0,False,False,False,Blackout
2026-11-10 20:00:00+00:00,1794340800.0,viper_mons_mouton,133.61,-1.61,0.0,331.21,-2.71,0.0,False,False,False,Blackout
2026-11-10 21:00:00+00:00,1794344400.0,viper_mons_mouton,133.11,-1.58,0.0,331.17,-2.7,0.0,False,False,False,Blackout
2026-11-10 22:00:00+00:00,1794348000.0,viper_mons_mouton,132.6,-1.55,0.0,331.13,-2.69,0.0,False,False,False,Blackout
2026-11-10 23:00:00+00:00,1794351600.0,viper_mons_mouton,132.09,-1.52,0.0,331.09,-2.68,0.0,False,False,False,Blackout
2026-11-11 00:00:00+00:00,1794355200.0,viper_mons_mouton,131.58,-1.49,0.0,331.04,-2.67,0.0,False,False,False,Blackout
2026-11-11 01:00:00+00:00,1794358800.0,viper_mons_mouton,131.08,-1.46,0.0,331.0,-2.66,0.0,False,False,False,Blackout
2026-11-11 02:00:00+00:00,1794362400.0,viper_mons_mouton,130.57,-1.43,0.0,330.96,-2.65,0.0,False,False,False,Blackout
2026-11-11 03:00:00+00:00,1794366000.0,viper_mons_mouton,130.06,-1.4,0.0,330.91,-2.63,0.0,False,False,False,Blackout
2026-11-11 04:00:00+00:00,1794369600.0,viper_mons_mouton,129.56,-1.37,0.0,330.87,-2.62,0.0,False,False,False,Blackout
2026-11-11 05:00:00+00:00,1794373200.0,viper_mons_mouton,129.05,-1.33,0.0,330.82,-2.61,0.0,False,False,False,Blackout
2026-11-11 06:00:00+00:00,1794376800.0,viper_mons_mouton,128.54,-1.3,0.0,330.78,-2.6,0.0,False,False,False,Blackout
2026-11-11 07:00:00+00:00,1794380400.0,viper_mons_mouton,128.03,-1.27,0.0,330.73,-2.58,0.0,False,False,False,Blackout
2026-11-11 08:00:00+00:00,1794384000.0,viper_mons_mouton,127.52,-1.24,0.0,330.69,-2.57,0.0,False,False,False,Blackout
2026-11-11 09:00:00+00:00,1794387600.0,viper_mons_mouton,127.02,-1.21,0.0,330.64,-2.56,0.0,False,False,False,Blackout
2026-11-11 10:00:00+00:00,1794391200.0,viper_mons_mouton,126.51,-1.17,0.0,330.6,-2.54,0.0,False,False,False,Blackout
2026-11-11 11:00:00+00:00,1794394800.0,viper_mons_mouton,126.0,-1.14,0.0,330.55,-2.53,0.0,False,False,False,Blackout
2026-11-11 12:00:00+00:00,1794398400.0,viper_mons_mouton,125.5,-1.11,0.0,330.5,-2.51,0.0,False,False,False,Blackout
2026-11-11 13:00:00+00:00,1794402000.0,viper_mons_mouton,124.99,-1.07,0.0,330.45,-2.49,0.0,False,False,False,Blackout
2026-11-11 14:00:00+00:00,1794405600.0,viper_mons_mouton,124.48,-1.04,0.0,330.41,-2.48,0.0,False,False,False,Blackout
2026-11-11 15:00:00+00:00,1794409200.0,viper_mons_mouton,123.98,-1.01,0.0,330.36,-2.46,0.0,False,False,False,Blackout
2026-11-11 16:00:00+00:00,1794412800.0,viper_mons_mouton,123.47,-0.97,0.0,330.31,-2.44,0.0,False,False,False,Blackout
2026-11-11 17:00:00+00:00,1794416400.0,viper_mons_mouton,122.96,-0.94,0.0,330.26,-2.42,0.0,False,False,False,Blackout
2026-11-11 18:00:00+00:00,1794420000.0,viper_mons_mouton,122.45,-0.91,0.0,330.22,-2.4,0.0,False,False,False,Blackout
2026-11-11 19:00:00+00:00,1794423600.0,viper_mons_mouton,121.95,-0.87,0.0,330.17,-2.39,0.0,False,False,False,Blackout
2026-11-11 20:00:00+00:00,1794427200.0,viper_mons_mouton,121.44,-0.84,0.0,330.12,-2.37,0.0,False,False,False,Blackout
2026-11-11 21:00:00+00:00,1794430800.0,viper_mons_mouton,120.93,-0.8,0.0,330.07,-2.35,0.0,False,False,False,Blackout
2026-11-11 22:00:00+00:00,1794434400.0,viper_mons_mouton,120.43,-0.77,0.0,330.02,-2.33,0.0,False,False,False,Blackout
2026-11-11 23:00:00+00:00,1794438000.0,viper_mons_mouton,119.92,-0.73,0.0,329.97,-2.31,0.0,False,False,False,Blackout
2026-11-12 00:00:00+00:00,1794441600.0,viper_mons_mouton,119.41,-0.69,0.0,329.92,-2.29,0.0,False,False,False,Blackout
2026-11-12 01:00:00+00:00,1794445200.0,viper_mons_mouton,118.91,-0.66,0.0,329.87,-2.26,0.0,False,False,False,Blackout
2026-11-12 02:00:00+00:00,1794448800.0,viper_mons_mouton,118.4,-0.62,0.0,329.82,-2.24,0.0,False,False,False,Blackout
2026-11-12 03:00:00+00:00,1794452400.0,viper_mons_mouton,117.89,-0.59,0.0,329.77,-2.22,0.0,False,False,False,Blackout
2026-11-12 04:00:00+00:00,1794456000.0,viper_mons_mouton,117.39,-0.55,0.0,329.72,-2.2,0.0,False,False,False,Blackout
2026-11-12 05:00:00+00:00,1794459600.0,viper_mons_mouton,116.88,-0.52,0.0,329.66,-2.17,0.0,False,False,False,Blackout
2026-11-12 06:00:00+00:00,1794463200.0,viper_mons_mouton,116.37,-0.48,0.0,329.61,-2.15,0.0,False,False,False,Blackout
2026-11-12 07:00:00+00:00,1794466800.0,viper_mons_mouton,115.87,-0.44,0.0,329.56,-2.12,0.0,False,False,False,Blackout
2026-11-12 08:00:00+00:00,1794470400.0,viper_mons_mouton,115.36,-0.41,0.0,329.51,-2.1,0.0,False,False,False,Blackout
2026-11-12 09:00:00+00:00,1794474000.0,viper_mons_mouton,114.85,-0.37,0.0,329.46,-2.08,0.0,False,False,False,Blackout
2026-11-12 10:00:00+00:00,1794477600.0,viper_mons_mouton,114.35,-0.33,0.0,329.4,-2.05,0.0,False,False,False,Blackout
2026-11-12 11:00:00+00:00,1794481200.0,viper_mons_mouton,113.84,-0.29,0.0,329.35,-2.02,0.0,False,False,False,Blackout
2026-11-12 12:00:00+00:00,1794484800.0,viper_mons_mouton,113.33,-0.26,0.0,329.3,-2.0,0.0,False,False,False,Blackout
2026-11-12 13:00:00+00:00,1794488400.0,viper_mons_mouton,112.83,-0.22,0.0,329.25,-1.97,0.0,False,False,False,Blackout
2026-11-12 14:00:00+00:00,1794492000.0,viper_mons_mouton,112.32,-0.18,0.0,329.19,-1.94,0.0,False,False,False,Blackout
2026-11-12 15:00:00+00:00,1794495600.0,viper_mons_mouton,111.81,-0.14,0.0,329.14,-1.92,0.0,False,False,False,Blackout
2026-11-12 16:00:00+00:00,1794499200.0,viper_mons_mouton,111.31,-0.11,0.0,329.08,-1.89,0.0,False,False,False,Blackout
2026-11-12 17:00:00+00:00,1794502800.0,viper_mons_mouton,110.8,-0.07,0.0,329.03,-1.86,0.0,False,False,False,Blackout
2026-11-12 18:00:00+00:00,1794506400.0,viper_mons_mouton,110.29,-0.03,0.0,328.98,-1.83,0.0,False,False,False,Blackout
2026-11-12 19:00:00+00:00,1794510000.0,viper_mons_mouton,109.79,0.01,0.01,328.92,-1.8,0.0,False,False,False,Blackout
2026-11-12 20:00:00+00:00,1794513600.0,viper_mons_mouton,109.28,0.04,0.03,328.87,-1.77,0.0,True,False,False,Sun Only
2026-11-12 21:00:00+00:00,1794517200.0,viper_mons_mouton,108.77,0.08,0.06,328.81,-1.74,0.0,True,False,False,Sun Only
2026-11-12 22:00:00+00:00,1794520800.0,viper_mons_mouton,108.27,0.12,0.08,328.75,-1.71,0.0,True,False,False,Sun Only
2026-11-12 23:00:00+00:00,1794524400.0,viper_mons_mouton,107.76,0.16,0.11,328.7,-1.68,0.0,True,False,False,Sun Only
2026-11-13 00:00:00+00:00,1794528000.0,viper_mons_mouton,107.25,0.2,0.13,328.64,-1.65,0.0,True,False,False,Sun Only
2026-11-13 01:00:00+00:00,1794531600.0,viper_mons_mouton,106.75,0.24,0.16,328.59,-1.62,0.0,True,False,False,Sun Only
2026-11-13 02:00:00+00:00,1794535200.0,viper_mons_mouton,106.24,0.28,0.18,328.53,-1.59,0.0,True,False,False,Sun Only
2026-11-13 03:00:00+00:00,1794538800.0,viper_mons_mouton,105.74,0.32,0.2,328.48,-1.56,0.0,True,False,False,Sun Only
2026-11-13 04:00:00+00:00,1794542400.0,viper_mons_mouton,105.23,0.35,0.23,328.42,-1.52,0.0,True,False,False,Sun Only
2026-11-13 05:00:00+00:00,1794546000.0,viper_mons_mouton,104.72,0.4,0.24,328.36,-1.49,0.0,True,False,False,Sun Only
2026-11-13 06:00:00+00:00,1794549600.0,viper_mons_mouton,104.22,0.43,0.24,328.31,-1.46,0.0,True,False,False,Sun Only
2026-11-13 07:00:00+00:00,1794553200.0,viper_mons_mouton,103.71,0.47,0.24,328.25,-1.42,0.0,True,False,False,Sun Only
2026-11-13 08:00:00+00:00,1794556800.0,viper_mons_mouton,103.2,0.51,0.24,328.19,-1.39,0.0,True,False,False,Sun Only
2026-11-13 09:00:00+00:00,1794560400.0,viper_mons_mouton,102.7,0.55,0.24,328.13,-1.36,0.0,True,False,False,Sun Only
2026-11-13 10:00:00+00:00,1794564000.0,viper_mons_mouton,102.19,0.59,0.24,328.08,-1.32,0.0,True,False,False,Sun Only
2026-11-13 11:00:00+00:00,1794567600.0,viper_mons_mouton,101.68,0.63,0.24,328.02,-1.29,0.0,True,False,False,Sun Only
2026-11-13 12:00:00+00:00,1794571200.0,viper_mons_mouton,101.18,0.67,0.24,327.96,-1.25,0.0,True,False,False,Sun Only
2026-11-13 13:00:00+00:00,1794574800.0,viper_mons_mouton,100.67,0.71,0.24,327.9,-1.22,0.0,True,False,False,Sun Only
2026-11-13 14:00:00+00:00,1794578400.0,viper_mons_mouton,100.17,0.75,0.24,327.85,-1.18,0.0,True,False,False,Sun Only
2026-11-13 15:00:00+00:00,1794582000.0,viper_mons_mouton,99.66,0.79,0.26,327.79,-1.14,0.0,True,False,False,Sun Only
2026-11-13 16:00:00+00:00,1794585600.0,viper_mons_mouton,99.15,0.83,0.29,327.73,-1.11,0.0,True,False,False,Sun Only
2026-11-13 17:00:00+00:00,1794589200.0,viper_mons_mouton,98.65,0.87,0.32,327.67,-1.07,0.0,True,False,False,Sun Only
2026-11-13 18:00:00+00:00,1794592800.0,viper_mons_mouton,98.14,0.91,0.36,327.61,-1.03,0.0,True,False,False,Sun Only
2026-11-13 19:00:00+00:00,1794596400.0,viper_mons_mouton,97.63,0.95,0.39,327.55,-0.99,0.0,True,False,False,Sun Only
2026-11-13 20:00:00+00:00,1794600000.0,viper_mons_mouton,97.13,0.99,0.42,327.5,-0.95,0.0,True,False,False,Sun Only
2026-11-13 21:00:00+00:00,1794603600.0,viper_mons_mouton,96.62,1.03,0.45,327.44,-0.92,0.0,True,False,False,Sun Only
2026-11-13 22:00:00+00:00,1794607200.0,viper_mons_mouton,96.12,1.07,0.48,327.38,-0.88,0.0,True,False,False,Sun Only
2026-11-13 23:00:00+00:00,1794610800.0,viper_mons_mouton,95.61,1.11,0.51,327.32,-0.84,0.0,True,False,False,Sun Only
2026-11-14 00:00:00+00:00,1794614400.0,viper_mons_mouton,95.1,1.15,0.54,327.26,-0.8,0.0,True,False,False,Sun Only
2026-11-14 01:00:00+00:00,1794618000.0,viper_mons_mouton,94.6,1.19,0.61,327.2,-0.76,0.0,True,False,False,Sun Only
2026-11-14 02:00:00+00:00,1794621600.0,viper_mons_mouton,94.09,1.23,0.68,327.14,-0.72,0.0,True,False,False,Sun Only
2026-11-14 03:00:00+00:00,1794625200.0,viper_mons_mouton,93.58,1.27,0.75,327.08,-0.68,0.0,True,False,False,Sun Only
2026-11-14 04:00:00+00:00,1794628800.0,viper_mons_mouton,93.08,1.31,0.83,327.02,-0.64,0.0,True,False,False,Sun Only
2026-11-14 05:00:00+00:00,1794632400.0,viper_mons_mouton,92.57,1.36,0.9,326.96,-0.6,0.0,True,False,False,Sun Only
2026-11-14 06:00:00+00:00,1794636000.0,viper_mons_mouton,92.07,1.4,0.97,326.9,-0.56,0.0,True,False,False,Sun Only
2026-11-14 07:00:00+00:00,1794639600.0,viper_mons_mouton,91.56,1.44,1.05,326.84,-0.52,0.0,True,False,False,Sun Only
2026-11-14 08:00:00+00:00,1794643200.0,viper_mons_mouton,91.05,1.48,1.12,326.78,-0.47,0.0,True,False,False,Sun Only
2026-11-14 09:00:00+00:00,1794646800.0,viper_mons_mouton,90.55,1.52,1.19,326.72,-0.43,0.0,True,False,False,Sun Only
2026-11-14 10:00:00+00:00,1794650400.0,viper_mons_mouton,90.04,1.56,1.26,326.66,-0.39,0.0,True,False,False,Sun Only
2026-11-14 11:00:00+00:00,1794654000.0,viper_mons_mouton,89.54,1.6,1.32,326.6,-0.35,0.0,True,False,False,Sun Only
2026-11-14 12:00:00+00:00,1794657600.0,viper_mons_mouton,89.03,1.64,1.37,326.54,-0.3,0.0,True,False,False,Sun Only
2026-11-14 13:00:00+00:00,1794661200.0,viper_mons_mouton,88.52,1.68,1.42,326.48,-0.26,0.0,True,False,False,Sun Only
2026-11-14 14:00:00+00:00,1794664800.0,viper_mons_mouton,88.02,1.72,1.47,326.42,-0.22,0.0,True,False,False,Sun Only
2026-11-14 15:00:00+00:00,1794668400.0,viper_mons_mouton,87.51,1.76,1.52,326.36,-0.17,0.0,True,False,False,Sun Only
2026-11-14 16:00:00+00:00,1794672000.0,viper_mons_mouton,87.0,1.8,1.57,326.3,-0.13,0.0,True,False,False,Sun Only
2026-11-14 17:00:00+00:00,1794675600.0,viper_mons_mouton,86.5,1.84,1.62,326.24,-0.09,0.0,True,False,False,Sun Only
2026-11-14 18:00:00+00:00,1794679200.0,viper_mons_mouton,85.99,1.88,1.67,326.18,-0.04,0.0,True,False,False,Sun Only
2026-11-14 19:00:00+00:00,1794682800.0,viper_mons_mouton,85.49,1.92,1.72,326.12,0.01,0.0,True,True,True,Dual Operational
2026-11-14 20:00:00+00:00,1794686400.0,viper_mons_mouton,84.98,1.96,1.77,326.06,0.05,0.0,True,True,True,Dual Operational
2026-11-14 21:00:00+00:00,1794690000.0,viper_mons_mouton,84.47,2.0,1.81,326.0,0.1,0.0,True,True,True,Dual Operational
2026-11-14 22:00:00+00:00,1794693600.0,viper_mons_mouton,83.97,2.04,1.85,325.94,0.14,0.0,True,True,True,Dual Operational
2026-11-14 23:00:00+00:00,1794697200.0,viper_mons_mouton,83.46,2.08,1.89,325.88,0.19,0.0,True,True,True,Dual Operational
2026-11-15 00:00:00+00:00,1794700800.0,viper_mons_mouton,82.96,2.12,1.93,325.82,0.23,0.0,True,True,True,Dual Operational
2026-11-15 01:00:00+00:00,1794704400.0,viper_mons_mouton,82.45,2.16,1.96,325.76,0.28,0.0,True,True,True,Dual Operational
2026-11-15 02:00:00+00:00,1794708000.0,viper_mons_mouton,81.94,2.2,2.0,325.7,0.33,0.0,True,True,True,Dual Operational
2026-11-15 03:00:00+00:00,1794711600.0,viper_mons_mouton,81.44,2.24,2.04,325.64,0.37,0.0,True,True,True,Dual Operational
2026-11-15 04:00:00+00:00,1794715200.0,viper_mons_mouton,80.93,2.28,2.08,325.58,0.42,0.0,True,True,True,Dual Operational
2026-11-15 05:00:00+00:00,1794718800.0,viper_mons_mouton,80.43,2.32,2.12,325.52,0.47,0.0,True,True,True,Dual Operational
2026-11-15 06:00:00+00:00,1794722400.0,viper_mons_mouton,79.92,2.36,2.16,325.46,0.52,0.0,True,True,True,Dual Operational
2026-11-15 07:00:00+00:00,1794726000.0,viper_mons_mouton,79.41,2.4,2.22,325.4,0.56,0.0,True,True,True,Dual Operational
2026-11-15 08:00:00+00:00,1794729600.0,viper_mons_mouton,78.91,2.44,2.28,325.34,0.61,0.0,True,True,True,Dual Operational
2026-11-15 09:00:00+00:00,1794733200.0,viper_mons_mouton,78.4,2.48,2.35,325.29,0.66,0.0,True,True,True,Dual Operational
2026-11-15 10:00:00+00:00,1794736800.0,viper_mons_mouton,77.89,2.52,2.41,325.23,0.71,0.0,True,True,True,Dual Operational
2026-11-15 11:00:00+00:00,1794740400.0,viper_mons_mouton,77.39,2.56,2.47,325.17,0.76,0.0,True,True,True,Dual Operational
2026-11-15 12:00:00+00:00,1794744000.0,viper_mons_mouton,76.88,2.6,2.53,325.11,0.81,0.0,True,True,True,Dual Operational
2026-11-15 13:00:00+00:00,1794747600.0,viper_mons_mouton,76.37,2.64,2.59,325.05,0.86,0.0,True,True,True,Dual Operational
2026-11-15 14:00:00+00:00,1794751200.0,viper_mons_mouton,75.87,2.68,2.65,324.99,0.91,0.0,True,True,True,Dual Operational
2026-11-15 15:00:00+00:00,1794754800.0,viper_mons_mouton,75.36,2.72,2.72,324.93,0.95,0.0,True,True,True,Dual Operational
2026-11-15 16:00:00+00:00,1794758400.0,viper_mons_mouton,74.86,2.76,2.77,324.87,1.0,0.0,False,True,False,Comm Only
2026-11-15 17:00:00+00:00,1794762000.0,viper_mons_mouton,74.35,2.8,2.8,324.81,1.06,0.0,False,True,False,Comm Only
2026-11-15 18:00:00+00:00,1794765600.0,viper_mons_mouton,73.84,2.84,2.83,324.75,1.11,0.0,True,True,True,Dual Operational
2026-11-15 19:00:00+00:00,1794769200.0,viper_mons_mouton,73.34,2.88,2.87,324.7,1.16,0.0,True,True,True,Dual Operational
2026-11-15 20:00:00+00:00,1794772800.0,viper_mons_mouton,72.83,2.91,2.9,324.64,1.21,0.0,True,True,True,Dual Operational
2026-11-15 21:00:00+00:00,1794776400.0,viper_mons_mouton,72.32,2.95,2.93,324.58,1.26,0.0,True,True,True,Dual Operational
2026-11-15 22:00:00+00:00,1794780000.0,viper_mons_mouton,71.82,2.99,2.96,324.52,1.31,0.0,True,True,True,Dual Operational
2026-11-15 23:00:00+00:00,1794783600.0,viper_mons_mouton,71.31,3.03,3.0,324.47,1.36,0.0,True,True,True,Dual Operational
2026-11-16 00:00:00+00:00,1794787200.0,viper_mons_mouton,70.8,3.07,3.03,324.41,1.41,0.0,True,True,True,Dual Operational
2026-11-16 01:00:00+00:00,1794790800.0,viper_mons_mouton,70.3,3.11,3.06,324.35,1.46,0.0,True,True,True,Dual Operational
2026-11-16 02:00:00+00:00,1794794400.0,viper_mons_mouton,69.79,3.14,3.18,324.3,1.52,0.0,False,True,False,Comm Only
2026-11-16 03:00:00+00:00,1794798000.0,viper_mons_mouton,69.28,3.18,3.42,324.24,1.57,0.0,False,True,False,Comm Only
2026-11-16 04:00:00+00:00,1794801600.0,viper_mons_mouton,68.78,3.22,3.66,324.18,1.62,0.0,False,True,False,Comm Only
2026-11-16 05:00:00+00:00,1794805200.0,viper_mons_mouton,68.27,3.26,3.9,324.13,1.67,0.0,False,True,False,Comm Only
2026-11-16 06:00:00+00:00,1794808800.0,viper_mons_mouton,67.76,3.29,4.13,324.07,1.73,0.0,False,True,False,Comm Only
2026-11-16 07:00:00+00:00,1794812400.0,viper_mons_mouton,67.26,3.33,4.37,324.01,1.78,0.0,False,True,False,Comm Only
2026-11-16 08:00:00+00:00,1794816000.0,viper_mons_mouton,66.75,3.37,4.61,323.96,1.83,0.0,False,True,False,Comm Only
2026-11-16 09:00:00+00:00,1794819600.0,viper_mons_mouton,66.25,3.41,4.85,323.9,1.88,0.0,False,True,False,Comm Only
2026-11-16 10:00:00+00:00,1794823200.0,viper_mons_mouton,65.74,3.44,5.09,323.85,1.94,0.0,False,True,False,Comm Only
2026-11-16 11:00:00+00:00,1794826800.0,viper_mons_mouton,65.23,3.48,5.33,323.79,1.99,0.0,False,True,False,Comm Only
2026-11-16 12:00:00+00:00,1794830400.0,viper_mons_mouton,64.73,3.52,5.45,323.74,2.04,0.0,False,True,False,Comm Only
2026-11-16 13:00:00+00:00,1794834000.0,viper_mons_mouton,64.22,3.55,5.46,323.68,2.1,0.0,False,True,False,Comm Only
2026-11-16 14:00:00+00:00,1794837600.0,viper_mons_mouton,63.71,3.59,5.47,323.63,2.15,0.0,False,True,False,Comm Only
2026-11-16 15:00:00+00:00,1794841200.0,viper_mons_mouton,63.2,3.63,5.48,323.58,2.21,0.0,False,True,False,Comm Only
2026-11-16 16:00:00+00:00,1794844800.0,viper_mons_mouton,62.7,3.66,5.49,323.52,2.26,0.0,False,True,False,Comm Only
2026-11-16 17:00:00+00:00,1794848400.0,viper_mons_mouton,62.19,3.7,5.5,323.47,2.31,0.0,False,True,False,Comm Only
2026-11-16 18:00:00+00:00,1794852000.0,viper_mons_mouton,61.68,3.73,5.51,323.42,2.37,0.0,False,True,False,Comm Only
2026-11-16 19:00:00+00:00,1794855600.0,viper_mons_mouton,61.18,3.77,5.52,323.37,2.42,0.0,False,True,False,Comm Only
2026-11-16 20:00:00+00:00,1794859200.0,viper_mons_mouton,60.67,3.8,5.54,323.31,2.48,0.0,False,True,False,Comm Only
2026-11-16 21:00:00+00:00,1794862800.0,viper_mons_mouton,60.16,3.84,5.55,323.26,2.53,0.0,False,True,False,Comm Only
2026-11-16 22:00:00+00:00,1794866400.0,viper_mons_mouton,59.66,3.87,5.55,323.21,2.59,0.0,False,True,False,Comm Only
2026-11-16 23:00:00+00:00,1794870000.0,viper_mons_mouton,59.15,3.91,5.55,323.16,2.64,0.0,False,True,False,Comm Only
2026-11-17 00:00:00+00:00,1794873600.0,viper_mons_mouton,58.64,3.94,5.55,323.11,2.7,0.0,False,True,False,Comm Only
2026-11-17 01:00:00+00:00,1794877200.0,viper_mons_mouton,58.14,3.98,5.55,323.06,2.75,0.0,False,True,False,Comm Only
2026-11-17 02:00:00+00:00,1794880800.0,viper_mons_mouton,57.63,4.01,5.55,323.01,2.81,0.0,False,True,False,Comm Only
2026-11-17 03:00:00+00:00,1794884400.0,viper_mons_mouton,57.12,4.05,5.55,322.96,2.86,0.0,False,True,False,Comm Only
2026-11-17 04:00:00+00:00,1794888000.0,viper_mons_mouton,56.62,4.08,5.55,322.91,2.92,0.0,False,True,False,Comm Only
2026-11-17 05:00:00+00:00,1794891600.0,viper_mons_mouton,56.11,4.11,5.55,322.86,2.98,0.0,False,True,False,Comm Only
2026-11-17 06:00:00+00:00,1794895200.0,viper_mons_mouton,55.6,4.15,5.55,322.81,3.03,0.0,False,True,False,Comm Only
2026-11-17 07:00:00+00:00,1794898800.0,viper_mons_mouton,55.09,4.18,5.55,322.77,3.09,0.0,False,True,False,Comm Only
2026-11-17 08:00:00+00:00,1794902400.0,viper_mons_mouton,54.59,4.21,5.48,322.72,3.14,0.0,False,True,False,Comm Only
2026-11-17 09:00:00+00:00,1794906000.0,viper_mons_mouton,54.08,4.25,5.39,322.67,3.2,0.0,False,True,False,Comm Only
2026-11-17 10:00:00+00:00,1794909600.0,viper_mons_mouton,53.57,4.28,5.3,322.62,3.25,0.0,False,True,False,Comm Only
2026-11-17 11:00:00+00:00,1794913200.0,viper_mons_mouton,53.06,4.31,5.21,322.58,3.31,0.0,False,True,False,Comm Only
2026-11-17 12:00:00+00:00,1794916800.0,viper_mons_mouton,52.56,4.34,5.12,322.53,3.37,0.0,False,True,False,Comm Only
2026-11-17 13:00:00+00:00,1794920400.0,viper_mons_mouton,52.05,4.38,5.03,322.49,3.42,0.0,False,True,False,Comm Only
2026-11-17 14:00:00+00:00,1794924000.0,viper_mons_mouton,51.54,4.41,4.94,322.44,3.48,0.0,False,True,False,Comm Only
2026-11-17 15:00:00+00:00,1794927600.0,viper_mons_mouton,51.04,4.44,4.85,322.4,3.54,0.0,False,True,False,Comm Only
2026-11-17 16:00:00+00:00,1794931200.0,viper_mons_mouton,50.53,4.47,4.76,322.35,3.59,0.0,False,True,False,Comm Only
2026-11-17 17:00:00+00:00,1794934800.0,viper_mons_mouton,50.02,4.5,4.67,322.31,3.65,0.0,False,True,False,Comm Only
2026-11-17 18:00:00+00:00,1794938400.0,viper_mons_mouton,49.51,4.53,4.68,322.27,3.71,0.0,False,True,False,Comm Only
2026-11-17 19:00:00+00:00,1794942000.0,viper_mons_mouton,49.01,4.56,4.7,322.23,3.76,0.0,False,True,False,Comm Only
2026-11-17 20:00:00+00:00,1794945600.0,viper_mons_mouton,48.5,4.59,4.71,322.18,3.82,0.0,False,True,False,Comm Only
2026-11-17 21:00:00+00:00,1794949200.0,viper_mons_mouton,47.99,4.62,4.73,322.14,3.88,0.0,False,True,False,Comm Only
2026-11-17 22:00:00+00:00,1794952800.0,viper_mons_mouton,47.49,4.65,4.75,322.1,3.93,0.0,False,True,False,Comm Only
2026-11-17 23:00:00+00:00,1794956400.0,viper_mons_mouton,46.98,4.68,4.76,322.06,3.99,0.0,False,True,False,Comm Only
2026-11-18 00:00:00+00:00,1794960000.0,viper_mons_mouton,46.47,4.71,4.78,322.02,4.05,0.0,False,True,False,Comm Only
2026-11-18 01:00:00+00:00,1794963600.0,viper_mons_mouton,45.96,4.74,4.79,321.98,4.1,0.0,False,True,False,Comm Only
2026-11-18 02:00:00+00:00,1794967200.0,viper_mons_mouton,45.45,4.77,4.81,321.94,4.16,0.0,False,True,False,Comm Only
2026-11-18 03:00:00+00:00,1794970800.0,viper_mons_mouton,44.95,4.8,4.82,321.9,4.22,0.0,False,True,False,Comm Only
2026-11-18 04:00:00+00:00,1794974400.0,viper_mons_mouton,44.44,4.83,4.82,321.87,4.28,0.0,True,True,True,Dual Operational
2026-11-18 05:00:00+00:00,1794978000.0,viper_mons_mouton,43.93,4.85,4.82,321.83,4.33,0.0,True,True,True,Dual Operational
2026-11-18 06:00:00+00:00,1794981600.0,viper_mons_mouton,43.42,4.88,4.82,321.79,4.39,0.0,True,True,True,Dual Operational
2026-11-18 07:00:00+00:00,1794985200.0,viper_mons_mouton,42.92,4.91,4.82,321.76,4.45,0.0,True,True,True,Dual Operational
2026-11-18 08:00:00+00:00,1794988800.0,viper_mons_mouton,42.41,4.94,4.82,321.72,4.5,0.0,True,True,True,Dual Operational
2026-11-18 09:00:00+00:00,1794992400.0,viper_mons_mouton,41.9,4.96,4.82,321.69,4.56,0.0,True,True,True,Dual Operational
2026-11-18 10:00:00+00:00,1794996000.0,viper_mons_mouton,41.39,4.99,4.82,321.65,4.62,0.0,True,True,True,Dual Operational
2026-11-18 11:00:00+00:00,1794999600.0,viper_mons_mouton,40.89,5.02,4.82,321.62,4.67,0.0,True,True,True,Dual Operational
2026-11-18 12:00:00+00:00,1795003200.0,viper_mons_mouton,40.38,5.04,4.82,321.59,4.73,0.0,True,True,True,Dual Operational
2026-11-18 13:00:00+00:00,1795006800.0,viper_mons_mouton,39.87,5.07,4.82,321.56,4.79,0.0,True,True,True,Dual Operational
2026-11-18 14:00:00+00:00,1795010400.0,viper_mons_mouton,39.36,5.09,4.82,321.52,4.84,0.0,True,True,True,Dual Operational
2026-11-18 15:00:00+00:00,1795014000.0,viper_mons_mouton,38.86,5.12,4.82,321.49,4.9,0.0,True,True,True,Dual Operational
2026-11-18 16:00:00+00:00,1795017600.0,viper_mons_mouton,38.35,5.14,4.82,321.46,4.96,0.0,True,True,True,Dual Operational
2026-11-18 17:00:00+00:00,1795021200.0,viper_mons_mouton,37.84,5.17,4.82,321.43,5.01,0.0,True,True,True,Dual Operational
2026-11-18 18:00:00+00:00,1795024800.0,viper_mons_mouton,37.33,5.2,4.82,321.4,5.07,0.0,True,True,True,Dual Operational
2026-11-18 19:00:00+00:00,1795028400.0,viper_mons_mouton,36.82,5.22,4.82,321.38,5.13,0.0,True,True,True,Dual Operational
2026-11-18 20:00:00+00:00,1795032000.0,viper_mons_mouton,36.31,5.24,4.82,321.35,5.19,0.0,True,True,True,Dual Operational
2026-11-18 21:00:00+00:00,1795035600.0,viper_mons_mouton,35.81,5.27,4.82,321.32,5.24,0.0,True,True,True,Dual Operational
2026-11-18 22:00:00+00:00,1795039200.0,viper_mons_mouton,35.3,5.29,4.82,321.3,5.3,0.0,True,True,True,Dual Operational
2026-11-18 23:00:00+00:00,1795042800.0,viper_mons_mouton,34.79,5.31,4.83,321.27,5.36,0.0,True,True,True,Dual Operational
2026-11-19 00:00:00+00:00,1795046400.0,viper_mons_mouton,34.28,5.34,4.86,321.25,5.41,0.0,True,True,True,Dual Operational
2026-11-19 01:00:00+00:00,1795050000.0,viper_mons_mouton,33.77,5.36,4.88,321.22,5.47,0.0,True,True,True,Dual Operational
2026-11-19 02:00:00+00:00,1795053600.0,viper_mons_mouton,33.27,5.38,4.91,321.2,5.52,0.0,True,True,True,Dual Operational
2026-11-19 03:00:00+00:00,1795057200.0,viper_mons_mouton,32.76,5.4,4.94,321.17,5.58,0.0,True,True,True,Dual Operational
2026-11-19 04:00:00+00:00,1795060800.0,viper_mons_mouton,32.25,5.42,4.96,321.15,5.64,0.0,True,True,True,Dual Operational
2026-11-19 05:00:00+00:00,1795064400.0,viper_mons_mouton,31.74,5.45,4.99,321.13,5.69,0.0,True,True,True,Dual Operational
2026-11-19 06:00:00+00:00,1795068000.0,viper_mons_mouton,31.24,5.47,5.02,321.11,5.75,0.0,True,True,True,Dual Operational
2026-11-19 07:00:00+00:00,1795071600.0,viper_mons_mouton,30.73,5.49,5.04,321.09,5.8,0.0,True,True,True,Dual Operational
2026-11-19 08:00:00+00:00,1795075200.0,viper_mons_mouton,30.22,5.51,5.07,321.07,5.86,0.0,True,True,True,Dual Operational
2026-11-19 09:00:00+00:00,1795078800.0,viper_mons_mouton,29.71,5.53,5.09,321.06,5.92,0.0,True,True,True,Dual Operational
2026-11-19 10:00:00+00:00,1795082400.0,viper_mons_mouton,29.2,5.55,5.1,321.04,5.97,0.0,True,True,True,Dual Operational
2026-11-19 11:00:00+00:00,1795086000.0,viper_mons_mouton,28.69,5.57,5.11,321.02,6.03,0.0,True,True,True,Dual Operational
2026-11-19 12:00:00+00:00,1795089600.0,viper_mons_mouton,28.19,5.59,5.12,321.0,6.08,0.0,True,True,True,Dual Operational
2026-11-19 13:00:00+00:00,1795093200.0,viper_mons_mouton,27.68,5.6,5.13,320.99,6.14,0.0,True,True,True,Dual Operational
2026-11-19 14:00:00+00:00,1795096800.0,viper_mons_mouton,27.17,5.62,5.14,320.98,6.19,0.0,True,True,True,Dual Operational
2026-11-19 15:00:00+00:00,1795100400.0,viper_mons_mouton,26.66,5.64,5.15,320.96,6.25,0.0,True,True,True,Dual Operational
2026-11-19 16:00:00+00:00,1795104000.0,viper_mons_mouton,26.15,5.66,5.16,320.95,6.3,0.0,True,True,True,Dual Operational
2026-11-19 17:00:00+00:00,1795107600.0,viper_mons_mouton,25.64,5.68,5.17,320.94,6.36,0.0,True,True,True,Dual Operational
2026-11-19 18:00:00+00:00,1795111200.0,viper_mons_mouton,25.14,5.69,5.18,320.93,6.41,0.0,True,True,True,Dual Operational
2026-11-19 19:00:00+00:00,1795114800.0,viper_mons_mouton,24.63,5.71,5.17,320.92,6.46,0.0,True,True,True,Dual Operational
2026-11-19 20:00:00+00:00,1795118400.0,viper_mons_mouton,24.12,5.73,5.16,320.91,6.52,0.0,True,True,True,Dual Operational
2026-11-19 21:00:00+00:00,1795122000.0,viper_mons_mouton,23.61,5.74,5.15,320.9,6.57,0.0,True,True,True,Dual Operational
2026-11-19 22:00:00+00:00,1795125600.0,viper_mons_mouton,23.1,5.76,5.14,320.89,6.63,0.0,True,True,True,Dual Operational
2026-11-19 23:00:00+00:00,1795129200.0,viper_mons_mouton,22.59,5.78,5.13,320.88,6.68,0.0,True,True,True,Dual Operational
2026-11-20 00:00:00+00:00,1795132800.0,viper_mons_mouton,22.08,5.79,5.12,320.88,6.73,0.0,True,True,True,Dual Operational
2026-11-20 01:00:00+00:00,1795136400.0,viper_mons_mouton,21.58,5.8,5.11,320.87,6.79,0.0,True,True,True,Dual Operational
2026-11-20 02:00:00+00:00,1795140000.0,viper_mons_mouton,21.07,5.82,5.1,320.87,6.84,0.0,True,True,True,Dual Operational
2026-11-20 03:00:00+00:00,1795143600.0,viper_mons_mouton,20.56,5.83,5.09,320.86,6.89,0.0,True,True,True,Dual Operational
2026-11-20 04:00:00+00:00,1795147200.0,viper_mons_mouton,20.05,5.85,5.08,320.86,6.94,0.0,True,True,True,Dual Operational
2026-11-20 05:00:00+00:00,1795150800.0,viper_mons_mouton,19.54,5.86,5.06,320.86,7.0,0.0,True,True,True,Dual Operational
2026-11-20 06:00:00+00:00,1795154400.0,viper_mons_mouton,19.03,5.87,5.04,320.86,7.05,0.0,True,True,True,Dual Operational
2026-11-20 07:00:00+00:00,1795158000.0,viper_mons_mouton,18.53,5.89,5.02,320.86,7.1,0.0,True,True,True,Dual Operational
2026-11-20 08:00:00+00:00,1795161600.0,viper_mons_mouton,18.02,5.9,5.0,320.86,7.15,0.0,True,True,True,Dual Operational
2026-11-20 09:00:00+00:00,1795165200.0,viper_mons_mouton,17.51,5.91,4.98,320.86,7.2,0.0,True,True,True,Dual Operational
2026-11-20 10:00:00+00:00,1795168800.0,viper_mons_mouton,17.0,5.92,4.95,320.86,7.25,0.0,True,True,True,Dual Operational
2026-11-20 11:00:00+00:00,1795172400.0,viper_mons_mouton,16.49,5.93,4.93,320.87,7.3,0.0,True,True,True,Dual Operational
2026-11-20 12:00:00+00:00,1795176000.0,viper_mons_mouton,15.98,5.95,4.91,320.87,7.35,0.0,True,True,True,Dual Operational
2026-11-20 13:00:00+00:00,1795179600.0,viper_mons_mouton,15.48,5.96,4.89,320.88,7.4,0.0,True,True,True,Dual Operational
2026-11-20 14:00:00+00:00,1795183200.0,viper_mons_mouton,14.97,5.97,4.87,320.88,7.45,0.0,True,True,True,Dual Operational
2026-11-20 15:00:00+00:00,1795186800.0,viper_mons_mouton,14.46,5.98,4.87,320.89,7.5,0.0,True,True,True,Dual Operational
2026-11-20 16:00:00+00:00,1795190400.0,viper_mons_mouton,13.95,5.99,4.87,320.9,7.55,0.0,True,True,True,Dual Operational
2026-11-20 17:00:00+00:00,1795194000.0,viper_mons_mouton,13.44,6.0,4.87,320.9,7.6,0.0,True,True,True,Dual Operational
2026-11-20 18:00:00+00:00,1795197600.0,viper_mons_mouton,12.93,6.01,4.87,320.91,7.65,0.0,True,True,True,Dual Operational
2026-11-20 19:00:00+00:00,1795201200.0,viper_mons_mouton,12.42,6.01,4.87,320.92,7.7,0.0,True,True,True,Dual Operational
2026-11-20 20:00:00+00:00,1795204800.0,viper_mons_mouton,11.92,6.02,4.87,320.94,7.75,0.0,True,True,True,Dual Operational
2026-11-20 21:00:00+00:00,1795208400.0,viper_mons_mouton,11.41,6.03,4.87,320.95,7.79,0.0,True,True,True,Dual Operational
2026-11-20 22:00:00+00:00,1795212000.0,viper_mons_mouton,10.9,6.04,4.87,320.96,7.84,0.0,True,True,True,Dual Operational
2026-11-20 23:00:00+00:00,1795215600.0,viper_mons_mouton,10.39,6.05,4.87,320.98,7.89,0.0,True,True,True,Dual Operational
2026-11-21 00:00:00+00:00,1795219200.0,viper_mons_mouton,9.88,6.05,4.86,320.99,7.94,0.0,True,True,True,Dual Operational
2026-11-21 01:00:00+00:00,1795222800.0,viper_mons_mouton,9.37,6.06,4.83,321.01,7.98,0.0,True,True,True,Dual Operational
2026-11-21 02:00:00+00:00,1795226400.0,viper_mons_mouton,8.86,6.07,4.79,321.02,8.03,0.0,True,True,True,Dual Operational
2026-11-21 03:00:00+00:00,1795230000.0,viper_mons_mouton,8.36,6.07,4.75,321.04,8.07,0.0,True,True,True,Dual Operational
2026-11-21 04:00:00+00:00,1795233600.0,viper_mons_mouton,7.85,6.08,4.72,321.06,8.12,0.0,True,True,True,Dual Operational
2026-11-21 05:00:00+00:00,1795237200.0,viper_mons_mouton,7.34,6.08,4.68,321.08,8.16,0.0,True,True,True,Dual Operational
2026-11-21 06:00:00+00:00,1795240800.0,viper_mons_mouton,6.83,6.09,4.65,321.1,8.21,0.0,True,True,True,Dual Operational
2026-11-21 07:00:00+00:00,1795244400.0,viper_mons_mouton,6.32,6.09,4.61,321.12,8.25,0.0,True,True,True,Dual Operational
2026-11-21 08:00:00+00:00,1795248000.0,viper_mons_mouton,5.81,6.09,4.58,321.15,8.3,0.0,True,True,True,Dual Operational
2026-11-21 09:00:00+00:00,1795251600.0,viper_mons_mouton,5.3,6.1,4.54,321.17,8.34,0.0,True,True,True,Dual Operational
2026-11-21 10:00:00+00:00,1795255200.0,viper_mons_mouton,4.8,6.1,4.5,321.19,8.38,0.0,True,True,True,Dual Operational
2026-11-21 11:00:00+00:00,1795258800.0,viper_mons_mouton,4.29,6.11,4.44,321.22,8.43,0.0,True,True,True,Dual Operational
2026-11-21 12:00:00+00:00,1795262400.0,viper_mons_mouton,3.78,6.11,4.38,321.25,8.47,0.0,True,True,True,Dual Operational
2026-11-21 13:00:00+00:00,1795266000.0,viper_mons_mouton,3.27,6.11,4.32,321.27,8.51,0.0,True,True,True,Dual Operational
2026-11-21 14:00:00+00:00,1795269600.0,viper_mons_mouton,2.76,6.11,4.26,321.3,8.55,0.0,True,True,True,Dual Operational
2026-11-21 15:00:00+00:00,1795273200.0,viper_mons_mouton,2.25,6.11,4.2,321.33,8.59,0.0,True,True,True,Dual Operational
2026-11-21 16:00:00+00:00,1795276800.0,viper_mons_mouton,1.74,6.12,4.14,321.36,8.63,0.0,True,True,True,Dual Operational
2026-11-21 17:00:00+00:00,1795280400.0,viper_mons_mouton,1.24,6.12,4.08,321.39,8.67,0.0,True,True,True,Dual Operational
2026-11-21 18:00:00+00:00,1795284000.0,viper_mons_mouton,0.73,6.12,4.02,321.42,8.71,0.0,True,True,True,Dual Operational
2026-11-21 19:00:00+00:00,1795287600.0,viper_mons_mouton,0.22,6.12,3.96,321.45,8.75,0.0,True,True,True,Dual Operational
2026-11-21 20:00:00+00:00,1795291200.0,viper_mons_mouton,359.71,6.12,3.87,321.49,8.79,0.0,True,True,True,Dual Operational
2026-11-21 21:00:00+00:00,1795294800.0,viper_mons_mouton,359.2,6.12,3.76,321.52,8.83,0.0,True,True,True,Dual Operational
2026-11-21 22:00:00+00:00,1795298400.0,viper_mons_mouton,358.69,6.12,3.66,321.56,8.87,0.0,True,True,True,Dual Operational
2026-11-21 23:00:00+00:00,1795302000.0,viper_mons_mouton,358.18,6.11,3.55,321.6,8.9,0.0,True,True,True,Dual Operational
2026-11-22 00:00:00+00:00,1795305600.0,viper_mons_mouton,357.67,6.11,3.45,321.63,8.94,0.0,True,True,True,Dual Operational
2026-11-22 01:00:00+00:00,1795309200.0,viper_mons_mouton,357.17,6.11,3.34,321.67,8.97,0.0,True,True,True,Dual Operational
2026-11-22 02:00:00+00:00,1795312800.0,viper_mons_mouton,356.66,6.11,3.23,321.71,9.01,0.0,True,True,True,Dual Operational
2026-11-22 03:00:00+00:00,1795316400.0,viper_mons_mouton,356.15,6.11,3.13,321.75,9.04,0.0,True,True,True,Dual Operational
2026-11-22 04:00:00+00:00,1795320000.0,viper_mons_mouton,355.64,6.1,3.02,321.79,9.08,0.0,True,True,True,Dual Operational
2026-11-22 05:00:00+00:00,1795323600.0,viper_mons_mouton,355.13,6.1,2.92,321.83,9.11,0.0,True,True,True,Dual Operational
2026-11-22 06:00:00+00:00,1795327200.0,viper_mons_mouton,354.62,6.09,2.88,321.87,9.15,0.0,True,True,True,Dual Operational
2026-11-22 07:00:00+00:00,1795330800.0,viper_mons_mouton,354.12,6.09,2.87,321.92,9.18,0.0,True,True,True,Dual Operational
2026-11-22 08:00:00+00:00,1795334400.0,viper_mons_mouton,353.61,6.08,2.86,321.96,9.21,0.0,True,True,True,Dual Operational
2026-11-22 09:00:00+00:00,1795338000.0,viper_mons_mouton,353.1,6.08,2.86,322.01,9.24,0.0,True,True,True,Dual Operational
2026-11-22 10:00:00+00:00,1795341600.0,viper_mons_mouton,352.59,6.08,2.85,322.05,9.28,0.0,True,True,True,Dual Operational
2026-11-22 11:00:00+00:00,1795345200.0,viper_mons_mouton,352.08,6.07,2.84,322.1,9.31,0.0,True,True,True,Dual Operational
2026-11-22 12:00:00+00:00,1795348800.0,viper_mons_mouton,351.57,6.06,2.83,322.15,9.34,0.0,True,True,True,Dual Operational
2026-11-22 13:00:00+00:00,1795352400.0,viper_mons_mouton,351.07,6.06,2.82,322.2,9.37,0.0,True,True,True,Dual Operational
2026-11-22 14:00:00+00:00,1795356000.0,viper_mons_mouton,350.56,6.05,2.81,322.25,9.39,0.0,True,True,True,Dual Operational
2026-11-22 15:00:00+00:00,1795359600.0,viper_mons_mouton,350.05,6.04,2.8,322.3,9.42,0.0,True,True,True,Dual Operational
2026-11-22 16:00:00+00:00,1795363200.0,viper_mons_mouton,349.54,6.04,2.67,322.35,9.45,0.0,True,True,True,Dual Operational
2026-11-22 17:00:00+00:00,1795366800.0,viper_mons_mouton,349.03,6.03,2.52,322.4,9.48,0.0,True,True,True,Dual Operational
2026-11-22 18:00:00+00:00,1795370400.0,viper_mons_mouton,348.52,6.02,2.37,322.45,9.5,0.0,True,True,True,Dual Operational
2026-11-22 19:00:00+00:00,1795374000.0,viper_mons_mouton,348.02,6.01,2.22,322.5,9.53,0.0,True,True,True,Dual Operational
2026-11-22 20:00:00+00:00,1795377600.0,viper_mons_mouton,347.51,6.0,2.08,322.56,9.55,0.0,True,True,True,Dual Operational
2026-11-22 21:00:00+00:00,1795381200.0,viper_mons_mouton,347.0,5.99,1.93,322.62,9.58,0.0,True,True,True,Dual Operational
2026-11-22 22:00:00+00:00,1795384800.0,viper_mons_mouton,346.49,5.99,1.78,322.67,9.6,0.0,True,True,True,Dual Operational
2026-11-22 23:00:00+00:00,1795388400.0,viper_mons_mouton,345.98,5.97,1.64,322.73,9.63,0.0,True,True,True,Dual Operational
2026-11-23 00:00:00+00:00,1795392000.0,viper_mons_mouton,345.48,5.96,1.49,322.79,9.65,0.0,True,True,True,Dual Operational
2026-11-23 01:00:00+00:00,1795395600.0,viper_mons_mouton,344.97,5.95,1.34,322.84,9.67,0.0,True,True,True,Dual Operational
2026-11-23 02:00:00+00:00,1795399200.0,viper_mons_mouton,344.46,5.94,1.26,322.9,9.69,0.0,True,True,True,Dual Operational
2026-11-23 03:00:00+00:00,1795402800.0,viper_mons_mouton,343.95,5.93,1.17,322.96,9.71,0.0,True,True,True,Dual Operational
2026-11-23 04:00:00+00:00,1795406400.0,viper_mons_mouton,343.44,5.92,1.08,323.02,9.73,0.0,True,True,True,Dual Operational
2026-11-23 05:00:00+00:00,1795410000.0,viper_mons_mouton,342.94,5.91,0.99,323.09,9.75,0.0,True,True,True,Dual Operational
2026-11-23 06:00:00+00:00,1795413600.0,viper_mons_mouton,342.43,5.9,0.9,323.15,9.77,0.0,True,True,True,Dual Operational
2026-11-23 07:00:00+00:00,1795417200.0,viper_mons_mouton,341.92,5.88,0.81,323.21,9.79,0.0,True,True,True,Dual Operational
2026-11-23 08:00:00+00:00,1795420800.0,viper_mons_mouton,341.41,5.87,0.72,323.27,9.81,0.0,True,True,True,Dual Operational
2026-11-23 09:00:00+00:00,1795424400.0,viper_mons_mouton,340.9,5.86,0.63,323.34,9.82,0.0,True,True,True,Dual Operational
2026-11-23 10:00:00+00:00,1795428000.0,viper_mons_mouton,340.4,5.84,0.54,323.4,9.84,0.0,True,True,True,Dual Operational
2026-11-23 11:00:00+00:00,1795431600.0,viper_mons_mouton,339.89,5.83,0.46,323.47,9.85,0.0,True,True,True,Dual Operational
2026-11-23 12:00:00+00:00,1795435200.0,viper_mons_mouton,339.38,5.82,0.41,323.53,9.87,0.0,True,True,True,Dual Operational
2026-11-23 13:00:00+00:00,1795438800.0,viper_mons_mouton,338.87,5.8,0.36,323.6,9.88,0.0,True,True,True,Dual Operational
2026-11-23 14:00:00+00:00,1795442400.0,viper_mons_mouton,338.37,5.79,0.32,323.67,9.89,0.0,True,True,True,Dual Operational
2026-11-23 15:00:00+00:00,1795446000.0,viper_mons_mouton,337.86,5.77,0.27,323.74,9.91,0.0,True,True,True,Dual Operational
2026-11-23 16:00:00+00:00,1795449600.0,viper_mons_mouton,337.35,5.75,0.22,323.81,9.92,0.0,True,True,True,Dual Operational
2026-11-23 17:00:00+00:00,1795453200.0,viper_mons_mouton,336.84,5.74,0.17,323.88,9.93,0.0,True,True,True,Dual Operational
2026-11-23 18:00:00+00:00,1795456800.0,viper_mons_mouton,336.34,5.72,0.13,323.94,9.94,0.0,True,True,True,Dual Operational
2026-11-23 19:00:00+00:00,1795460400.0,viper_mons_mouton,335.83,5.71,0.08,324.02,9.95,0.0,True,True,True,Dual Operational
2026-11-23 20:00:00+00:00,1795464000.0,viper_mons_mouton,335.32,5.69,0.03,324.09,9.96,0.0,True,True,True,Dual Operational
2026-11-23 21:00:00+00:00,1795467600.0,viper_mons_mouton,334.81,5.67,0.0,324.16,9.97,0.0,True,True,True,Dual Operational
2026-11-23 22:00:00+00:00,1795471200.0,viper_mons_mouton,334.31,5.65,0.0,324.23,9.97,0.0,True,True,True,Dual Operational
2026-11-23 23:00:00+00:00,1795474800.0,viper_mons_mouton,333.8,5.64,0.0,324.3,9.98,0.0,True,True,True,Dual Operational
2026-11-24 00:00:00+00:00,1795478400.0,viper_mons_mouton,333.29,5.62,0.0,324.38,9.98,0.0,True,True,True,Dual Operational
2026-11-24 01:00:00+00:00,1795482000.0,viper_mons_mouton,332.78,5.6,0.0,324.45,9.99,0.0,True,True,True,Dual Operational
2026-11-24 02:00:00+00:00,1795485600.0,viper_mons_mouton,332.28,5.58,0.0,324.53,9.99,0.0,True,True,True,Dual Operational
2026-11-24 03:00:00+00:00,1795489200.0,viper_mons_mouton,331.77,5.56,0.0,324.6,10.0,0.0,True,True,True,Dual Operational
2026-11-24 04:00:00+00:00,1795492800.0,viper_mons_mouton,331.26,5.54,0.0,324.68,10.0,0.0,True,True,True,Dual Operational
2026-11-24 05:00:00+00:00,1795496400.0,viper_mons_mouton,330.75,5.52,0.0,324.75,10.0,0.0,True,True,True,Dual Operational
2026-11-24 06:00:00+00:00,1795500000.0,viper_mons_mouton,330.25,5.5,0.0,324.83,10.0,0.0,True,True,True,Dual Operational
2026-11-24 07:00:00+00:00,1795503600.0,viper_mons_mouton,329.74,5.48,0.0,324.91,10.0,0.0,True,True,True,Dual Operational
2026-11-24 08:00:00+00:00,1795507200.0,viper_mons_mouton,329.23,5.46,0.0,324.98,10.0,0.0,True,True,True,Dual Operational
2026-11-24 09:00:00+00:00,1795510800.0,viper_mons_mouton,328.73,5.44,0.0,325.06,10.0,0.0,True,True,True,Dual Operational
2026-11-24 10:00:00+00:00,1795514400.0,viper_mons_mouton,328.22,5.42,0.0,325.14,10.0,0.0,True,True,True,Dual Operational
2026-11-24 11:00:00+00:00,1795518000.0,viper_mons_mouton,327.71,5.4,0.0,325.22,10.0,0.0,True,True,True,Dual Operational
2026-11-24 12:00:00+00:00,1795521600.0,viper_mons_mouton,327.2,5.37,0.0,325.3,9.99,0.0,True,True,True,Dual Operational
2026-11-24 13:00:00+00:00,1795525200.0,viper_mons_mouton,326.7,5.35,0.0,325.38,9.99,0.0,True,True,True,Dual Operational
2026-11-24 14:00:00+00:00,1795528800.0,viper_mons_mouton,326.19,5.33,0.0,325.46,9.98,0.0,True,True,True,Dual Operational
2026-11-24 15:00:00+00:00,1795532400.0,viper_mons_mouton,325.68,5.31,0.0,325.54,9.98,0.0,True,True,True,Dual Operational
2026-11-24 16:00:00+00:00,1795536000.0,viper_mons_mouton,325.18,5.28,0.0,325.62,9.97,0.0,True,True,True,Dual Operational
2026-11-24 17:00:00+00:00,1795539600.0,viper_mons_mouton,324.67,5.26,0.0,325.7,9.96,0.0,True,True,True,Dual Operational
2026-11-24 18:00:00+00:00,1795543200.0,viper_mons_mouton,324.16,5.24,0.0,325.78,9.96,0.0,True,True,True,Dual Operational
2026-11-24 19:00:00+00:00,1795546800.0,viper_mons_mouton,323.66,5.21,0.0,325.86,9.95,0.0,True,True,True,Dual Operational
2026-11-24 20:00:00+00:00,1795550400.0,viper_mons_mouton,323.15,5.19,0.0,325.94,9.94,0.0,True,True,True,Dual Operational
2026-11-24 21:00:00+00:00,1795554000.0,viper_mons_mouton,322.64,5.16,0.0,326.02,9.93,0.0,True,True,True,Dual Operational
2026-11-24 22:00:00+00:00,1795557600.0,viper_mons_mouton,322.14,5.14,0.0,326.11,9.91,0.0,True,True,True,Dual Operational
2026-11-24 23:00:00+00:00,1795561200.0,viper_mons_mouton,321.63,5.11,0.0,326.19,9.9,0.0,True,True,True,Dual Operational
2026-11-25 00:00:00+00:00,1795564800.0,viper_mons_mouton,321.12,5.09,0.0,326.27,9.89,0.0,True,True,True,Dual Operational
2026-11-25 01:00:00+00:00,1795568400.0,viper_mons_mouton,320.62,5.06,0.0,326.36,9.88,0.0,True,True,True,Dual Operational
2026-11-25 02:00:00+00:00,1795572000.0,viper_mons_mouton,320.11,5.04,0.0,326.44,9.86,0.0,True,True,True,Dual Operational
2026-11-25 03:00:00+00:00,1795575600.0,viper_mons_mouton,319.6,5.01,0.0,326.52,9.85,0.0,True,True,True,Dual Operational
2026-11-25 04:00:00+00:00,1795579200.0,viper_mons_mouton,319.1,4.98,0.0,326.61,9.83,0.0,True,True,True,Dual Operational
2026-11-25 05:00:00+00:00,1795582800.0,viper_mons_mouton,318.59,4.96,0.0,326.69,9.81,0.0,True,True,True,Dual Operational
2026-11-25 06:00:00+00:00,1795586400.0,viper_mons_mouton,318.08,4.93,0.0,326.77,9.8,0.0,True,True,True,Dual Operational
2026-11-25 07:00:00+00:00,1795590000.0,viper_mons_mouton,317.58,4.9,0.0,326.86,9.78,0.0,True,True,True,Dual Operational
2026-11-25 08:00:00+00:00,1795593600.0,viper_mons_mouton,317.07,4.87,0.0,326.94,9.76,0.0,True,True,True,Dual Operational
2026-11-25 09:00:00+00:00,1795597200.0,viper_mons_mouton,316.56,4.84,0.0,327.03,9.74,0.0,True,True,True,Dual Operational
2026-11-25 10:00:00+00:00,1795600800.0,viper_mons_mouton,316.06,4.82,0.0,327.11,9.72,0.0,True,True,True,Dual Operational
2026-11-25 11:00:00+00:00,1795604400.0,viper_mons_mouton,315.55,4.79,0.0,327.19,9.7,0.0,True,True,True,Dual Operational
2026-11-25 12:00:00+00:00,1795608000.0,viper_mons_mouton,315.05,4.76,0.0,327.28,9.68,0.0,True,True,True,Dual Operational
2026-11-25 13:00:00+00:00,1795611600.0,viper_mons_mouton,314.54,4.73,0.0,327.36,9.65,0.0,True,True,True,Dual Operational
2026-11-25 14:00:00+00:00,1795615200.0,viper_mons_mouton,314.03,4.7,0.0,327.45,9.63,0.0,True,True,True,Dual Operational
2026-11-25 15:00:00+00:00,1795618800.0,viper_mons_mouton,313.53,4.67,0.0,327.53,9.6,0.0,True,True,True,Dual Operational
2026-11-25 16:00:00+00:00,1795622400.0,viper_mons_mouton,313.02,4.64,0.0,327.62,9.58,0.0,True,True,True,Dual Operational
2026-11-25 17:00:00+00:00,1795626000.0,viper_mons_mouton,312.52,4.61,0.0,327.7,9.55,0.0,True,True,True,Dual Operational
2026-11-25 18:00:00+00:00,1795629600.0,viper_mons_mouton,312.01,4.58,0.0,327.79,9.53,0.0,True,True,True,Dual Operational
2026-11-25 19:00:00+00:00,1795633200.0,viper_mons_mouton,311.5,4.55,0.0,327.87,9.5,0.0,True,True,True,Dual Operational
2026-11-25 20:00:00+00:00,1795636800.0,viper_mons_mouton,311.0,4.52,0.0,327.95,9.47,0.0,True,True,True,Dual Operational
2026-11-25 21:00:00+00:00,1795640400.0,viper_mons_mouton,310.49,4.49,0.0,328.04,9.44,0.0,True,True,True,Dual Operational
2026-11-25 22:00:00+00:00,1795644000.0,viper_mons_mouton,309.99,4.46,0.0,328.12,9.41,0.0,True,True,True,Dual Operational
2026-11-25 23:00:00+00:00,1795647600.0,viper_mons_mouton,309.48,4.43,0.0,328.21,9.38,0.0,True,True,True,Dual Operational
2026-11-26 00:00:00+00:00,1795651200.0,viper_mons_mouton,308.97,4.4,0.0,328.29,9.35,0.0,True,True,True,Dual Operational
2026-11-26 01:00:00+00:00,1795654800.0,viper_mons_mouton,308.47,4.36,0.0,328.38,9.32,0.0,True,True,True,Dual Operational
2026-11-26 02:00:00+00:00,1795658400.0,viper_mons_mouton,307.96,4.33,0.0,328.46,9.29,0.0,True,True,True,Dual Operational
2026-11-26 03:00:00+00:00,1795662000.0,viper_mons_mouton,307.46,4.3,0.0,328.54,9.26,0.0,True,True,True,Dual Operational
2026-11-26 04:00:00+00:00,1795665600.0,viper_mons_mouton,306.95,4.27,0.0,328.63,9.22,0.0,True,True,True,Dual Operational
2026-11-26 05:00:00+00:00,1795669200.0,viper_mons_mouton,306.45,4.24,0.0,328.71,9.19,0.0,True,True,True,Dual Operational
2026-11-26 06:00:00+00:00,1795672800.0,viper_mons_mouton,305.94,4.2,0.0,328.79,9.15,0.0,True,True,True,Dual Operational
2026-11-26 07:00:00+00:00,1795676400.0,viper_mons_mouton,305.43,4.17,0.0,328.88,9.12,0.0,True,True,True,Dual Operational
2026-11-26 08:00:00+00:00,1795680000.0,viper_mons_mouton,304.93,4.13,0.0,328.96,9.08,0.0,True,True,True,Dual Operational
2026-11-26 09:00:00+00:00,1795683600.0,viper_mons_mouton,304.42,4.1,0.0,329.04,9.04,0.0,True,True,True,Dual Operational
2026-11-26 10:00:00+00:00,1795687200.0,viper_mons_mouton,303.92,4.07,0.0,329.12,9.01,0.0,True,True,True,Dual Operational
2026-11-26 11:00:00+00:00,1795690800.0,viper_mons_mouton,303.41,4.03,0.0,329.21,8.97,0.0,True,True,True,Dual Operational
2026-11-26 12:00:00+00:00,1795694400.0,viper_mons_mouton,302.91,4.0,0.0,329.29,8.93,0.0,True,True,True,Dual Operational
2026-11-26 13:00:00+00:00,1795698000.0,viper_mons_mouton,302.4,3.96,0.0,329.37,8.89,0.0,True,True,True,Dual Operational
2026-11-26 14:00:00+00:00,1795701600.0,viper_mons_mouton,301.9,3.93,0.0,329.45,8.85,0.0,True,True,True,Dual Operational
2026-11-26 15:00:00+00:00,1795705200.0,viper_mons_mouton,301.39,3.9,0.0,329.53,8.81,0.0,True,True,True,Dual Operational
2026-11-26 16:00:00+00:00,1795708800.0,viper_mons_mouton,300.89,3.86,0.0,329.61,8.76,0.0,True,True,True,Dual Operational
2026-11-26 17:00:00+00:00,1795712400.0,viper_mons_mouton,300.38,3.83,0.0,329.69,8.72,0.0,True,True,True,Dual Operational
2026-11-26 18:00:00+00:00,1795716000.0,viper_mons_mouton,299.87,3.79,0.0,329.77,8.68,0.0,True,True,True,Dual Operational
2026-11-26 19:00:00+00:00,1795719600.0,viper_mons_mouton,299.37,3.75,0.0,329.85,8.64,0.0,True,True,True,Dual Operational
2026-11-26 20:00:00+00:00,1795723200.0,viper_mons_mouton,298.86,3.72,0.0,329.93,8.59,0.0,True,True,True,Dual Operational
2026-11-26 21:00:00+00:00,1795726800.0,viper_mons_mouton,298.36,3.68,0.0,330.01,8.55,0.0,True,True,True,Dual Operational
2026-11-26 22:00:00+00:00,1795730400.0,viper_mons_mouton,297.85,3.65,0.0,330.09,8.5,0.0,True,True,True,Dual Operational
2026-11-26 23:00:00+00:00,1795734000.0,viper_mons_mouton,297.35,3.61,0.0,330.17,8.46,0.0,True,True,True,Dual Operational
2026-11-27 00:00:00+00:00,1795737600.0,viper_mons_mouton,296.84,3.58,0.0,330.25,8.41,0.0,True,True,True,Dual Operational
2026-11-27 01:00:00+00:00,1795741200.0,viper_mons_mouton,296.34,3.54,0.0,330.32,8.36,0.0,True,True,True,Dual Operational
2026-11-27 02:00:00+00:00,1795744800.0,viper_mons_mouton,295.83,3.5,0.0,330.4,8.31,0.0,True,True,True,Dual Operational
2026-11-27 03:00:00+00:00,1795748400.0,viper_mons_mouton,295.33,3.47,0.0,330.48,8.27,0.0,True,True,True,Dual Operational
2026-11-27 04:00:00+00:00,1795752000.0,viper_mons_mouton,294.82,3.43,0.0,330.55,8.22,0.0,True,True,True,Dual Operational
2026-11-27 05:00:00+00:00,1795755600.0,viper_mons_mouton,294.32,3.39,0.0,330.63,8.17,0.0,True,True,True,Dual Operational
2026-11-27 06:00:00+00:00,1795759200.0,viper_mons_mouton,293.81,3.35,0.0,330.71,8.12,0.0,True,True,True,Dual Operational
2026-11-27 07:00:00+00:00,1795762800.0,viper_mons_mouton,293.31,3.32,0.0,330.78,8.07,0.0,True,True,True,Dual Operational
2026-11-27 08:00:00+00:00,1795766400.0,viper_mons_mouton,292.8,3.28,0.0,330.85,8.02,0.0,True,True,True,Dual Operational
2026-11-27 09:00:00+00:00,1795770000.0,viper_mons_mouton,292.3,3.24,0.0,330.93,7.97,0.0,True,True,True,Dual Operational
2026-11-27 10:00:00+00:00,1795773600.0,viper_mons_mouton,291.79,3.2,0.0,331.0,7.92,0.0,True,True,True,Dual Operational
2026-11-27 11:00:00+00:00,1795777200.0,viper_mons_mouton,291.29,3.17,0.0,331.08,7.86,0.0,True,True,True,Dual Operational
2026-11-27 12:00:00+00:00,1795780800.0,viper_mons_mouton,290.78,3.13,0.0,331.15,7.81,0.0,True,True,True,Dual Operational
2026-11-27 13:00:00+00:00,1795784400.0,viper_mons_mouton,290.28,3.09,0.0,331.22,7.76,0.0,True,True,True,Dual Operational
2026-11-27 14:00:00+00:00,1795788000.0,viper_mons_mouton,289.77,3.05,0.0,331.29,7.71,0.0,True,True,True,Dual Operational
2026-11-27 15:00:00+00:00,1795791600.0,viper_mons_mouton,289.27,3.01,0.0,331.36,7.65,0.0,True,True,True,Dual Operational
2026-11-27 16:00:00+00:00,1795795200.0,viper_mons_mouton,288.76,2.98,0.0,331.43,7.6,0.0,True,True,True,Dual Operational
2026-11-27 17:00:00+00:00,1795798800.0,viper_mons_mouton,288.26,2.94,0.0,331.5,7.54,0.0,True,True,True,Dual Operational
2026-11-27 18:00:00+00:00,1795802400.0,viper_mons_mouton,287.75,2.9,0.0,331.57,7.49,0.0,True,True,True,Dual Operational
2026-11-27 19:00:00+00:00,1795806000.0,viper_mons_mouton,287.25,2.86,0.0,331.64,7.43,0.0,True,True,True,Dual Operational
2026-11-27 20:00:00+00:00,1795809600.0,viper_mons_mouton,286.75,2.82,0.0,331.71,7.37,0.0,True,True,True,Dual Operational
2026-11-27 21:00:00+00:00,1795813200.0,viper_mons_mouton,286.24,2.78,0.0,331.78,7.32,0.0,True,True,True,Dual Operational
2026-11-27 22:00:00+00:00,1795816800.0,viper_mons_mouton,285.74,2.74,0.0,331.84,7.26,0.0,True,True,True,Dual Operational
2026-11-27 23:00:00+00:00,1795820400.0,viper_mons_mouton,285.23,2.7,0.0,331.91,7.2,0.0,True,True,True,Dual Operational
2026-11-28 00:00:00+00:00,1795824000.0,viper_mons_mouton,284.73,2.66,0.0,331.98,7.15,0.0,True,True,True,Dual Operational
2026-11-28 01:00:00+00:00,1795827600.0,viper_mons_mouton,284.22,2.62,0.0,332.04,7.09,0.0,True,True,True,Dual Operational
2026-11-28 02:00:00+00:00,1795831200.0,viper_mons_mouton,283.72,2.58,0.0,332.11,7.03,0.0,True,True,True,Dual Operational
2026-11-28 03:00:00+00:00,1795834800.0,viper_mons_mouton,283.21,2.54,0.0,332.17,6.97,0.0,True,True,True,Dual Operational
2026-11-28 04:00:00+00:00,1795838400.0,viper_mons_mouton,282.71,2.5,0.0,332.24,6.91,0.0,True,True,True,Dual Operational
2026-11-28 05:00:00+00:00,1795842000.0,viper_mons_mouton,282.2,2.46,0.0,332.3,6.85,0.0,True,True,True,Dual Operational
2026-11-28 06:00:00+00:00,1795845600.0,viper_mons_mouton,281.7,2.42,0.0,332.36,6.79,0.0,True,True,True,Dual Operational
2026-11-28 07:00:00+00:00,1795849200.0,viper_mons_mouton,281.19,2.38,0.0,332.42,6.73,0.0,True,True,True,Dual Operational
2026-11-28 08:00:00+00:00,1795852800.0,viper_mons_mouton,280.69,2.35,0.0,332.48,6.67,0.0,True,True,True,Dual Operational
2026-11-28 09:00:00+00:00,1795856400.0,viper_mons_mouton,280.19,2.31,0.0,332.54,6.61,0.0,True,True,True,Dual Operational
2026-11-28 10:00:00+00:00,1795860000.0,viper_mons_mouton,279.68,2.27,0.0,332.6,6.55,0.0,True,True,True,Dual Operational
2026-11-28 11:00:00+00:00,1795863600.0,viper_mons_mouton,279.18,2.23,0.0,332.66,6.49,0.0,True,True,True,Dual Operational
2026-11-28 12:00:00+00:00,1795867200.0,viper_mons_mouton,278.67,2.18,0.0,332.72,6.43,0.0,True,True,True,Dual Operational
2026-11-28 13:00:00+00:00,1795870800.0,viper_mons_mouton,278.17,2.14,0.0,332.78,6.37,0.0,True,True,True,Dual Operational
2026-11-28 14:00:00+00:00,1795874400.0,viper_mons_mouton,277.66,2.1,0.0,332.84,6.3,0.0,True,True,True,Dual Operational
2026-11-28 15:00:00+00:00,1795878000.0,viper_mons_mouton,277.16,2.06,0.0,332.89,6.24,0.0,True,True,True,Dual Operational
2026-11-28 16:00:00+00:00,1795881600.0,viper_mons_mouton,276.65,2.02,0.0,332.95,6.18,0.0,True,True,True,Dual Operational
2026-11-28 17:00:00+00:00,1795885200.0,viper_mons_mouton,276.15,1.98,0.0,333.01,6.12,0.0,True,True,True,Dual Operational
2026-11-28 18:00:00+00:00,1795888800.0,viper_mons_mouton,275.64,1.94,0.0,333.06,6.05,0.0,True,True,True,Dual Operational
2026-11-28 19:00:00+00:00,1795892400.0,viper_mons_mouton,275.14,1.9,0.0,333.12,5.99,0.0,True,True,True,Dual Operational
2026-11-28 20:00:00+00:00,1795896000.0,viper_mons_mouton,274.64,1.86,0.0,333.17,5.93,0.0,True,True,True,Dual Operational
2026-11-28 21:00:00+00:00,1795899600.0,viper_mons_mouton,274.13,1.82,0.0,333.22,5.86,0.0,True,True,True,Dual Operational
2026-11-28 22:00:00+00:00,1795903200.0,viper_mons_mouton,273.63,1.78,0.0,333.27,5.8,0.0,True,True,True,Dual Operational
2026-11-28 23:00:00+00:00,1795906800.0,viper_mons_mouton,273.12,1.74,0.0,333.33,5.74,0.0,True,True,True,Dual Operational
2026-11-29 00:00:00+00:00,1795910400.0,viper_mons_mouton,272.62,1.7,0.0,333.38,5.67,0.0,True,True,True,Dual Operational
2026-11-29 01:00:00+00:00,1795914000.0,viper_mons_mouton,272.11,1.66,0.0,333.43,5.61,0.0,True,True,True,Dual Operational
2026-11-29 02:00:00+00:00,1795917600.0,viper_mons_mouton,271.61,1.62,0.0,333.48,5.54,0.0,True,True,True,Dual Operational
2026-11-29 03:00:00+00:00,1795921200.0,viper_mons_mouton,271.1,1.58,0.0,333.52,5.48,0.0,True,True,True,Dual Operational
2026-11-29 04:00:00+00:00,1795924800.0,viper_mons_mouton,270.6,1.53,0.0,333.57,5.41,0.0,True,True,True,Dual Operational
2026-11-29 05:00:00+00:00,1795928400.0,viper_mons_mouton,270.1,1.5,0.0,333.62,5.35,0.0,True,True,True,Dual Operational
2026-11-29 06:00:00+00:00,1795932000.0,viper_mons_mouton,269.59,1.45,0.0,333.67,5.28,0.0,True,True,True,Dual Operational
2026-11-29 07:00:00+00:00,1795935600.0,viper_mons_mouton,269.09,1.41,0.0,333.71,5.22,0.0,True,True,True,Dual Operational
2026-11-29 08:00:00+00:00,1795939200.0,viper_mons_mouton,268.58,1.37,0.0,333.76,5.15,0.0,True,True,True,Dual Operational
2026-11-29 09:00:00+00:00,1795942800.0,viper_mons_mouton,268.08,1.33,0.0,333.8,5.09,0.0,True,True,True,Dual Operational
2026-11-29 10:00:00+00:00,1795946400.0,viper_mons_mouton,267.57,1.29,0.0,333.85,5.02,0.0,True,True,True,Dual Operational
2026-11-29 11:00:00+00:00,1795950000.0,viper_mons_mouton,267.07,1.25,0.0,333.89,4.96,0.0,True,True,True,Dual Operational
2026-11-29 12:00:00+00:00,1795953600.0,viper_mons_mouton,266.56,1.21,0.0,333.93,4.89,0.0,True,True,True,Dual Operational
2026-11-29 13:00:00+00:00,1795957200.0,viper_mons_mouton,266.06,1.17,0.0,333.98,4.82,0.0,True,True,True,Dual Operational
2026-11-29 14:00:00+00:00,1795960800.0,viper_mons_mouton,265.56,1.13,0.0,334.02,4.76,0.0,True,True,True,Dual Operational
2026-11-29 15:00:00+00:00,1795964400.0,viper_mons_mouton,265.05,1.09,0.0,334.06,4.69,0.0,True,True,True,Dual Operational
2026-11-29 16:00:00+00:00,1795968000.0,viper_mons_mouton,264.55,1.05,0.0,334.1,4.63,0.0,True,True,True,Dual Operational
2026-11-29 17:00:00+00:00,1795971600.0,viper_mons_mouton,264.04,1.01,0.0,334.14,4.56,0.0,True,True,True,Dual Operational
2026-11-29 18:00:00+00:00,1795975200.0,viper_mons_mouton,263.54,0.97,0.0,334.17,4.5,0.0,True,True,True,Dual Operational
2026-11-29 19:00:00+00:00,1795978800.0,viper_mons_mouton,263.03,0.93,0.0,334.21,4.43,0.0,True,True,True,Dual Operational
2026-11-29 20:00:00+00:00,1795982400.0,viper_mons_mouton,262.53,0.89,0.0,334.25,4.36,0.0,True,True,True,Dual Operational
2026-11-29 21:00:00+00:00,1795986000.0,viper_mons_mouton,262.02,0.84,0.0,334.29,4.3,0.0,True,True,True,Dual Operational
2026-11-29 22:00:00+00:00,1795989600.0,viper_mons_mouton,261.52,0.81,0.0,334.32,4.23,0.0,True,True,True,Dual Operational
2026-11-29 23:00:00+00:00,1795993200.0,viper_mons_mouton,261.01,0.77,0.0,334.36,4.17,0.0,True,True,True,Dual Operational
2026-11-30 00:00:00+00:00,1795996800.0,viper_mons_mouton,260.51,0.72,0.0,334.39,4.1,0.0,True,True,True,Dual Operational
2026-11-30 01:00:00+00:00,1796000400.0,viper_mons_mouton,260.01,0.68,0.0,334.43,4.03,0.0,True,True,True,Dual Operational
2026-11-30 02:00:00+00:00,1796004000.0,viper_mons_mouton,259.5,0.64,0.0,334.46,3.97,0.0,True,True,True,Dual Operational
2026-11-30 03:00:00+00:00,1796007600.0,viper_mons_mouton,259.0,0.6,0.0,334.49,3.9,0.0,True,True,True,Dual Operational
2026-11-30 04:00:00+00:00,1796011200.0,viper_mons_mouton,258.49,0.56,0.0,334.52,3.84,0.0,True,True,True,Dual Operational
2026-11-30 05:00:00+00:00,1796014800.0,viper_mons_mouton,257.99,0.53,0.0,334.55,3.77,0.0,True,True,True,Dual Operational
2026-11-30 06:00:00+00:00,1796018400.0,viper_mons_mouton,257.48,0.48,0.0,334.59,3.71,0.0,True,True,True,Dual Operational
2026-11-30 07:00:00+00:00,1796022000.0,viper_mons_mouton,256.98,0.45,0.0,334.62,3.64,0.0,True,True,True,Dual Operational
2026-11-30 08:00:00+00:00,1796025600.0,viper_mons_mouton,256.47,0.41,0.0,334.64,3.57,0.0,True,True,True,Dual Operational
2026-11-30 09:00:00+00:00,1796029200.0,viper_mons_mouton,255.97,0.37,0.0,334.67,3.51,0.0,True,True,True,Dual Operational
2026-11-30 10:00:00+00:00,1796032800.0,viper_mons_mouton,255.46,0.33,0.0,334.7,3.44,0.0,True,True,True,Dual Operational
2026-11-30 11:00:00+00:00,1796036400.0,viper_mons_mouton,254.96,0.29,0.0,334.73,3.38,0.0,True,True,True,Dual Operational
2026-11-30 12:00:00+00:00,1796040000.0,viper_mons_mouton,254.45,0.25,0.0,334.75,3.31,0.0,True,True,True,Dual Operational
2026-11-30 13:00:00+00:00,1796043600.0,viper_mons_mouton,253.95,0.21,0.0,334.78,3.25,0.0,True,True,True,Dual Operational
2026-11-30 14:00:00+00:00,1796047200.0,viper_mons_mouton,253.44,0.17,0.0,334.81,3.18,0.0,True,True,True,Dual Operational
2026-11-30 15:00:00+00:00,1796050800.0,viper_mons_mouton,252.94,0.13,0.0,334.83,3.12,0.0,True,True,True,Dual Operational
2026-11-30 16:00:00+00:00,1796054400.0,viper_mons_mouton,252.43,0.09,0.0,334.85,3.05,0.0,True,True,True,Dual Operational
2026-11-30 17:00:00+00:00,1796058000.0,viper_mons_mouton,251.93,0.05,0.0,334.88,2.99,0.0,True,True,True,Dual Operational
2026-11-30 18:00:00+00:00,1796061600.0,viper_mons_mouton,251.42,0.01,0.0,334.9,2.92,0.0,True,True,True,Dual Operational
2026-11-30 19:00:00+00:00,1796065200.0,viper_mons_mouton,250.92,-0.02,0.0,334.92,2.86,0.0,False,True,False,Comm Only
2026-11-30 20:00:00+00:00,1796068800.0,viper_mons_mouton,250.41,-0.06,0.0,334.94,2.8,0.0,False,True,False,Comm Only
2026-11-30 21:00:00+00:00,1796072400.0,viper_mons_mouton,249.91,-0.1,0.0,334.96,2.73,0.0,False,True,False,Comm Only
2026-11-30 22:00:00+00:00,1796076000.0,viper_mons_mouton,249.4,-0.14,0.0,334.99,2.67,0.0,False,True,False,Comm Only
2026-11-30 23:00:00+00:00,1796079600.0,viper_mons_mouton,248.9,-0.18,0.0,335.0,2.6,0.0,False,True,False,Comm Only
2026-11-01 00:00:00+00:00,1793491200.0,nobile_rim_1,247.72,-0.27,9.72,326.36,6.74,7.61,False,False,False,Blackout
2026-11-01 01:00:00+00:00,1793494800.0,nobile_rim_1,247.21,-0.31,9.72,326.4,6.68,7.62,False,False,False,Blackout
2026-11-01 02:00:00+00:00,1793498400.0,nobile_rim_1,246.71,-0.34,9.72,326.44,6.63,7.63,False,False,False,Blackout
2026-11-01 03:00:00+00:00,1793502000.0,nobile_rim_1,246.2,-0.38,9.72,326.49,6.57,7.64,False,False,False,Blackout
2026-11-01 04:00:00+00:00,1793505600.0,nobile_rim_1,245.7,-0.42,9.72,326.52,6.51,7.65,False,False,False,Blackout
2026-11-01 05:00:00+00:00,1793509200.0,nobile_rim_1,245.19,-0.45,9.72,326.56,6.45,7.66,False,False,False,Blackout
2026-11-01 06:00:00+00:00,1793512800.0,nobile_rim_1,244.68,-0.49,9.88,326.6,6.39,7.67,False,False,False,Blackout
2026-11-01 07:00:00+00:00,1793516400.0,nobile_rim_1,244.18,-0.53,10.15,326.64,6.33,7.68,False,False,False,Blackout
2026-11-01 08:00:00+00:00,1793520000.0,nobile_rim_1,243.67,-0.56,10.41,326.68,6.27,7.69,False,False,False,Blackout
2026-11-01 09:00:00+00:00,1793523600.0,nobile_rim_1,243.17,-0.6,10.67,326.72,6.21,7.7,False,False,False,Blackout
2026-11-01 10:00:00+00:00,1793527200.0,nobile_rim_1,242.66,-0.63,10.93,326.76,6.15,7.71,False,False,False,Blackout
2026-11-01 11:00:00+00:00,1793530800.0,nobile_rim_1,242.15,-0.67,11.19,326.79,6.09,7.72,False,False,False,Blackout
2026-11-01 12:00:00+00:00,1793534400.0,nobile_rim_1,241.65,-0.7,11.46,326.83,6.03,7.73,False,False,False,Blackout
2026-11-01 13:00:00+00:00,1793538000.0,nobile_rim_1,241.14,-0.74,11.72,326.86,5.97,7.74,False,False,False,Blackout
2026-11-01 14:00:00+00:00,1793541600.0,nobile_rim_1,240.64,-0.77,11.98,326.9,5.91,7.75,False,False,False,Blackout
2026-11-01 15:00:00+00:00,1793545200.0,nobile_rim_1,240.13,-0.81,12.24,326.93,5.85,7.76,False,False,False,Blackout
2026-11-01 16:00:00+00:00,1793548800.0,nobile_rim_1,239.63,-0.84,12.31,326.97,5.79,7.77,False,False,False,Blackout
2026-11-01 17:00:00+00:00,1793552400.0,nobile_rim_1,239.12,-0.88,12.31,327.0,5.73,7.77,False,False,False,Blackout
2026-11-01 18:00:00+00:00,1793556000.0,nobile_rim_1,238.61,-0.91,12.31,327.04,5.66,7.78,False,False,False,Blackout
2026-11-01 19:00:00+00:00,1793559600.0,nobile_rim_1,238.11,-0.94,12.31,327.07,5.6,7.79,False,False,False,Blackout
2026-11-01 20:00:00+00:00,1793563200.0,nobile_rim_1,237.6,-0.98,12.31,327.1,5.54,7.8,False,False,False,Blackout
2026-11-01 21:00:00+00:00,1793566800.0,nobile_rim_1,237.1,-1.01,12.31,327.13,5.48,7.81,False,False,False,Blackout
2026-11-01 22:00:00+00:00,1793570400.0,nobile_rim_1,236.59,-1.05,12.31,327.17,5.41,7.82,False,False,False,Blackout
2026-11-01 23:00:00+00:00,1793574000.0,nobile_rim_1,236.08,-1.08,12.31,327.2,5.35,7.83,False,False,False,Blackout
2026-11-02 00:00:00+00:00,1793577600.0,nobile_rim_1,235.58,-1.11,12.31,327.23,5.29,7.83,False,False,False,Blackout
2026-11-02 01:00:00+00:00,1793581200.0,nobile_rim_1,235.07,-1.15,12.31,327.26,5.23,7.84,False,False,False,Blackout
2026-11-02 02:00:00+00:00,1793584800.0,nobile_rim_1,234.57,-1.18,12.31,327.29,5.16,7.85,False,False,False,Blackout
2026-11-02 03:00:00+00:00,1793588400.0,nobile_rim_1,234.06,-1.21,12.31,327.32,5.1,7.86,False,False,False,Blackout
2026-11-02 04:00:00+00:00,1793592000.0,nobile_rim_1,233.55,-1.24,12.31,327.35,5.04,7.86,False,False,False,Blackout
2026-11-02 05:00:00+00:00,1793595600.0,nobile_rim_1,233.05,-1.27,12.31,327.37,4.97,7.87,False,False,False,Blackout
2026-11-02 06:00:00+00:00,1793599200.0,nobile_rim_1,232.54,-1.3,12.31,327.4,4.91,7.88,False,False,False,Blackout
2026-11-02 07:00:00+00:00,1793602800.0,nobile_rim_1,232.03,-1.34,12.31,327.43,4.84,7.89,False,False,False,Blackout
2026-11-02 08:00:00+00:00,1793606400.0,nobile_rim_1,231.53,-1.37,12.31,327.46,4.78,7.89,False,False,False,Blackout
2026-11-02 09:00:00+00:00,1793610000.0,nobile_rim_1,231.02,-1.4,12.31,327.48,4.72,7.9,False,False,False,Blackout
2026-11-02 10:00:00+00:00,1793613600.0,nobile_rim_1,230.51,-1.43,12.31,327.51,4.65,7.91,False,False,False,Blackout
2026-11-02 11:00:00+00:00,1793617200.0,nobile_rim_1,230.01,-1.46,12.31,327.53,4.59,7.91,False,False,False,Blackout
2026-11-02 12:00:00+00:00,1793620800.0,nobile_rim_1,229.5,-1.49,12.31,327.56,4.52,7.92,False,False,False,Blackout
2026-11-02 13:00:00+00:00,1793624400.0,nobile_rim_1,229.0,-1.52,12.31,327.58,4.46,7.93,False,False,False,Blackout
2026-11-02 14:00:00+00:00,1793628000.0,nobile_rim_1,228.49,-1.55,12.31,327.61,4.39,7.93,False,False,False,Blackout
2026-11-02 15:00:00+00:00,1793631600.0,nobile_rim_1,227.98,-1.58,12.31,327.63,4.33,7.94,False,False,False,Blackout
2026-11-02 16:00:00+00:00,1793635200.0,nobile_rim_1,227.48,-1.61,12.31,327.65,4.26,7.95,False,False,False,Blackout
2026-11-02 17:00:00+00:00,1793638800.0,nobile_rim_1,226.97,-1.64,12.31,327.68,4.2,7.95,False,False,False,Blackout
2026-11-02 18:00:00+00:00,1793642400.0,nobile_rim_1,226.46,-1.67,12.31,327.7,4.14,7.96,False,False,False,Blackout
2026-11-02 19:00:00+00:00,1793646000.0,nobile_rim_1,225.96,-1.7,12.31,327.72,4.07,7.96,False,False,False,Blackout
2026-11-02 20:00:00+00:00,1793649600.0,nobile_rim_1,225.45,-1.73,12.31,327.75,4.01,7.97,False,False,False,Blackout
2026-11-02 21:00:00+00:00,1793653200.0,nobile_rim_1,224.94,-1.75,12.31,327.77,3.94,7.97,False,False,False,Blackout
2026-11-02 22:00:00+00:00,1793656800.0,nobile_rim_1,224.43,-1.78,12.31,327.79,3.88,7.98,False,False,False,Blackout
2026-11-02 23:00:00+00:00,1793660400.0,nobile_rim_1,223.93,-1.81,12.31,327.81,3.81,7.99,False,False,False,Blackout
2026-11-03 00:00:00+00:00,1793664000.0,nobile_rim_1,223.42,-1.84,12.31,327.83,3.75,7.99,False,False,False,Blackout
2026-11-03 01:00:00+00:00,1793667600.0,nobile_rim_1,222.91,-1.86,12.31,327.85,3.68,8.0,False,False,False,Blackout
2026-11-03 02:00:00+00:00,1793671200.0,nobile_rim_1,222.41,-1.89,12.31,327.87,3.62,8.0,False,False,False,Blackout
2026-11-03 03:00:00+00:00,1793674800.0,nobile_rim_1,221.9,-1.92,12.31,327.88,3.55,8.01,False,False,False,Blackout
2026-11-03 04:00:00+00:00,1793678400.0,nobile_rim_1,221.39,-1.94,12.31,327.9,3.49,8.01,False,False,False,Blackout
2026-11-03 05:00:00+00:00,1793682000.0,nobile_rim_1,220.89,-1.97,12.31,327.92,3.42,8.02,False,False,False,Blackout
2026-11-03 06:00:00+00:00,1793685600.0,nobile_rim_1,220.38,-2.0,12.31,327.94,3.36,8.02,False,False,False,Blackout
2026-11-03 07:00:00+00:00,1793689200.0,nobile_rim_1,219.87,-2.02,12.31,327.95,3.3,8.02,False,False,False,Blackout
2026-11-03 08:00:00+00:00,1793692800.0,nobile_rim_1,219.37,-2.05,12.31,327.97,3.23,8.03,False,False,False,Blackout
2026-11-03 09:00:00+00:00,1793696400.0,nobile_rim_1,218.86,-2.07,12.31,327.99,3.17,8.03,False,False,False,Blackout
2026-11-03 10:00:00+00:00,1793700000.0,nobile_rim_1,218.35,-2.1,12.31,328.0,3.1,8.04,False,False,False,Blackout
2026-11-03 11:00:00+00:00,1793703600.0,nobile_rim_1,217.84,-2.12,12.31,328.02,3.04,8.04,False,False,False,Blackout
2026-11-03 12:00:00+00:00,1793707200.0,nobile_rim_1,217.34,-2.15,12.31,328.03,2.98,8.04,False,False,False,Blackout
2026-11-03 13:00:00+00:00,1793710800.0,nobile_rim_1,216.83,-2.17,12.31,328.05,2.91,8.05,False,False,False,Blackout
2026-11-03 14:00:00+00:00,1793714400.0,nobile_rim_1,216.32,-2.19,12.31,328.06,2.85,8.05,False,False,False,Blackout
2026-11-03 15:00:00+00:00,1793718000.0,nobile_rim_1,215.81,-2.22,12.31,328.08,2.78,8.06,False,False,False,Blackout
2026-11-03 16:00:00+00:00,1793721600.0,nobile_rim_1,215.31,-2.24,12.31,328.09,2.72,8.06,False,False,False,Blackout
2026-11-03 17:00:00+00:00,1793725200.0,nobile_rim_1,214.8,-2.26,12.31,328.1,2.66,8.06,False,False,False,Blackout
2026-11-03 18:00:00+00:00,1793728800.0,nobile_rim_1,214.29,-2.28,12.31,328.11,2.59,8.07,False,False,False,Blackout
2026-11-03 19:00:00+00:00,1793732400.0,nobile_rim_1,213.78,-2.31,12.31,328.13,2.53,8.07,False,False,False,Blackout
2026-11-03 20:00:00+00:00,1793736000.0,nobile_rim_1,213.28,-2.33,12.31,328.14,2.47,8.07,False,False,False,Blackout
2026-11-03 21:00:00+00:00,1793739600.0,nobile_rim_1,212.77,-2.35,12.31,328.15,2.4,8.08,False,False,False,Blackout
2026-11-03 22:00:00+00:00,1793743200.0,nobile_rim_1,212.26,-2.37,12.31,328.16,2.34,8.08,False,False,False,Blackout
2026-11-03 23:00:00+00:00,1793746800.0,nobile_rim_1,211.75,-2.39,12.31,328.17,2.28,8.08,False,False,False,Blackout
2026-11-04 00:00:00+00:00,1793750400.0,nobile_rim_1,211.25,-2.41,12.31,328.18,2.22,8.08,False,False,False,Blackout
2026-11-04 01:00:00+00:00,1793754000.0,nobile_rim_1,210.74,-2.43,12.31,328.19,2.15,8.09,False,False,False,Blackout
2026-11-04 02:00:00+00:00,1793757600.0,nobile_rim_1,210.23,-2.45,12.31,328.2,2.09,8.09,False,False,False,Blackout
2026-11-04 03:00:00+00:00,1793761200.0,nobile_rim_1,209.72,-2.47,12.4,328.21,2.03,8.09,False,False,False,Blackout
2026-11-04 04:00:00+00:00,1793764800.0,nobile_rim_1,209.22,-2.49,12.56,328.22,1.97,8.09,False,False,False,Blackout
2026-11-04 05:00:00+00:00,1793768400.0,nobile_rim_1,208.71,-2.51,12.72,328.23,1.91,8.1,False,False,False,Blackout
2026-11-04 06:00:00+00:00,1793772000.0,nobile_rim_1,208.2,-2.53,12.88,328.24,1.84,8.1,False,False,False,Blackout
2026-11-04 07:00:00+00:00,1793775600.0,nobile_rim_1,207.69,-2.55,13.04,328.24,1.78,8.1,False,False,False,Blackout
2026-11-04 08:00:00+00:00,1793779200.0,nobile_rim_1,207.18,-2.57,13.21,328.25,1.72,8.1,False,False,False,Blackout
2026-11-04 09:00:00+00:00,1793782800.0,nobile_rim_1,206.68,-2.58,13.37,328.26,1.66,8.1,False,False,False,Blackout
2026-11-04 10:00:00+00:00,1793786400.0,nobile_rim_1,206.17,-2.6,13.53,328.26,1.6,8.11,False,False,False,Blackout
2026-11-04 11:00:00+00:00,1793790000.0,nobile_rim_1,205.66,-2.62,13.69,328.27,1.54,8.11,False,False,False,Blackout
2026-11-04 12:00:00+00:00,1793793600.0,nobile_rim_1,205.15,-2.64,13.85,328.28,1.48,8.11,False,False,False,Blackout
2026-11-04 13:00:00+00:00,1793797200.0,nobile_rim_1,204.64,-2.65,13.9,328.28,1.42,8.11,False,False,False,Blackout
2026-11-04 14:00:00+00:00,1793800800.0,nobile_rim_1,204.14,-2.67,13.9,328.29,1.36,8.11,False,False,False,Blackout
2026-11-04 15:00:00+00:00,1793804400.0,nobile_rim_1,203.63,-2.68,13.9,328.29,1.3,8.11,False,False,False,Blackout
2026-11-04 16:00:00+00:00,1793808000.0,nobile_rim_1,203.12,-2.7,13.9,328.3,1.24,8.11,False,False,False,Blackout
2026-11-04 17:00:00+00:00,1793811600.0,nobile_rim_1,202.61,-2.71,13.9,328.3,1.18,8.11,False,False,False,Blackout
2026-11-04 18:00:00+00:00,1793815200.0,nobile_rim_1,202.1,-2.73,13.9,328.31,1.12,8.12,False,False,False,Blackout
2026-11-04 19:00:00+00:00,1793818800.0,nobile_rim_1,201.6,-2.75,13.9,328.31,1.06,8.12,False,False,False,Blackout
2026-11-04 20:00:00+00:00,1793822400.0,nobile_rim_1,201.09,-2.76,13.9,328.31,1.01,8.12,False,False,False,Blackout
2026-11-04 21:00:00+00:00,1793826000.0,nobile_rim_1,200.58,-2.77,13.9,328.31,0.95,8.12,False,False,False,Blackout
2026-11-04 22:00:00+00:00,1793829600.0,nobile_rim_1,200.07,-2.79,13.9,328.32,0.89,8.12,False,False,False,Blackout
2026-11-04 23:00:00+00:00,1793833200.0,nobile_rim_1,199.56,-2.8,13.9,328.32,0.83,8.12,False,False,False,Blackout
2026-11-05 00:00:00+00:00,1793836800.0,nobile_rim_1,199.05,-2.81,13.9,328.32,0.78,8.12,False,False,False,Blackout
2026-11-05 01:00:00+00:00,1793840400.0,nobile_rim_1,198.55,-2.83,13.9,328.32,0.72,8.12,False,False,False,Blackout
2026-11-05 02:00:00+00:00,1793844000.0,nobile_rim_1,198.04,-2.84,13.9,328.32,0.66,8.12,False,False,False,Blackout
2026-11-05 03:00:00+00:00,1793847600.0,nobile_rim_1,197.53,-2.85,13.9,328.32,0.61,8.12,False,False,False,Blackout
2026-11-05 04:00:00+00:00,1793851200.0,nobile_rim_1,197.02,-2.86,13.9,328.32,0.55,8.12,False,False,False,Blackout
2026-11-05 05:00:00+00:00,1793854800.0,nobile_rim_1,196.51,-2.87,13.9,328.32,0.49,8.12,False,False,False,Blackout
2026-11-05 06:00:00+00:00,1793858400.0,nobile_rim_1,196.0,-2.88,13.9,328.32,0.44,8.12,False,False,False,Blackout
2026-11-05 07:00:00+00:00,1793862000.0,nobile_rim_1,195.5,-2.89,13.9,328.32,0.38,8.12,False,False,False,Blackout
2026-11-05 08:00:00+00:00,1793865600.0,nobile_rim_1,194.99,-2.9,13.9,328.32,0.33,8.12,False,False,False,Blackout
2026-11-05 09:00:00+00:00,1793869200.0,nobile_rim_1,194.48,-2.91,13.9,328.32,0.28,8.12,False,False,False,Blackout
2026-11-05 10:00:00+00:00,1793872800.0,nobile_rim_1,193.97,-2.92,13.9,328.32,0.22,8.12,False,False,False,Blackout
2026-11-05 11:00:00+00:00,1793876400.0,nobile_rim_1,193.46,-2.93,13.9,328.32,0.17,8.12,False,False,False,Blackout
2026-11-05 12:00:00+00:00,1793880000.0,nobile_rim_1,192.95,-2.94,13.9,328.32,0.11,8.12,False,False,False,Blackout
2026-11-05 13:00:00+00:00,1793883600.0,nobile_rim_1,192.44,-2.95,13.9,328.31,0.06,8.12,False,False,False,Blackout
2026-11-05 14:00:00+00:00,1793887200.0,nobile_rim_1,191.94,-2.96,13.9,328.31,0.01,8.12,False,False,False,Blackout
2026-11-05 15:00:00+00:00,1793890800.0,nobile_rim_1,191.43,-2.96,13.9,328.31,-0.04,8.12,False,False,False,Blackout
2026-11-05 16:00:00+00:00,1793894400.0,nobile_rim_1,190.92,-2.97,13.9,328.31,-0.1,8.12,False,False,False,Blackout
2026-11-05 17:00:00+00:00,1793898000.0,nobile_rim_1,190.41,-2.98,13.9,328.3,-0.15,8.11,False,False,False,Blackout
2026-11-05 18:00:00+00:00,1793901600.0,nobile_rim_1,189.9,-2.99,13.9,328.3,-0.2,8.11,False,False,False,Blackout
2026-11-05 19:00:00+00:00,1793905200.0,nobile_rim_1,189.39,-2.99,13.9,328.29,-0.25,8.11,False,False,False,Blackout
2026-11-05 20:00:00+00:00,1793908800.0,nobile_rim_1,188.88,-3.0,13.9,328.29,-0.3,8.11,False,False,False,Blackout
2026-11-05 21:00:00+00:00,1793912400.0,nobile_rim_1,188.38,-3.0,13.9,328.28,-0.35,8.11,False,False,False,Blackout
2026-11-05 22:00:00+00:00,1793916000.0,nobile_rim_1,187.87,-3.01,13.9,328.28,-0.4,8.11,False,False,False,Blackout
2026-11-05 23:00:00+00:00,1793919600.0,nobile_rim_1,187.36,-3.01,13.9,328.27,-0.45,8.11,False,False,False,Blackout
2026-11-06 00:00:00+00:00,1793923200.0,nobile_rim_1,186.85,-3.02,13.9,328.27,-0.5,8.11,False,False,False,Blackout
2026-11-06 01:00:00+00:00,1793926800.0,nobile_rim_1,186.34,-3.02,13.9,328.26,-0.55,8.1,False,False,False,Blackout
2026-11-06 02:00:00+00:00,1793930400.0,nobile_rim_1,185.83,-3.03,13.9,328.25,-0.6,8.1,False,False,False,Blackout
2026-11-06 03:00:00+00:00,1793934000.0,nobile_rim_1,185.32,-3.03,13.9,328.25,-0.64,8.1,False,False,False,Blackout
2026-11-06 04:00:00+00:00,1793937600.0,nobile_rim_1,184.81,-3.03,13.9,328.24,-0.69,8.1,False,False,False,Blackout
2026-11-06 05:00:00+00:00,1793941200.0,nobile_rim_1,184.31,-3.04,13.9,328.23,-0.74,8.1,False,False,False,Blackout
2026-11-06 06:00:00+00:00,1793944800.0,nobile_rim_1,183.8,-3.04,13.9,328.23,-0.79,8.09,False,False,False,Blackout
2026-11-06 07:00:00+00:00,1793948400.0,nobile_rim_1,183.29,-3.04,13.9,328.22,-0.83,8.09,False,False,False,Blackout
2026-11-06 08:00:00+00:00,1793952000.0,nobile_rim_1,182.78,-3.04,13.9,328.21,-0.88,8.09,False,False,False,Blackout
2026-11-06 09:00:00+00:00,1793955600.0,nobile_rim_1,182.27,-3.04,13.9,328.2,-0.92,8.09,False,False,False,Blackout
2026-11-06 10:00:00+00:00,1793959200.0,nobile_rim_1,181.76,-3.04,13.9,328.19,-0.97,8.09,False,False,False,Blackout
2026-11-06 11:00:00+00:00,1793962800.0,nobile_rim_1,181.25,-3.04,13.9,328.18,-1.01,8.08,False,False,False,Blackout
2026-11-06 12:00:00+00:00,1793966400.0,nobile_rim_1,180.74,-3.04,13.9,328.17,-1.06,8.08,False,False,False,Blackout
2026-11-06 13:00:00+00:00,1793970000.0,nobile_rim_1,180.24,-3.04,13.9,328.16,-1.1,8.08,False,False,False,Blackout
2026-11-06 14:00:00+00:00,1793973600.0,nobile_rim_1,179.73,-3.04,13.81,328.15,-1.14,8.08,False,False,False,Blackout
2026-11-06 15:00:00+00:00,1793977200.0,nobile_rim_1,179.22,-3.04,13.65,328.14,-1.19,8.07,False,False,False,Blackout
2026-11-06 16:00:00+00:00,1793980800.0,nobile_rim_1,178.71,-3.04,13.49,328.13,-1.23,8.07,False,False,False,Blackout
2026-11-06 17:00:00+00:00,1793984400.0,nobile_rim_1,178.2,-3.04,13.33,328.12,-1.27,8.07,False,False,False,Blackout
2026-11-06 18:00:00+00:00,1793988000.0,nobile_rim_1,177.69,-3.04,13.17,328.11,-1.31,8.06,False,False,False,Blackout
2026-11-06 19:00:00+00:00,1793991600.0,nobile_rim_1,177.18,-3.04,13.0,328.1,-1.35,8.06,False,False,False,Blackout
2026-11-06 20:00:00+00:00,1793995200.0,nobile_rim_1,176.67,-3.04,12.84,328.09,-1.39,8.06,False,False,False,Blackout
2026-11-06 21:00:00+00:00,1793998800.0,nobile_rim_1,176.16,-3.03,12.68,328.07,-1.43,8.06,False,False,False,Blackout
2026-11-06 22:00:00+00:00,1794002400.0,nobile_rim_1,175.65,-3.03,12.52,328.06,-1.47,8.05,False,False,False,Blackout
2026-11-06 23:00:00+00:00,1794006000.0,nobile_rim_1,175.15,-3.02,12.36,328.05,-1.51,8.05,False,False,False,Blackout
2026-11-07 00:00:00+00:00,1794009600.0,nobile_rim_1,174.64,-3.02,12.49,328.04,-1.55,8.05,False,False,False,Blackout
2026-11-07 01:00:00+00:00,1794013200.0,nobile_rim_1,174.13,-3.02,12.74,328.02,-1.59,8.04,False,False,False,Blackout
2026-11-07 02:00:00+00:00,1794016800.0,nobile_rim_1,173.62,-3.01,12.98,328.01,-1.63,8.04,False,False,False,Blackout
2026-11-07 03:00:00+00:00,1794020400.0,nobile_rim_1,173.11,-3.01,13.23,327.99,-1.67,8.03,False,False,False,Blackout
2026-11-07 04:00:00+00:00,1794024000.0,nobile_rim_1,172.6,-3.0,13.48,327.98,-1.7,8.03,False,False,False,Blackout
2026-11-07 05:00:00+00:00,1794027600.0,nobile_rim_1,172.09,-3.0,13.73,327.96,-1.74,8.03,False,False,False,Blackout
2026-11-07 06:00:00+00:00,1794031200.0,nobile_rim_1,171.58,-2.99,13.98,327.95,-1.77,8.02,False,False,False,Blackout
2026-11-07 07:00:00+00:00,1794034800.0,nobile_rim_1,171.08,-2.98,14.22,327.93,-1.81,8.02,False,False,False,Blackout
2026-11-07 08:00:00+00:00,1794038400.0,nobile_rim_1,170.57,-2.98,14.47,327.92,-1.84,8.02,False,False,False,Blackout
2026-11-07 09:00:00+00:00,1794042000.0,nobile_rim_1,170.06,-2.97,14.72,327.9,-1.88,8.01,False,False,False,Blackout
2026-11-07 10:00:00+00:00,1794045600.0,nobile_rim_1,169.55,-2.96,14.75,327.89,-1.91,8.01,False,False,False,Blackout
2026-11-07 11:00:00+00:00,1794049200.0,nobile_rim_1,169.04,-2.95,14.75,327.87,-1.95,8.0,False,False,False,Blackout
2026-11-07 12:00:00+00:00,1794052800.0,nobile_rim_1,168.53,-2.94,14.75,327.86,-1.98,8.0,False,False,False,Blackout
2026-11-07 13:00:00+00:00,1794056400.0,nobile_rim_1,168.02,-2.94,14.75,327.84,-2.01,7.99,False,False,False,Blackout
2026-11-07 14:00:00+00:00,1794060000.0,nobile_rim_1,167.51,-2.93,14.75,327.82,-2.04,7.99,False,False,False,Blackout
2026-11-07 15:00:00+00:00,1794063600.0,nobile_rim_1,167.0,-2.92,14.75,327.8,-2.08,7.98,False,False,False,Blackout
2026-11-07 16:00:00+00:00,1794067200.0,nobile_rim_1,166.5,-2.91,14.75,327.79,-2.11,7.98,False,False,False,Blackout
2026-11-07 17:00:00+00:00,1794070800.0,nobile_rim_1,165.99,-2.9,14.75,327.77,-2.14,7.97,False,False,False,Blackout
2026-11-07 18:00:00+00:00,1794074400.0,nobile_rim_1,165.48,-2.89,14.75,327.75,-2.17,7.97,False,False,False,Blackout
2026-11-07 19:00:00+00:00,1794078000.0,nobile_rim_1,164.97,-2.88,14.75,327.73,-2.2,7.96,False,False,False,Blackout
2026-11-07 20:00:00+00:00,1794081600.0,nobile_rim_1,164.46,-2.87,14.75,327.71,-2.23,7.96,False,False,False,Blackout
2026-11-07 21:00:00+00:00,1794085200.0,nobile_rim_1,163.95,-2.85,14.75,327.69,-2.25,7.96,False,False,False,Blackout
2026-11-07 22:00:00+00:00,1794088800.0,nobile_rim_1,163.44,-2.84,14.75,327.67,-2.28,7.95,False,False,False,Blackout
2026-11-07 23:00:00+00:00,1794092400.0,nobile_rim_1,162.94,-2.83,14.75,327.65,-2.31,7.94,False,False,False,Blackout
2026-11-08 00:00:00+00:00,1794096000.0,nobile_rim_1,162.43,-2.82,14.75,327.63,-2.34,7.94,False,False,False,Blackout
2026-11-08 01:00:00+00:00,1794099600.0,nobile_rim_1,161.92,-2.81,14.75,327.61,-2.36,7.93,False,False,False,Blackout
2026-11-08 02:00:00+00:00,1794103200.0,nobile_rim_1,161.41,-2.79,14.75,327.59,-2.39,7.93,False,False,False,Blackout
2026-11-08 03:00:00+00:00,1794106800.0,nobile_rim_1,160.9,-2.78,14.75,327.57,-2.42,7.92,False,False,False,Blackout
2026-11-08 04:00:00+00:00,1794110400.0,nobile_rim_1,160.39,-2.77,14.75,327.55,-2.44,7.92,False,False,False,Blackout
2026-11-08 05:00:00+00:00,1794114000.0,nobile_rim_1,159.88,-2.75,14.75,327.52,-2.46,7.91,False,False,False,Blackout
2026-11-08 06:00:00+00:00,1794117600.0,nobile_rim_1,159.37,-2.74,14.75,327.5,-2.49,7.91,False,False,False,Blackout
2026-11-08 07:00:00+00:00,1794121200.0,nobile_rim_1,158.87,-2.72,14.75,327.48,-2.51,7.9,False,False,False,Blackout
2026-11-08 08:00:00+00:00,1794124800.0,nobile_rim_1,158.36,-2.71,14.75,327.46,-2.54,7.89,False,False,False,Blackout
2026-11-08 09:00:00+00:00,1794128400.0,nobile_rim_1,157.85,-2.69,14.75,327.43,-2.56,7.89,False,False,False,Blackout
2026-11-08 10:00:00+00:00,1794132000.0,nobile_rim_1,157.34,-2.68,14.75,327.41,-2.58,7.88,False,False,False,Blackout
2026-11-08 11:00:00+00:00,1794135600.0,nobile_rim_1,156.83,-2.66,14.75,327.39,-2.6,7.88,False,False,False,Blackout
2026-11-08 12:00:00+00:00,1794139200.0,nobile_rim_1,156.32,-2.64,14.75,327.36,-2.62,7.87,False,False,False,Blackout
2026-11-08 13:00:00+00:00,1794142800.0,nobile_rim_1,155.81,-2.63,14.75,327.34,-2.64,7.86,False,False,False,Blackout
2026-11-08 14:00:00+00:00,1794146400.0,nobile_rim_1,155.31,-2.61,14.75,327.31,-2.66,7.86,False,False,False,Blackout
2026-11-08 15:00:00+00:00,1794150000.0,nobile_rim_1,154.8,-2.59,14.52,327.29,-2.68,7.85,False,False,False,Blackout
2026-11-08 16:00:00+00:00,1794153600.0,nobile_rim_1,154.29,-2.58,13.94,327.26,-2.7,7.84,False,False,False,Blackout
2026-11-08 17:00:00+00:00,1794157200.0,nobile_rim_1,153.78,-2.56,13.36,327.24,-2.72,7.84,False,False,False,Blackout
2026-11-08 18:00:00+00:00,1794160800.0,nobile_rim_1,153.27,-2.54,12.78,327.21,-2.74,7.83,False,False,False,Blackout
2026-11-08 19:00:00+00:00,1794164400.0,nobile_rim_1,152.76,-2.52,12.2,327.18,-2.75,7.82,False,False,False,Blackout
2026-11-08 20:00:00+00:00,1794168000.0,nobile_rim_1,152.25,-2.5,11.63,327.16,-2.77,7.82,False,False,False,Blackout
2026-11-08 21:00:00+00:00,1794171600.0,nobile_rim_1,151.75,-2.48,11.05,327.13,-2.79,7.81,False,False,False,Blackout
2026-11-08 22:00:00+00:00,1794175200.0,nobile_rim_1,151.24,-2.46,10.47,327.1,-2.8,7.8,False,False,False,Blackout
2026-11-08 23:00:00+00:00,1794178800.0,nobile_rim_1,150.73,-2.44,9.89,327.08,-2.82,7.79,False,False,False,Blackout
2026-11-09 00:00:00+00:00,1794182400.0,nobile_rim_1,150.22,-2.42,9.31,327.05,-2.83,7.79,False,False,False,Blackout
2026-11-09 01:00:00+00:00,1794186000.0,nobile_rim_1,149.71,-2.4,8.92,327.02,-2.85,7.78,False,False,False,Blackout
2026-11-09 02:00:00+00:00,1794189600.0,nobile_rim_1,149.21,-2.38,8.66,326.99,-2.86,7.77,False,False,False,Blackout
2026-11-09 03:00:00+00:00,1794193200.0,nobile_rim_1,148.7,-2.36,8.41,326.96,-2.87,7.76,False,False,False,Blackout
2026-11-09 04:00:00+00:00,1794196800.0,nobile_rim_1,148.19,-2.34,8.15,326.93,-2.88,7.76,False,False,False,Blackout
2026-11-09 05:00:00+00:00,1794200400.0,nobile_rim_1,147.68,-2.32,7.9,326.9,-2.9,7.75,False,False,False,Blackout
2026-11-09 06:00:00+00:00,1794204000.0,nobile_rim_1,147.17,-2.29,7.65,326.87,-2.91,7.74,False,False,False,Blackout
2026-11-09 07:00:00+00:00,1794207600.0,nobile_rim_1,146.66,-2.27,7.39,326.84,-2.92,7.73,False,False,False,Blackout
2026-11-09 08:00:00+00:00,1794211200.0,nobile_rim_1,146.15,-2.25,7.14,326.81,-2.93,7.73,False,False,False,Blackout
2026-11-09 09:00:00+00:00,1794214800.0,nobile_rim_1,145.65,-2.23,6.88,326.78,-2.94,7.72,False,False,False,Blackout
2026-11-09 10:00:00+00:00,1794218400.0,nobile_rim_1,145.14,-2.2,6.63,326.75,-2.95,7.71,False,False,False,Blackout
2026-11-09 11:00:00+00:00,1794222000.0,nobile_rim_1,144.63,-2.18,6.36,326.72,-2.96,7.7,False,False,False,Blackout
2026-11-09 12:00:00+00:00,1794225600.0,nobile_rim_1,144.12,-2.15,6.1,326.69,-2.97,7.69,False,False,False,Blackout
2026-11-09 13:00:00+00:00,1794229200.0,nobile_rim_1,143.62,-2.13,5.83,326.66,-2.97,7.68,False,False,False,Blackout
2026-11-09 14:00:00+00:00,1794232800.0,nobile_rim_1,143.11,-2.11,5.56,326.62,-2.98,7.68,False,False,False,Blackout
2026-11-09 15:00:00+00:00,1794236400.0,nobile_rim_1,142.6,-2.08,5.29,326.59,-2.99,7.67,False,False,False,Blackout
2026-11-09 16:00:00+00:00,1794240000.0,nobile_rim_1,142.09,-2.06,5.02,326.56,-3.0,7.66,False,False,False,Blackout
2026-11-09 17:00:00+00:00,1794243600.0,nobile_rim_1,141.58,-2.03,4.75,326.52,-3.0,7.65,False,False,False,Blackout
2026-11-09 18:00:00+00:00,1794247200.0,nobile_rim_1,141.08,-2.01,4.48,326.49,-3.01,7.64,False,False,False,Blackout
2026-11-09 19:00:00+00:00,1794250800.0,nobile_rim_1,140.57,-1.98,4.21,326.46,-3.01,7.63,False,False,False,Blackout
2026-11-09 20:00:00+00:00,1794254400.0,nobile_rim_1,140.06,-1.95,3.94,326.42,-3.01,7.62,False,False,False,Blackout
2026-11-09 21:00:00+00:00,1794258000.0,nobile_rim_1,139.55,-1.93,3.87,326.39,-3.02,7.61,False,False,False,Blackout
2026-11-09 22:00:00+00:00,1794261600.0,nobile_rim_1,139.04,-1.9,3.83,326.35,-3.02,7.6,False,False,False,Blackout
2026-11-09 23:00:00+00:00,1794265200.0,nobile_rim_1,138.54,-1.87,3.78,326.32,-3.02,7.6,False,False,False,Blackout
2026-11-10 00:00:00+00:00,1794268800.0,nobile_rim_1,138.03,-1.85,3.74,326.28,-3.03,7.59,False,False,False,Blackout
2026-11-10 01:00:00+00:00,1794272400.0,nobile_rim_1,137.52,-1.82,3.69,326.25,-3.03,7.58,False,False,False,Blackout
2026-11-10 02:00:00+00:00,1794276000.0,nobile_rim_1,137.01,-1.79,3.65,326.21,-3.03,7.57,False,False,False,Blackout
2026-11-10 03:00:00+00:00,1794279600.0,nobile_rim_1,136.5,-1.76,3.6,326.17,-3.03,7.56,False,False,False,Blackout
2026-11-10 04:00:00+00:00,1794283200.0,nobile_rim_1,136.0,-1.74,3.56,326.14,-3.03,7.55,False,False,False,Blackout
2026-11-10 05:00:00+00:00,1794286800.0,nobile_rim_1,135.49,-1.71,3.51,326.1,-3.03,7.54,False,False,False,Blackout
2026-11-10 06:00:00+00:00,1794290400.0,nobile_rim_1,134.98,-1.68,3.47,326.06,-3.03,7.53,False,False,False,Blackout
2026-11-10 07:00:00+00:00,1794294000.0,nobile_rim_1,134.47,-1.65,3.34,326.02,-3.03,7.52,False,False,False,Blackout
2026-11-10 08:00:00+00:00,1794297600.0,nobile_rim_1,133.97,-1.62,3.22,325.99,-3.02,7.51,False,False,False,Blackout
2026-11-10 09:00:00+00:00,1794301200.0,nobile_rim_1,133.46,-1.59,3.09,325.95,-3.02,7.5,False,False,False,Blackout
2026-11-10 10:00:00+00:00,1794304800.0,nobile_rim_1,132.95,-1.56,2.97,325.91,-3.02,7.49,False,False,False,Blackout
2026-11-10 11:00:00+00:00,1794308400.0,nobile_rim_1,132.44,-1.53,2.84,325.87,-3.02,7.48,False,False,False,Blackout
2026-11-10 12:00:00+00:00,1794312000.0,nobile_rim_1,131.94,-1.5,2.72,325.83,-3.01,7.47,False,False,False,Blackout
2026-11-10 13:00:00+00:00,1794315600.0,nobile_rim_1,131.43,-1.47,2.59,325.79,-3.01,7.46,False,False,False,Blackout
2026-11-10 14:00:00+00:00,1794319200.0,nobile_rim_1,130.92,-1.44,2.47,325.75,-3.0,7.45,False,False,False,Blackout
2026-11-10 15:00:00+00:00,1794322800.0,nobile_rim_1,130.41,-1.41,2.34,325.71,-3.0,7.44,False,False,False,Blackout
2026-11-10 16:00:00+00:00,1794326400.0,nobile_rim_1,129.91,-1.38,2.23,325.67,-2.99,7.43,False,False,False,Blackout
2026-11-10 17:00:00+00:00,1794330000.0,nobile_rim_1,129.4,-1.35,2.2,325.63,-2.98,7.41,False,False,False,Blackout
2026-11-10 18:00:00+00:00,1794333600.0,nobile_rim_1,128.89,-1.31,2.17,325.59,-2.98,7.4,False,False,False,Blackout
2026-11-10 19:00:00+00:00,1794337200.0,nobile_rim_1,128.38,-1.28,2.13,325.54,-2.97,7.39,False,False,False,Blackout
2026-11-10 20:00:00+00:00,1794340800.0,nobile_rim_1,127.88,-1.25,2.1,325.5,-2.96,7.38,False,False,False,Blackout
2026-11-10 21:00:00+00:00,1794344400.0,nobile_rim_1,127.37,-1.22,2.07,325.46,-2.95,7.37,False,False,False,Blackout
2026-11-10 22:00:00+00:00,1794348000.0,nobile_rim_1,126.86,-1.19,2.03,325.42,-2.94,7.36,False,False,False,Blackout
2026-11-10 23:00:00+00:00,1794351600.0,nobile_rim_1,126.36,-1.15,2.0,325.37,-2.94,7.35,False,False,False,Blackout
2026-11-11 00:00:00+00:00,1794355200.0,nobile_rim_1,125.85,-1.12,1.97,325.33,-2.93,7.34,False,False,False,Blackout
2026-11-11 01:00:00+00:00,1794358800.0,nobile_rim_1,125.34,-1.09,1.93,325.29,-2.92,7.33,False,False,False,Blackout
2026-11-11 02:00:00+00:00,1794362400.0,nobile_rim_1,124.83,-1.05,1.89,325.24,-2.9,7.31,False,False,False,Blackout
2026-11-11 03:00:00+00:00,1794366000.0,nobile_rim_1,124.33,-1.02,1.82,325.2,-2.89,7.3,False,False,False,Blackout
2026-11-11 04:00:00+00:00,1794369600.0,nobile_rim_1,123.82,-0.99,1.75,325.15,-2.88,7.29,False,False,False,Blackout
2026-11-11 05:00:00+00:00,1794373200.0,nobile_rim_1,123.31,-0.95,1.68,325.11,-2.87,7.28,False,False,False,Blackout
2026-11-11 06:00:00+00:00,1794376800.0,nobile_rim_1,122.81,-0.92,1.62,325.07,-2.86,7.27,False,False,False,Blackout
2026-11-11 07:00:00+00:00,1794380400.0,nobile_rim_1,122.3,-0.89,1.55,325.02,-2.84,7.25,False,False,False,Blackout
2026-11-11 08:00:00+00:00,1794384000.0,nobile_rim_1,121.79,-0.85,1.48,324.97,-2.83,7.24,False,False,False,Blackout
2026-11-11 09:00:00+00:00,1794387600.0,nobile_rim_1,121.28,-0.82,1.41,324.93,-2.82,7.23,False,False,False,Blackout
2026-11-11 10:00:00+00:00,1794391200.0,nobile_rim_1,120.78,-0.78,1.34,324.88,-2.8,7.22,False,False,False,Blackout
2026-11-11 11:00:00+00:00,1794394800.0,nobile_rim_1,120.27,-0.75,1.28,324.84,-2.79,7.21,False,False,False,Blackout
2026-11-11 12:00:00+00:00,1794398400.0,nobile_rim_1,119.76,-0.71,1.24,324.79,-2.77,7.2,False,False,False,Blackout
2026-11-11 13:00:00+00:00,1794402000.0,nobile_rim_1,119.26,-0.68,1.24,324.74,-2.75,7.18,False,False,False,Blackout
2026-11-11 14:00:00+00:00,1794405600.0,nobile_rim_1,118.75,-0.64,1.24,324.69,-2.74,7.17,False,False,False,Blackout
2026-11-11 15:00:00+00:00,1794409200.0,nobile_rim_1,118.24,-0.6,1.24,324.65,-2.72,7.16,False,False,False,Blackout
2026-11-11 16:00:00+00:00,1794412800.0,nobile_rim_1,117.74,-0.57,1.24,324.6,-2.7,7.15,False,False,False,Blackout
2026-11-11 17:00:00+00:00,1794416400.0,nobile_rim_1,117.23,-0.53,1.24,324.55,-2.69,7.14,False,False,False,Blackout
2026-11-11 18:00:00+00:00,1794420000.0,nobile_rim_1,116.72,-0.5,1.24,324.5,-2.67,7.12,False,False,False,Blackout
2026-11-11 19:00:00+00:00,1794423600.0,nobile_rim_1,116.22,-0.46,1.24,324.45,-2.65,7.11,False,False,False,Blackout
2026-11-11 20:00:00+00:00,1794427200.0,nobile_rim_1,115.71,-0.42,1.24,324.4,-2.63,7.1,False,False,False,Blackout
2026-11-11 21:00:00+00:00,1794430800.0,nobile_rim_1,115.2,-0.39,1.24,324.35,-2.61,7.09,False,False,False,Blackout
2026-11-11 22:00:00+00:00,1794434400.0,nobile_rim_1,114.69,-0.35,1.16,324.3,-2.59,7.07,False,False,False,Blackout
2026-11-11 23:00:00+00:00,1794438000.0,nobile_rim_1,114.19,-0.31,1.04,324.25,-2.57,7.06,False,False,False,Blackout
2026-11-12 00:00:00+00:00,1794441600.0,nobile_rim_1,113.68,-0.28,0.91,324.2,-2.55,7.05,False,False,False,Blackout
2026-11-12 01:00:00+00:00,1794445200.0,nobile_rim_1,113.18,-0.24,0.79,324.15,-2.53,7.03,False,False,False,Blackout
2026-11-12 02:00:00+00:00,1794448800.0,nobile_rim_1,112.67,-0.2,0.66,324.1,-2.51,7.02,False,False,False,Blackout
2026-11-12 03:00:00+00:00,1794452400.0,nobile_rim_1,112.16,-0.17,0.54,324.05,-2.48,7.01,False,False,False,Blackout
2026-11-12 04:00:00+00:00,1794456000.0,nobile_rim_1,111.65,-0.13,0.41,324.0,-2.46,7.0,False,False,False,Blackout
2026-11-12 05:00:00+00:00,1794459600.0,nobile_rim_1,111.15,-0.09,0.28,323.95,-2.44,6.98,False,False,False,Blackout
2026-11-12 06:00:00+00:00,1794463200.0,nobile_rim_1,110.64,-0.05,0.16,323.9,-2.42,6.97,False,False,False,Blackout
2026-11-12 07:00:00+00:00,1794466800.0,nobile_rim_1,110.13,-0.01,0.03,323.84,-2.39,6.96,False,False,False,Blackout
2026-11-12 08:00:00+00:00,1794470400.0,nobile_rim_1,109.63,0.02,0.0,323.79,-2.37,6.94,True,False,False,Sun Only
2026-11-12 09:00:00+00:00,1794474000.0,nobile_rim_1,109.12,0.06,0.0,323.74,-2.34,6.93,True,False,False,Sun Only
2026-11-12 10:00:00+00:00,1794477600.0,nobile_rim_1,108.62,0.1,0.0,323.69,-2.32,6.92,True,False,False,Sun Only
2026-11-12 11:00:00+00:00,1794481200.0,nobile_rim_1,108.11,0.14,0.0,323.63,-2.29,6.9,True,False,False,Sun Only
2026-11-12 12:00:00+00:00,1794484800.0,nobile_rim_1,107.6,0.18,0.0,323.58,-2.27,6.89,True,False,False,Sun Only
2026-11-12 13:00:00+00:00,1794488400.0,nobile_rim_1,107.1,0.22,0.0,323.53,-2.24,6.88,True,False,False,Sun Only
2026-11-12 14:00:00+00:00,1794492000.0,nobile_rim_1,106.59,0.26,0.0,323.47,-2.21,6.86,True,False,False,Sun Only
2026-11-12 15:00:00+00:00,1794495600.0,nobile_rim_1,106.08,0.29,0.0,323.42,-2.19,6.85,True,False,False,Sun Only
2026-11-12 16:00:00+00:00,1794499200.0,nobile_rim_1,105.58,0.33,0.0,323.37,-2.16,6.83,True,False,False,Sun Only
2026-11-12 17:00:00+00:00,1794502800.0,nobile_rim_1,105.07,0.37,0.0,323.31,-2.13,6.82,True,False,False,Sun Only
2026-11-12 18:00:00+00:00,1794506400.0,nobile_rim_1,104.56,0.41,0.0,323.26,-2.1,6.81,True,False,False,Sun Only
2026-11-12 19:00:00+00:00,1794510000.0,nobile_rim_1,104.06,0.45,0.0,323.2,-2.07,6.79,True,False,False,Sun Only
2026-11-12 20:00:00+00:00,1794513600.0,nobile_rim_1,103.55,0.49,0.0,323.15,-2.04,6.78,True,False,False,Sun Only
2026-11-12 21:00:00+00:00,1794517200.0,nobile_rim_1,103.04,0.53,0.0,323.09,-2.02,6.77,True,False,False,Sun Only
2026-11-12 22:00:00+00:00,1794520800.0,nobile_rim_1,102.54,0.57,0.0,323.04,-1.99,6.75,True,False,False,Sun Only
2026-11-12 23:00:00+00:00,1794524400.0,nobile_rim_1,102.03,0.61,0.0,322.98,-1.96,6.74,True,False,False,Sun Only
2026-11-13 00:00:00+00:00,1794528000.0,nobile_rim_1,101.52,0.65,0.0,322.92,-1.92,6.72,True,False,False,Sun Only
2026-11-13 01:00:00+00:00,1794531600.0,nobile_rim_1,101.02,0.69,0.0,322.87,-1.89,6.71,True,False,False,Sun Only
2026-11-13 02:00:00+00:00,1794535200.0,nobile_rim_1,100.51,0.73,0.0,322.81,-1.86,6.69,True,False,False,Sun Only
2026-11-13 03:00:00+00:00,1794538800.0,nobile_rim_1,100.01,0.77,0.0,322.75,-1.83,6.68,True,False,False,Sun Only
2026-11-13 04:00:00+00:00,1794542400.0,nobile_rim_1,99.5,0.81,0.0,322.7,-1.8,6.67,True,False,False,Sun Only
2026-11-13 05:00:00+00:00,1794546000.0,nobile_rim_1,98.99,0.85,0.0,322.64,-1.76,6.65,True,False,False,Sun Only
2026-11-13 06:00:00+00:00,1794549600.0,nobile_rim_1,98.49,0.89,0.0,322.58,-1.73,6.64,True,False,False,Sun Only
2026-11-13 07:00:00+00:00,1794553200.0,nobile_rim_1,97.98,0.93,0.0,322.53,-1.7,6.62,True,False,False,Sun Only
2026-11-13 08:00:00+00:00,1794556800.0,nobile_rim_1,97.47,0.97,0.0,322.47,-1.67,6.61,True,False,False,Sun Only
2026-11-13 09:00:00+00:00,1794560400.0,nobile_rim_1,96.97,1.01,0.0,322.41,-1.63,6.59,True,False,False,Sun Only
2026-11-13 10:00:00+00:00,1794564000.0,nobile_rim_1,96.46,1.05,0.0,322.36,-1.6,6.58,True,False,False,Sun Only
2026-11-13 11:00:00+00:00,1794567600.0,nobile_rim_1,95.95,1.09,0.0,322.3,-1.56,6.56,True,False,False,Sun Only
2026-11-13 12:00:00+00:00,1794571200.0,nobile_rim_1,95.45,1.13,0.0,322.24,-1.53,6.55,True,False,False,Sun Only
2026-11-13 13:00:00+00:00,1794574800.0,nobile_rim_1,94.94,1.17,0.0,322.18,-1.49,6.53,True,False,False,Sun Only
2026-11-13 14:00:00+00:00,1794578400.0,nobile_rim_1,94.44,1.21,0.0,322.12,-1.46,6.52,True,False,False,Sun Only
2026-11-13 15:00:00+00:00,1794582000.0,nobile_rim_1,93.93,1.25,0.0,322.06,-1.42,6.5,True,False,False,Sun Only
2026-11-13 16:00:00+00:00,1794585600.0,nobile_rim_1,93.42,1.29,0.0,322.0,-1.38,6.49,True,False,False,Sun Only
2026-11-13 17:00:00+00:00,1794589200.0,nobile_rim_1,92.92,1.33,0.0,321.95,-1.35,6.47,True,False,False,Sun Only
2026-11-13 18:00:00+00:00,1794592800.0,nobile_rim_1,92.41,1.37,0.0,321.89,-1.31,6.46,True,False,False,Sun Only
2026-11-13 19:00:00+00:00,1794596400.0,nobile_rim_1,91.91,1.41,0.0,321.83,-1.27,6.44,True,False,False,Sun Only
2026-11-13 20:00:00+00:00,1794600000.0,nobile_rim_1,91.4,1.45,0.0,321.77,-1.24,6.43,True,False,False,Sun Only
2026-11-13 21:00:00+00:00,1794603600.0,nobile_rim_1,90.89,1.49,0.0,321.71,-1.2,6.41,True,False,False,Sun Only
2026-11-13 22:00:00+00:00,1794607200.0,nobile_rim_1,90.39,1.53,0.0,321.65,-1.16,6.4,True,False,False,Sun Only
2026-11-13 23:00:00+00:00,1794610800.0,nobile_rim_1,89.88,1.57,0.0,321.59,-1.12,6.38,True,False,False,Sun Only
2026-11-14 00:00:00+00:00,1794614400.0,nobile_rim_1,89.37,1.61,0.0,321.53,-1.08,6.37,True,False,False,Sun Only
2026-11-14 01:00:00+00:00,1794618000.0,nobile_rim_1,88.87,1.65,0.0,321.47,-1.04,6.35,True,False,False,Sun Only
2026-11-14 02:00:00+00:00,1794621600.0,nobile_rim_1,88.36,1.69,0.0,321.41,-1.0,6.34,True,False,False,Sun Only
2026-11-14 03:00:00+00:00,1794625200.0,nobile_rim_1,87.86,1.73,0.0,321.35,-0.96,6.32,True,False,False,Sun Only
2026-11-14 04:00:00+00:00,1794628800.0,nobile_rim_1,87.35,1.77,0.0,321.29,-0.92,6.31,True,False,False,Sun Only
2026-11-14 05:00:00+00:00,1794632400.0,nobile_rim_1,86.84,1.81,0.0,321.23,-0.88,6.29,True,False,False,Sun Only
2026-11-14 06:00:00+00:00,1794636000.0,nobile_rim_1,86.34,1.85,0.0,321.17,-0.84,6.28,True,False,False,Sun Only
2026-11-14 07:00:00+00:00,1794639600.0,nobile_rim_1,85.83,1.89,0.0,321.11,-0.8,6.26,True,False,False,Sun Only
2026-11-14 08:00:00+00:00,1794643200.0,nobile_rim_1,85.32,1.93,0.0,321.05,-0.76,6.25,True,False,False,Sun Only
2026-11-14 09:00:00+00:00,1794646800.0,nobile_rim_1,84.82,1.97,0.0,320.99,-0.72,6.23,True,False,False,Sun Only
2026-11-14 10:00:00+00:00,1794650400.0,nobile_rim_1,84.31,2.02,0.0,320.93,-0.68,6.22,True,False,False,Sun Only
2026-11-14 11:00:00+00:00,1794654000.0,nobile_rim_1,83.8,2.06,0.0,320.87,-0.63,6.2,True,False,False,Sun Only
2026-11-14 12:00:00+00:00,1794657600.0,nobile_rim_1,83.3,2.1,0.0,320.81,-0.59,6.19,True,False,False,Sun Only
2026-11-14 13:00:00+00:00,1794661200.0,nobile_rim_1,82.79,2.13,0.0,320.75,-0.55,6.17,True,False,False,Sun Only
2026-11-14 14:00:00+00:00,1794664800.0,nobile_rim_1,82.28,2.17,0.0,320.69,-0.5,6.16,True,False,False,Sun Only
2026-11-14 15:00:00+00:00,1794668400.0,nobile_rim_1,81.78,2.21,0.0,320.63,-0.46,6.14,True,False,False,Sun Only
2026-11-14 16:00:00+00:00,1794672000.0,nobile_rim_1,81.27,2.25,0.0,320.57,-0.42,6.13,True,False,False,Sun Only
2026-11-14 17:00:00+00:00,1794675600.0,nobile_rim_1,80.77,2.29,0.0,320.51,-0.37,6.11,True,False,False,Sun Only
2026-11-14 18:00:00+00:00,1794679200.0,nobile_rim_1,80.26,2.33,0.0,320.45,-0.33,6.09,True,False,False,Sun Only
2026-11-14 19:00:00+00:00,1794682800.0,nobile_rim_1,79.75,2.37,0.0,320.39,-0.28,6.08,True,False,False,Sun Only
2026-11-14 20:00:00+00:00,1794686400.0,nobile_rim_1,79.25,2.41,0.0,320.33,-0.24,6.06,True,False,False,Sun Only
2026-11-14 21:00:00+00:00,1794690000.0,nobile_rim_1,78.74,2.45,0.0,320.27,-0.19,6.05,True,False,False,Sun Only
2026-11-14 22:00:00+00:00,1794693600.0,nobile_rim_1,78.24,2.49,0.0,320.21,-0.15,6.03,True,False,False,Sun Only
2026-11-14 23:00:00+00:00,1794697200.0,nobile_rim_1,77.73,2.53,0.0,320.15,-0.1,6.02,True,False,False,Sun Only
2026-11-15 00:00:00+00:00,1794700800.0,nobile_rim_1,77.22,2.57,0.0,320.09,-0.06,6.0,True,False,False,Sun Only
2026-11-15 01:00:00+00:00,1794704400.0,nobile_rim_1,76.72,2.61,0.0,320.03,-0.01,5.99,True,False,False,Sun Only
2026-11-15 02:00:00+00:00,1794708000.0,nobile_rim_1,76.21,2.65,0.0,319.97,0.04,5.97,True,False,False,Sun Only
2026-11-15 03:00:00+00:00,1794711600.0,nobile_rim_1,75.7,2.69,0.0,319.91,0.08,5.96,True,False,False,Sun Only
2026-11-15 04:00:00+00:00,1794715200.0,nobile_rim_1,75.2,2.73,0.0,319.85,0.13,5.94,True,False,False,Sun Only
2026-11-15 05:00:00+00:00,1794718800.0,nobile_rim_1,74.69,2.77,0.0,319.79,0.18,5.93,True,False,False,Sun Only
2026-11-15 06:00:00+00:00,1794722400.0,nobile_rim_1,74.18,2.81,0.0,319.73,0.22,5.91,True,False,False,Sun Only
2026-11-15 07:00:00+00:00,1794726000.0,nobile_rim_1,73.68,2.85,0.0,319.67,0.27,5.89,True,False,False,Sun Only
2026-11-15 08:00:00+00:00,1794729600.0,nobile_rim_1,73.17,2.88,0.0,319.61,0.32,5.88,True,False,False,Sun Only
2026-11-15 09:00:00+00:00,1794733200.0,nobile_rim_1,72.66,2.92,0.0,319.55,0.37,5.86,True,False,False,Sun Only
2026-11-15 10:00:00+00:00,1794736800.0,nobile_rim_1,72.16,2.96,0.0,319.49,0.41,5.85,True,False,False,Sun Only
2026-11-15 11:00:00+00:00,1794740400.0,nobile_rim_1,71.65,3.0,0.0,319.43,0.46,5.83,True,False,False,Sun Only
2026-11-15 12:00:00+00:00,1794744000.0,nobile_rim_1,71.14,3.04,0.0,319.37,0.51,5.82,True,False,False,Sun Only
2026-11-15 13:00:00+00:00,1794747600.0,nobile_rim_1,70.64,3.08,0.0,319.31,0.56,5.8,True,False,False,Sun Only
2026-11-15 14:00:00+00:00,1794751200.0,nobile_rim_1,70.13,3.11,0.0,319.25,0.61,5.79,True,False,False,Sun Only
2026-11-15 15:00:00+00:00,1794754800.0,nobile_rim_1,69.62,3.15,0.0,319.19,0.66,5.77,True,False,False,Sun Only
2026-11-15 16:00:00+00:00,1794758400.0,nobile_rim_1,69.12,3.19,0.0,319.13,0.71,5.76,True,False,False,Sun Only
2026-11-15 17:00:00+00:00,1794762000.0,nobile_rim_1,68.61,3.23,0.0,319.08,0.76,5.74,True,False,False,Sun Only
2026-11-15 18:00:00+00:00,1794765600.0,nobile_rim_1,68.1,3.26,0.0,319.02,0.81,5.72,True,False,False,Sun Only
2026-11-15 19:00:00+00:00,1794769200.0,nobile_rim_1,67.6,3.3,0.0,318.96,0.86,5.71,True,False,False,Sun Only
2026-11-15 20:00:00+00:00,1794772800.0,nobile_rim_1,67.09,3.34,0.0,318.9,0.91,5.69,True,False,False,Sun Only
2026-11-15 21:00:00+00:00,1794776400.0,nobile_rim_1,66.58,3.38,0.0,318.84,0.96,5.68,True,False,False,Sun Only
2026-11-15 22:00:00+00:00,1794780000.0,nobile_rim_1,66.08,3.41,0.0,318.79,1.01,5.66,True,False,False,Sun Only
2026-11-15 23:00:00+00:00,1794783600.0,nobile_rim_1,65.57,3.45,0.0,318.73,1.06,5.65,True,False,False,Sun Only
2026-11-16 00:00:00+00:00,1794787200.0,nobile_rim_1,65.06,3.48,0.0,318.67,1.11,5.63,True,False,False,Sun Only
2026-11-16 01:00:00+00:00,1794790800.0,nobile_rim_1,64.56,3.52,0.0,318.61,1.16,5.62,True,False,False,Sun Only
2026-11-16 02:00:00+00:00,1794794400.0,nobile_rim_1,64.05,3.56,0.0,318.56,1.22,5.6,True,False,False,Sun Only
2026-11-16 03:00:00+00:00,1794798000.0,nobile_rim_1,63.54,3.59,0.0,318.5,1.27,5.59,True,False,False,Sun Only
2026-11-16 04:00:00+00:00,1794801600.0,nobile_rim_1,63.04,3.63,0.0,318.44,1.32,5.57,True,False,False,Sun Only
2026-11-16 05:00:00+00:00,1794805200.0,nobile_rim_1,62.53,3.67,0.0,318.38,1.37,5.56,True,False,False,Sun Only
2026-11-16 06:00:00+00:00,1794808800.0,nobile_rim_1,62.02,3.7,0.0,318.33,1.42,5.55,True,False,False,Sun Only
2026-11-16 07:00:00+00:00,1794812400.0,nobile_rim_1,61.51,3.74,0.0,318.27,1.48,5.53,True,False,False,Sun Only
2026-11-16 08:00:00+00:00,1794816000.0,nobile_rim_1,61.01,3.77,0.0,318.22,1.53,5.52,True,False,False,Sun Only
2026-11-16 09:00:00+00:00,1794819600.0,nobile_rim_1,60.5,3.81,0.0,318.16,1.58,5.5,True,False,False,Sun Only
2026-11-16 10:00:00+00:00,1794823200.0,nobile_rim_1,59.99,3.84,0.0,318.11,1.63,5.49,True,False,False,Sun Only
2026-11-16 11:00:00+00:00,1794826800.0,nobile_rim_1,59.49,3.88,0.0,318.05,1.69,5.47,True,False,False,Sun Only
2026-11-16 12:00:00+00:00,1794830400.0,nobile_rim_1,58.98,3.91,0.0,318.0,1.74,5.46,True,False,False,Sun Only
2026-11-16 13:00:00+00:00,1794834000.0,nobile_rim_1,58.47,3.95,0.0,317.94,1.79,5.44,True,False,False,Sun Only
2026-11-16 14:00:00+00:00,1794837600.0,nobile_rim_1,57.97,3.98,0.0,317.89,1.85,5.43,True,False,False,Sun Only
2026-11-16 15:00:00+00:00,1794841200.0,nobile_rim_1,57.46,4.01,0.0,317.83,1.9,5.42,True,False,False,Sun Only
2026-11-16 16:00:00+00:00,1794844800.0,nobile_rim_1,56.95,4.05,0.0,317.78,1.96,5.4,True,False,False,Sun Only
2026-11-16 17:00:00+00:00,1794848400.0,nobile_rim_1,56.44,4.08,0.0,317.73,2.01,5.39,True,False,False,Sun Only
2026-11-16 18:00:00+00:00,1794852000.0,nobile_rim_1,55.94,4.12,0.0,317.67,2.06,5.38,True,False,False,Sun Only
2026-11-16 19:00:00+00:00,1794855600.0,nobile_rim_1,55.43,4.15,0.0,317.62,2.12,5.36,True,False,False,Sun Only
2026-11-16 20:00:00+00:00,1794859200.0,nobile_rim_1,54.92,4.18,0.0,317.57,2.17,5.35,True,False,False,Sun Only
2026-11-16 21:00:00+00:00,1794862800.0,nobile_rim_1,54.42,4.21,0.0,317.52,2.23,5.33,True,False,False,Sun Only
2026-11-16 22:00:00+00:00,1794866400.0,nobile_rim_1,53.91,4.25,0.0,317.46,2.28,5.32,True,False,False,Sun Only
2026-11-16 23:00:00+00:00,1794870000.0,nobile_rim_1,53.4,4.28,0.0,317.41,2.33,5.31,True,False,False,Sun Only
2026-11-17 00:00:00+00:00,1794873600.0,nobile_rim_1,52.89,4.31,0.0,317.36,2.39,5.29,True,False,False,Sun Only
2026-11-17 01:00:00+00:00,1794877200.0,nobile_rim_1,52.39,4.34,0.0,317.31,2.44,5.28,True,False,False,Sun Only
2026-11-17 02:00:00+00:00,1794880800.0,nobile_rim_1,51.88,4.38,0.0,317.26,2.5,5.27,True,False,False,Sun Only
2026-11-17 03:00:00+00:00,1794884400.0,nobile_rim_1,51.37,4.41,0.0,317.21,2.56,5.26,True,False,False,Sun Only
2026-11-17 04:00:00+00:00,1794888000.0,nobile_rim_1,50.86,4.44,0.0,317.16,2.61,5.24,True,False,False,Sun Only
2026-11-17 05:00:00+00:00,1794891600.0,nobile_rim_1,50.36,4.47,0.0,317.11,2.67,5.23,True,False,False,Sun Only
2026-11-17 06:00:00+00:00,1794895200.0,nobile_rim_1,49.85,4.5,0.0,317.07,2.72,5.22,True,False,False,Sun Only
2026-11-17 07:00:00+00:00,1794898800.0,nobile_rim_1,49.34,4.53,0.0,317.02,2.78,5.2,True,False,False,Sun Only
2026-11-17 08:00:00+00:00,1794902400.0,nobile_rim_1,48.83,4.56,0.0,316.97,2.83,5.19,True,False,False,Sun Only
2026-11-17 09:00:00+00:00,1794906000.0,nobile_rim_1,48.33,4.59,0.0,316.92,2.89,5.18,True,False,False,Sun Only
2026-11-17 10:00:00+00:00,1794909600.0,nobile_rim_1,47.82,4.62,0.0,316.88,2.94,5.17,True,False,False,Sun Only
2026-11-17 11:00:00+00:00,1794913200.0,nobile_rim_1,47.31,4.65,0.0,316.83,3.0,5.16,True,False,False,Sun Only
2026-11-17 12:00:00+00:00,1794916800.0,nobile_rim_1,46.8,4.68,0.0,316.78,3.06,5.14,True,False,False,Sun Only
2026-11-17 13:00:00+00:00,1794920400.0,nobile_rim_1,46.3,4.71,0.0,316.74,3.11,5.13,True,False,False,Sun Only
2026-11-17 14:00:00+00:00,1794924000.0,nobile_rim_1,45.79,4.74,0.0,316.69,3.17,5.12,True,False,False,Sun Only
2026-11-17 15:00:00+00:00,1794927600.0,nobile_rim_1,45.28,4.77,0.0,316.65,3.23,5.11,True,False,False,Sun Only
2026-11-17 16:00:00+00:00,1794931200.0,nobile_rim_1,44.77,4.79,0.0,316.6,3.28,5.1,True,False,False,Sun Only
2026-11-17 17:00:00+00:00,1794934800.0,nobile_rim_1,44.26,4.82,0.0,316.56,3.34,5.09,True,False,False,Sun Only
2026-11-17 18:00:00+00:00,1794938400.0,nobile_rim_1,43.76,4.85,0.0,316.52,3.39,5.07,True,False,False,Sun Only
2026-11-17 19:00:00+00:00,1794942000.0,nobile_rim_1,43.25,4.88,0.0,316.47,3.45,5.06,True,False,False,Sun Only
2026-11-17 20:00:00+00:00,1794945600.0,nobile_rim_1,42.74,4.91,0.0,316.43,3.51,5.05,True,False,False,Sun Only
2026-11-17 21:00:00+00:00,1794949200.0,nobile_rim_1,42.23,4.93,0.0,316.39,3.56,5.04,True,False,False,Sun Only
2026-11-17 22:00:00+00:00,1794952800.0,nobile_rim_1,41.73,4.96,0.0,316.35,3.62,5.03,True,False,False,Sun Only
2026-11-17 23:00:00+00:00,1794956400.0,nobile_rim_1,41.22,4.99,0.0,316.31,3.68,5.02,True,False,False,Sun Only
2026-11-18 00:00:00+00:00,1794960000.0,nobile_rim_1,40.71,5.01,0.0,316.27,3.73,5.01,True,False,False,Sun Only
2026-11-18 01:00:00+00:00,1794963600.0,nobile_rim_1,40.2,5.04,0.0,316.23,3.79,5.0,True,False,False,Sun Only
2026-11-18 02:00:00+00:00,1794967200.0,nobile_rim_1,39.69,5.06,0.0,316.19,3.85,4.99,True,False,False,Sun Only
2026-11-18 03:00:00+00:00,1794970800.0,nobile_rim_1,39.19,5.09,0.0,316.15,3.9,4.98,True,False,False,Sun Only
2026-11-18 04:00:00+00:00,1794974400.0,nobile_rim_1,38.68,5.12,0.0,316.11,3.96,4.97,True,False,False,Sun Only
2026-11-18 05:00:00+00:00,1794978000.0,nobile_rim_1,38.17,5.14,0.0,316.08,4.02,4.96,True,False,False,Sun Only
2026-11-18 06:00:00+00:00,1794981600.0,nobile_rim_1,37.66,5.17,0.0,316.04,4.07,4.95,True,False,False,Sun Only
2026-11-18 07:00:00+00:00,1794985200.0,nobile_rim_1,37.15,5.19,0.0,316.0,4.13,4.94,True,False,False,Sun Only
2026-11-18 08:00:00+00:00,1794988800.0,nobile_rim_1,36.65,5.21,0.0,315.97,4.19,4.93,True,False,False,Sun Only
2026-11-18 09:00:00+00:00,1794992400.0,nobile_rim_1,36.14,5.24,0.0,315.93,4.24,4.92,True,False,False,Sun Only
2026-11-18 10:00:00+00:00,1794996000.0,nobile_rim_1,35.63,5.26,0.0,315.9,4.3,4.91,True,False,False,Sun Only
2026-11-18 11:00:00+00:00,1794999600.0,nobile_rim_1,35.12,5.28,0.0,315.86,4.36,4.9,True,False,False,Sun Only
2026-11-18 12:00:00+00:00,1795003200.0,nobile_rim_1,34.61,5.31,0.0,315.83,4.42,4.9,True,False,False,Sun Only
2026-11-18 13:00:00+00:00,1795006800.0,nobile_rim_1,34.11,5.33,0.0,315.8,4.47,4.89,True,False,False,Sun Only
2026-11-18 14:00:00+00:00,1795010400.0,nobile_rim_1,33.6,5.35,0.0,315.77,4.53,4.88,True,False,False,Sun Only
2026-11-18 15:00:00+00:00,1795014000.0,nobile_rim_1,33.09,5.37,0.0,315.73,4.58,4.87,True,False,False,Sun Only
2026-11-18 16:00:00+00:00,1795017600.0,nobile_rim_1,32.58,5.39,0.0,315.7,4.64,4.86,True,False,False,Sun Only
2026-11-18 17:00:00+00:00,1795021200.0,nobile_rim_1,32.07,5.42,0.0,315.67,4.7,4.86,True,False,False,Sun Only
2026-11-18 18:00:00+00:00,1795024800.0,nobile_rim_1,31.56,5.44,0.0,315.64,4.75,4.85,True,False,False,Sun Only
2026-11-18 19:00:00+00:00,1795028400.0,nobile_rim_1,31.06,5.46,0.0,315.62,4.81,4.84,True,False,False,Sun Only
2026-11-18 20:00:00+00:00,1795032000.0,nobile_rim_1,30.55,5.48,0.0,315.59,4.87,4.83,True,True,True,Dual Operational
2026-11-18 21:00:00+00:00,1795035600.0,nobile_rim_1,30.04,5.5,0.0,315.56,4.92,4.83,True,True,True,Dual Operational
2026-11-18 22:00:00+00:00,1795039200.0,nobile_rim_1,29.53,5.52,0.0,315.53,4.98,4.82,True,True,True,Dual Operational
2026-11-18 23:00:00+00:00,1795042800.0,nobile_rim_1,29.02,5.54,0.0,315.51,5.04,4.81,True,True,True,Dual Operational
2026-11-19 00:00:00+00:00,1795046400.0,nobile_rim_1,28.51,5.56,0.0,315.48,5.09,4.81,True,True,True,Dual Operational
2026-11-19 01:00:00+00:00,1795050000.0,nobile_rim_1,28.01,5.58,0.0,315.46,5.15,4.8,True,True,True,Dual Operational
2026-11-19 02:00:00+00:00,1795053600.0,nobile_rim_1,27.5,5.59,0.0,315.43,5.21,4.79,True,True,True,Dual Operational
2026-11-19 03:00:00+00:00,1795057200.0,nobile_rim_1,26.99,5.61,0.0,315.41,5.26,4.79,True,True,True,Dual Operational
2026-11-19 04:00:00+00:00,1795060800.0,nobile_rim_1,26.48,5.63,0.0,315.39,5.32,4.78,True,True,True,Dual Operational
2026-11-19 05:00:00+00:00,1795064400.0,nobile_rim_1,25.97,5.65,0.0,315.37,5.37,4.78,True,True,True,Dual Operational
2026-11-19 06:00:00+00:00,1795068000.0,nobile_rim_1,25.46,5.67,0.0,315.35,5.43,4.77,True,True,True,Dual Operational
2026-11-19 07:00:00+00:00,1795071600.0,nobile_rim_1,24.96,5.68,0.02,315.33,5.49,4.77,True,True,True,Dual Operational
2026-11-19 08:00:00+00:00,1795075200.0,nobile_rim_1,24.45,5.7,0.21,315.31,5.54,4.76,True,True,True,Dual Operational
2026-11-19 09:00:00+00:00,1795078800.0,nobile_rim_1,23.94,5.72,0.4,315.29,5.6,4.76,True,True,True,Dual Operational
2026-11-19 10:00:00+00:00,1795082400.0,nobile_rim_1,23.43,5.73,0.6,315.27,5.65,4.75,True,True,True,Dual Operational
2026-11-19 11:00:00+00:00,1795086000.0,nobile_rim_1,22.92,5.75,0.79,315.25,5.71,4.75,True,True,True,Dual Operational
2026-11-19 12:00:00+00:00,1795089600.0,nobile_rim_1,22.41,5.76,0.98,315.24,5.76,4.74,True,True,True,Dual Operational
2026-11-19 13:00:00+00:00,1795093200.0,nobile_rim_1,21.9,5.78,1.18,315.22,5.82,4.74,True,True,True,Dual Operational
2026-11-19 14:00:00+00:00,1795096800.0,nobile_rim_1,21.4,5.79,1.37,315.21,5.87,4.73,True,True,True,Dual Operational
2026-11-19 15:00:00+00:00,1795100400.0,nobile_rim_1,20.89,5.81,1.56,315.19,5.93,4.73,True,True,True,Dual Operational
2026-11-19 16:00:00+00:00,1795104000.0,nobile_rim_1,20.38,5.82,1.76,315.18,5.98,4.73,True,True,True,Dual Operational
2026-11-19 17:00:00+00:00,1795107600.0,nobile_rim_1,19.87,5.84,1.96,315.17,6.04,4.72,True,True,True,Dual Operational
2026-11-19 18:00:00+00:00,1795111200.0,nobile_rim_1,19.36,5.85,2.19,315.16,6.09,4.72,True,True,True,Dual Operational
2026-11-19 19:00:00+00:00,1795114800.0,nobile_rim_1,18.85,5.86,2.41,315.15,6.14,4.72,True,True,True,Dual Operational
2026-11-19 20:00:00+00:00,1795118400.0,nobile_rim_1,18.35,5.88,2.64,315.14,6.2,4.72,True,True,True,Dual Operational
2026-11-19 21:00:00+00:00,1795122000.0,nobile_rim_1,17.84,5.89,2.87,315.13,6.25,4.71,True,True,True,Dual Operational
2026-11-19 22:00:00+00:00,1795125600.0,nobile_rim_1,17.33,5.9,3.1,315.12,6.3,4.71,True,True,True,Dual Operational
2026-11-19 23:00:00+00:00,1795129200.0,nobile_rim_1,16.82,5.91,3.33,315.11,6.36,4.71,True,True,True,Dual Operational
2026-11-20 00:00:00+00:00,1795132800.0,nobile_rim_1,16.31,5.92,3.55,315.11,6.41,4.71,True,True,True,Dual Operational
2026-11-20 01:00:00+00:00,1795136400.0,nobile_rim_1,15.8,5.93,3.78,315.1,6.46,4.71,True,True,True,Dual Operational
2026-11-20 02:00:00+00:00,1795140000.0,nobile_rim_1,15.29,5.94,4.01,315.1,6.52,4.71,True,True,True,Dual Operational
2026-11-20 03:00:00+00:00,1795143600.0,nobile_rim_1,14.78,5.95,4.23,315.09,6.57,4.7,True,True,True,Dual Operational
2026-11-20 04:00:00+00:00,1795147200.0,nobile_rim_1,14.28,5.96,4.44,315.09,6.62,4.7,True,True,True,Dual Operational
2026-11-20 05:00:00+00:00,1795150800.0,nobile_rim_1,13.77,5.97,4.65,315.09,6.67,4.7,True,True,True,Dual Operational
2026-11-20 06:00:00+00:00,1795154400.0,nobile_rim_1,13.26,5.98,4.86,315.09,6.73,4.7,True,True,True,Dual Operational
2026-11-20 07:00:00+00:00,1795158000.0,nobile_rim_1,12.75,5.99,5.07,315.09,6.78,4.7,True,True,True,Dual Operational
2026-11-20 08:00:00+00:00,1795161600.0,nobile_rim_1,12.24,6.0,5.28,315.09,6.83,4.7,True,True,True,Dual Operational
2026-11-20 09:00:00+00:00,1795165200.0,nobile_rim_1,11.73,6.01,5.49,315.09,6.88,4.7,True,True,True,Dual Operational
2026-11-20 10:00:00+00:00,1795168800.0,nobile_rim_1,11.22,6.02,5.7,315.09,6.93,4.7,True,True,True,Dual Operational
2026-11-20 11:00:00+00:00,1795172400.0,nobile_rim_1,10.71,6.02,5.91,315.09,6.98,4.7,True,True,True,Dual Operational
2026-11-20 12:00:00+00:00,1795176000.0,nobile_rim_1,10.21,6.03,6.12,315.1,7.03,4.71,False,True,False,Comm Only
2026-11-20 13:00:00+00:00,1795179600.0,nobile_rim_1,9.7,6.04,6.31,315.1,7.08,4.71,False,True,False,Comm Only
2026-11-20 14:00:00+00:00,1795183200.0,nobile_rim_1,9.19,6.04,6.5,315.11,7.13,4.71,False,True,False,Comm Only
2026-11-20 15:00:00+00:00,1795186800.0,nobile_rim_1,8.68,6.05,6.69,315.12,7.18,4.71,False,True,False,Comm Only
2026-11-20 16:00:00+00:00,1795190400.0,nobile_rim_1,8.17,6.06,6.88,315.12,7.23,4.71,False,True,False,Comm Only
2026-11-20 17:00:00+00:00,1795194000.0,nobile_rim_1,7.66,6.06,7.07,315.13,7.28,4.71,False,True,False,Comm Only
2026-11-20 18:00:00+00:00,1795197600.0,nobile_rim_1,7.15,6.07,7.26,315.14,7.33,4.72,False,True,False,Comm Only
2026-11-20 19:00:00+00:00,1795201200.0,nobile_rim_1,6.64,6.07,7.45,315.15,7.38,4.72,False,True,False,Comm Only
2026-11-20 20:00:00+00:00,1795204800.0,nobile_rim_1,6.14,6.08,7.64,315.16,7.43,4.72,False,True,False,Comm Only
2026-11-20 21:00:00+00:00,1795208400.0,nobile_rim_1,5.63,6.08,7.84,315.17,7.47,4.73,False,True,False,Comm Only
2026-11-20 22:00:00+00:00,1795212000.0,nobile_rim_1,5.12,6.08,8.03,315.19,7.52,4.73,False,True,False,Comm Only
2026-11-20 23:00:00+00:00,1795215600.0,nobile_rim_1,4.61,6.09,8.17,315.2,7.57,4.73,False,True,False,Comm Only
2026-11-21 00:00:00+00:00,1795219200.0,nobile_rim_1,4.1,6.09,8.3,315.22,7.62,4.74,False,True,False,Comm Only
2026-11-21 01:00:00+00:00,1795222800.0,nobile_rim_1,3.59,6.09,8.42,315.23,7.66,4.74,False,True,False,Comm Only
2026-11-21 02:00:00+00:00,1795226400.0,nobile_rim_1,3.08,6.09,8.55,315.25,7.71,4.74,False,True,False,Comm Only
2026-11-21 03:00:00+00:00,1795230000.0,nobile_rim_1,2.58,6.1,8.68,315.27,7.75,4.75,False,True,False,Comm Only
2026-11-21 04:00:00+00:00,1795233600.0,nobile_rim_1,2.07,6.1,8.81,315.28,7.8,4.75,False,True,False,Comm Only
2026-11-21 05:00:00+00:00,1795237200.0,nobile_rim_1,1.56,6.1,8.94,315.3,7.84,4.76,False,True,False,Comm Only
2026-11-21 06:00:00+00:00,1795240800.0,nobile_rim_1,1.05,6.1,9.07,315.32,7.89,4.76,False,True,False,Comm Only
2026-11-21 07:00:00+00:00,1795244400.0,nobile_rim_1,0.54,6.1,9.19,315.35,7.93,4.77,False,True,False,Comm Only
2026-11-21 08:00:00+00:00,1795248000.0,nobile_rim_1,0.03,6.1,9.32,315.37,7.98,4.78,False,True,False,Comm Only
2026-11-21 09:00:00+00:00,1795251600.0,nobile_rim_1,359.52,6.1,9.44,315.39,8.02,4.78,False,True,False,Comm Only
2026-11-21 10:00:00+00:00,1795255200.0,nobile_rim_1,359.02,6.1,9.55,315.42,8.06,4.79,False,True,False,Comm Only
2026-11-21 11:00:00+00:00,1795258800.0,nobile_rim_1,358.51,6.1,9.67,315.44,8.11,4.79,False,True,False,Comm Only
2026-11-21 12:00:00+00:00,1795262400.0,nobile_rim_1,358.0,6.1,9.78,315.47,8.15,4.8,False,True,False,Comm Only
2026-11-21 13:00:00+00:00,1795266000.0,nobile_rim_1,357.49,6.09,9.9,315.49,8.19,4.81,False,True,False,Comm Only
2026-11-21 14:00:00+00:00,1795269600.0,nobile_rim_1,356.98,6.09,10.01,315.52,8.23,4.82,False,True,False,Comm Only
2026-11-21 15:00:00+00:00,1795273200.0,nobile_rim_1,356.47,6.09,10.13,315.55,8.27,4.82,False,True,False,Comm Only
2026-11-21 16:00:00+00:00,1795276800.0,nobile_rim_1,355.96,6.09,10.24,315.58,8.31,4.83,False,True,False,Comm Only
2026-11-21 17:00:00+00:00,1795280400.0,nobile_rim_1,355.46,6.08,10.36,315.61,8.36,4.84,False,True,False,Comm Only
2026-11-21 18:00:00+00:00,1795284000.0,nobile_rim_1,354.95,6.08,10.47,315.64,8.39,4.85,False,True,False,Comm Only
2026-11-21 19:00:00+00:00,1795287600.0,nobile_rim_1,354.44,6.08,10.52,315.67,8.43,4.85,False,True,False,Comm Only
2026-11-21 20:00:00+00:00,1795291200.0,nobile_rim_1,353.93,6.07,10.57,315.71,8.47,4.86,False,True,False,Comm Only
2026-11-21 21:00:00+00:00,1795294800.0,nobile_rim_1,353.42,6.07,10.62,315.74,8.51,4.87,False,True,False,Comm Only
2026-11-21 22:00:00+00:00,1795298400.0,nobile_rim_1,352.91,6.06,10.68,315.78,8.55,4.88,False,True,False,Comm Only
2026-11-21 23:00:00+00:00,1795302000.0,nobile_rim_1,352.4,6.06,10.73,315.81,8.59,4.89,False,True,False,Comm Only
2026-11-22 00:00:00+00:00,1795305600.0,nobile_rim_1,351.9,6.05,10.78,315.85,8.62,4.9,False,True,False,Comm Only
2026-11-22 01:00:00+00:00,1795309200.0,nobile_rim_1,351.39,6.04,10.84,315.89,8.66,4.91,False,True,False,Comm Only
2026-11-22 02:00:00+00:00,1795312800.0,nobile_rim_1,350.88,6.04,10.89,315.93,8.69,4.92,False,True,False,Comm Only
2026-11-22 03:00:00+00:00,1795316400.0,nobile_rim_1,350.37,6.03,10.94,315.96,8.73,4.93,False,True,False,Comm Only
2026-11-22 04:00:00+00:00,1795320000.0,nobile_rim_1,349.86,6.03,10.98,316.01,8.76,4.94,False,True,False,Comm Only
2026-11-22 05:00:00+00:00,1795323600.0,nobile_rim_1,349.35,6.02,10.98,316.05,8.8,4.95,False,True,False,Comm Only
2026-11-22 06:00:00+00:00,1795327200.0,nobile_rim_1,348.85,6.01,10.98,316.09,8.83,4.96,False,True,False,Comm Only
2026-11-22 07:00:00+00:00,1795330800.0,nobile_rim_1,348.34,6.0,10.98,316.13,8.87,4.97,False,True,False,Comm Only
2026-11-22 08:00:00+00:00,1795334400.0,nobile_rim_1,347.83,5.99,10.98,316.18,8.9,4.99,False,True,False,Comm Only
2026-11-22 09:00:00+00:00,1795338000.0,nobile_rim_1,347.32,5.98,10.99,316.22,8.93,5.0,False,True,False,Comm Only
2026-11-22 10:00:00+00:00,1795341600.0,nobile_rim_1,346.81,5.97,10.99,316.27,8.96,5.01,False,True,False,Comm Only
2026-11-22 11:00:00+00:00,1795345200.0,nobile_rim_1,346.31,5.96,10.99,316.31,8.99,5.02,False,True,False,Comm Only
2026-11-22 12:00:00+00:00,1795348800.0,nobile_rim_1,345.8,5.96,10.99,316.36,9.02,5.03,False,True,False,Comm Only
2026-11-22 13:00:00+00:00,1795352400.0,nobile_rim_1,345.29,5.95,10.99,316.41,9.05,5.05,False,True,False,Comm Only
2026-11-22 14:00:00+00:00,1795356000.0,nobile_rim_1,344.78,5.93,10.97,316.46,9.08,5.06,False,True,False,Comm Only
2026-11-22 15:00:00+00:00,1795359600.0,nobile_rim_1,344.27,5.92,10.92,316.51,9.11,5.07,False,True,False,Comm Only
2026-11-22 16:00:00+00:00,1795363200.0,nobile_rim_1,343.77,5.91,10.87,316.56,9.14,5.09,False,True,False,Comm Only
2026-11-22 17:00:00+00:00,1795366800.0,nobile_rim_1,343.26,5.9,10.82,316.61,9.16,5.1,False,True,False,Comm Only
2026-11-22 18:00:00+00:00,1795370400.0,nobile_rim_1,342.75,5.89,10.77,316.66,9.19,5.11,False,True,False,Comm Only
2026-11-22 19:00:00+00:00,1795374000.0,nobile_rim_1,342.24,5.88,10.72,316.72,9.22,5.13,False,True,False,Comm Only
2026-11-22 20:00:00+00:00,1795377600.0,nobile_rim_1,341.73,5.86,10.67,316.77,9.24,5.14,False,True,False,Comm Only
2026-11-22 21:00:00+00:00,1795381200.0,nobile_rim_1,341.23,5.85,10.62,316.83,9.27,5.16,False,True,False,Comm Only
2026-11-22 22:00:00+00:00,1795384800.0,nobile_rim_1,340.72,5.84,10.57,316.88,9.29,5.17,False,True,False,Comm Only
2026-11-22 23:00:00+00:00,1795388400.0,nobile_rim_1,340.21,5.82,10.52,316.94,9.32,5.18,False,True,False,Comm Only
2026-11-23 00:00:00+00:00,1795392000.0,nobile_rim_1,339.7,5.81,10.45,317.0,9.34,5.2,False,True,False,Comm Only
2026-11-23 01:00:00+00:00,1795395600.0,nobile_rim_1,339.19,5.79,10.37,317.06,9.36,5.21,False,True,False,Comm Only
2026-11-23 02:00:00+00:00,1795399200.0,nobile_rim_1,338.69,5.78,10.28,317.11,9.38,5.23,False,True,False,Comm Only
2026-11-23 03:00:00+00:00,1795402800.0,nobile_rim_1,338.18,5.76,10.2,317.17,9.4,5.25,False,True,False,Comm Only
2026-11-23 04:00:00+00:00,1795406400.0,nobile_rim_1,337.67,5.75,10.11,317.23,9.43,5.26,False,True,False,Comm Only
2026-11-23 05:00:00+00:00,1795410000.0,nobile_rim_1,337.16,5.73,10.03,317.3,9.44,5.28,False,True,False,Comm Only
2026-11-23 06:00:00+00:00,1795413600.0,nobile_rim_1,336.66,5.72,9.94,317.36,9.46,5.29,False,True,False,Comm Only
2026-11-23 07:00:00+00:00,1795417200.0,nobile_rim_1,336.15,5.7,9.86,317.42,9.48,5.31,False,True,False,Comm Only
2026-11-23 08:00:00+00:00,1795420800.0,nobile_rim_1,335.64,5.68,9.78,317.48,9.5,5.33,False,True,False,Comm Only
2026-11-23 09:00:00+00:00,1795424400.0,nobile_rim_1,335.13,5.67,9.69,317.55,9.52,5.34,False,True,False,Comm Only
2026-11-23 10:00:00+00:00,1795428000.0,nobile_rim_1,334.63,5.65,9.59,317.61,9.53,5.36,False,True,False,Comm Only
2026-11-23 11:00:00+00:00,1795431600.0,nobile_rim_1,334.12,5.63,9.47,317.68,9.55,5.38,False,True,False,Comm Only
2026-11-23 12:00:00+00:00,1795435200.0,nobile_rim_1,333.61,5.62,9.36,317.74,9.56,5.39,False,True,False,Comm Only
2026-11-23 13:00:00+00:00,1795438800.0,nobile_rim_1,333.1,5.6,9.25,317.81,9.58,5.41,False,True,False,Comm Only
2026-11-23 14:00:00+00:00,1795442400.0,nobile_rim_1,332.6,5.58,9.14,317.88,9.59,5.43,False,True,False,Comm Only
2026-11-23 15:00:00+00:00,1795446000.0,nobile_rim_1,332.09,5.56,9.02,317.95,9.6,5.45,False,True,False,Comm Only
2026-11-23 16:00:00+00:00,1795449600.0,nobile_rim_1,331.58,5.54,8.91,318.01,9.62,5.46,False,True,False,Comm Only
2026-11-23 17:00:00+00:00,1795453200.0,nobile_rim_1,331.07,5.52,8.8,318.08,9.63,5.48,False,True,False,Comm Only
2026-11-23 18:00:00+00:00,1795456800.0,nobile_rim_1,330.57,5.5,8.69,318.15,9.64,5.5,False,True,False,Comm Only
2026-11-23 19:00:00+00:00,1795460400.0,nobile_rim_1,330.06,5.48,8.57,318.23,9.65,5.52,False,True,False,Comm Only
2026-11-23 20:00:00+00:00,1795464000.0,nobile_rim_1,329.55,5.46,8.44,318.3,9.66,5.54,False,True,False,Comm Only
2026-11-23 21:00:00+00:00,1795467600.0,nobile_rim_1,329.04,5.44,8.31,318.37,9.66,5.56,False,True,False,Comm Only
2026-11-23 22:00:00+00:00,1795471200.0,nobile_rim_1,328.54,5.42,8.18,318.44,9.67,5.57,False,True,False,Comm Only
2026-11-23 23:00:00+00:00,1795474800.0,nobile_rim_1,328.03,5.4,8.04,318.51,9.68,5.59,False,True,False,Comm Only
2026-11-24 00:00:00+00:00,1795478400.0,nobile_rim_1,327.52,5.38,7.91,318.59,9.69,5.61,False,True,False,Comm Only
2026-11-24 01:00:00+00:00,1795482000.0,nobile_rim_1,327.02,5.35,7.78,318.66,9.69,5.63,False,True,False,Comm Only
2026-11-24 02:00:00+00:00,1795485600.0,nobile_rim_1,326.51,5.33,7.65,318.74,9.7,5.65,False,True,False,Comm Only
2026-11-24 03:00:00+00:00,1795489200.0,nobile_rim_1,326.0,5.31,7.51,318.81,9.7,5.67,False,True,False,Comm Only
2026-11-24 04:00:00+00:00,1795492800.0,nobile_rim_1,325.5,5.29,7.38,318.88,9.7,5.69,False,True,False,Comm Only
2026-11-24 05:00:00+00:00,1795496400.0,nobile_rim_1,324.99,5.26,7.25,318.96,9.7,5.71,False,True,False,Comm Only
2026-11-24 06:00:00+00:00,1795500000.0,nobile_rim_1,324.48,5.24,7.12,319.04,9.71,5.73,False,True,False,Comm Only
2026-11-24 07:00:00+00:00,1795503600.0,nobile_rim_1,323.97,5.21,6.99,319.11,9.71,5.75,False,True,False,Comm Only
2026-11-24 08:00:00+00:00,1795507200.0,nobile_rim_1,323.47,5.19,6.86,319.19,9.71,5.77,False,True,False,Comm Only
2026-11-24 09:00:00+00:00,1795510800.0,nobile_rim_1,322.96,5.17,6.73,319.27,9.71,5.79,False,True,False,Comm Only
2026-11-24 10:00:00+00:00,1795514400.0,nobile_rim_1,322.45,5.14,6.6,319.35,9.7,5.81,False,True,False,Comm Only
2026-11-24 11:00:00+00:00,1795518000.0,nobile_rim_1,321.95,5.12,6.47,319.43,9.7,5.83,False,True,False,Comm Only
2026-11-24 12:00:00+00:00,1795521600.0,nobile_rim_1,321.44,5.09,6.35,319.5,9.7,5.85,False,True,False,Comm Only
2026-11-24 13:00:00+00:00,1795525200.0,nobile_rim_1,320.93,5.07,6.22,319.59,9.7,5.87,False,True,False,Comm Only
2026-11-24 14:00:00+00:00,1795528800.0,nobile_rim_1,320.43,5.04,6.09,319.66,9.69,5.89,False,True,False,Comm Only
2026-11-24 15:00:00+00:00,1795532400.0,nobile_rim_1,319.92,5.01,5.96,319.75,9.69,5.91,False,True,False,Comm Only
2026-11-24 16:00:00+00:00,1795536000.0,nobile_rim_1,319.42,4.99,5.83,319.83,9.68,5.93,False,True,False,Comm Only
2026-11-24 17:00:00+00:00,1795539600.0,nobile_rim_1,318.91,4.96,5.7,319.91,9.67,5.96,False,True,False,Comm Only
2026-11-24 18:00:00+00:00,1795543200.0,nobile_rim_1,318.4,4.93,5.56,319.99,9.66,5.98,False,True,False,Comm Only
2026-11-24 19:00:00+00:00,1795546800.0,nobile_rim_1,317.9,4.91,5.43,320.07,9.66,6.0,False,True,False,Comm Only
2026-11-24 20:00:00+00:00,1795550400.0,nobile_rim_1,317.39,4.88,5.3,320.15,9.65,6.02,False,True,False,Comm Only
2026-11-24 21:00:00+00:00,1795554000.0,nobile_rim_1,316.88,4.85,5.17,320.23,9.64,6.04,False,True,False,Comm Only
2026-11-24 22:00:00+00:00,1795557600.0,nobile_rim_1,316.38,4.82,5.04,320.32,9.63,6.06,False,True,False,Comm Only
2026-11-24 23:00:00+00:00,1795561200.0,nobile_rim_1,315.87,4.8,4.91,320.4,9.61,6.08,False,True,False,Comm Only
2026-11-25 00:00:00+00:00,1795564800.0,nobile_rim_1,315.36,4.77,4.77,320.48,9.6,6.1,False,True,False,Comm Only
2026-11-25 01:00:00+00:00,1795568400.0,nobile_rim_1,314.86,4.74,4.79,320.56,9.59,6.12,False,True,False,Comm Only
2026-11-25 02:00:00+00:00,1795572000.0,nobile_rim_1,314.35,4.71,5.18,320.65,9.57,6.14,False,True,False,Comm Only
2026-11-25 03:00:00+00:00,1795575600.0,nobile_rim_1,313.85,4.68,5.58,320.73,9.56,6.17,False,True,False,Comm Only
2026-11-25 04:00:00+00:00,1795579200.0,nobile_rim_1,313.34,4.65,5.97,320.81,9.54,6.19,False,True,False,Comm Only
2026-11-25 05:00:00+00:00,1795582800.0,nobile_rim_1,312.83,4.62,6.36,320.9,9.53,6.21,False,True,False,Comm Only
2026-11-25 06:00:00+00:00,1795586400.0,nobile_rim_1,312.33,4.59,6.75,320.98,9.51,6.23,False,True,False,Comm Only
2026-11-25 07:00:00+00:00,1795590000.0,nobile_rim_1,311.82,4.56,7.15,321.07,9.49,6.25,False,True,False,Comm Only
2026-11-25 08:00:00+00:00,1795593600.0,nobile_rim_1,311.32,4.53,7.54,321.15,9.47,6.27,False,True,False,Comm Only
2026-11-25 09:00:00+00:00,1795597200.0,nobile_rim_1,310.81,4.5,7.93,321.23,9.46,6.29,False,True,False,Comm Only
2026-11-25 10:00:00+00:00,1795600800.0,nobile_rim_1,310.3,4.47,8.32,321.32,9.44,6.31,False,True,False,Comm Only
2026-11-25 11:00:00+00:00,1795604400.0,nobile_rim_1,309.8,4.44,8.56,321.4,9.41,6.34,False,True,False,Comm Only
2026-11-25 12:00:00+00:00,1795608000.0,nobile_rim_1,309.29,4.41,8.56,321.49,9.39,6.36,False,True,False,Comm Only
2026-11-25 13:00:00+00:00,1795611600.0,nobile_rim_1,308.79,4.38,8.56,321.57,9.37,6.38,False,True,False,Comm Only
2026-11-25 14:00:00+00:00,1795615200.0,nobile_rim_1,308.28,4.34,8.56,321.65,9.35,6.4,False,True,False,Comm Only
2026-11-25 15:00:00+00:00,1795618800.0,nobile_rim_1,307.78,4.31,8.56,321.74,9.32,6.42,False,True,False,Comm Only
2026-11-25 16:00:00+00:00,1795622400.0,nobile_rim_1,307.27,4.28,8.56,321.83,9.3,6.44,False,True,False,Comm Only
2026-11-25 17:00:00+00:00,1795626000.0,nobile_rim_1,306.76,4.25,8.56,321.91,9.27,6.46,False,True,False,Comm Only
2026-11-25 18:00:00+00:00,1795629600.0,nobile_rim_1,306.26,4.21,8.56,321.99,9.25,6.49,False,True,False,Comm Only
2026-11-25 19:00:00+00:00,1795633200.0,nobile_rim_1,305.75,4.18,8.56,322.08,9.22,6.51,False,True,False,Comm Only
2026-11-25 20:00:00+00:00,1795636800.0,nobile_rim_1,305.25,4.15,8.56,322.16,9.19,6.53,False,True,False,Comm Only
2026-11-25 21:00:00+00:00,1795640400.0,nobile_rim_1,304.74,4.12,8.56,322.25,9.17,6.55,False,True,False,Comm Only
2026-11-25 22:00:00+00:00,1795644000.0,nobile_rim_1,304.24,4.08,8.56,322.33,9.14,6.57,False,True,False,Comm Only
2026-11-25 23:00:00+00:00,1795647600.0,nobile_rim_1,303.73,4.05,8.56,322.42,9.11,6.59,False,True,False,Comm Only
2026-11-26 00:00:00+00:00,1795651200.0,nobile_rim_1,303.23,4.01,8.56,322.5,9.08,6.62,False,True,False,Comm Only
2026-11-26 01:00:00+00:00,1795654800.0,nobile_rim_1,302.72,3.98,8.56,322.58,9.04,6.64,False,True,False,Comm Only
2026-11-26 02:00:00+00:00,1795658400.0,nobile_rim_1,302.21,3.95,8.56,322.67,9.01,6.66,False,True,False,Comm Only
2026-11-26 03:00:00+00:00,1795662000.0,nobile_rim_1,301.71,3.91,8.56,322.75,8.98,6.68,False,True,False,Comm Only
2026-11-26 04:00:00+00:00,1795665600.0,nobile_rim_1,301.2,3.88,8.56,322.84,8.95,6.7,False,True,False,Comm Only
2026-11-26 05:00:00+00:00,1795669200.0,nobile_rim_1,300.7,3.84,8.56,322.92,8.91,6.72,False,True,False,Comm Only
2026-11-26 06:00:00+00:00,1795672800.0,nobile_rim_1,300.19,3.81,8.56,323.0,8.88,6.74,False,True,False,Comm Only
2026-11-26 07:00:00+00:00,1795676400.0,nobile_rim_1,299.69,3.77,8.56,323.09,8.84,6.76,False,True,False,Comm Only
2026-11-26 08:00:00+00:00,1795680000.0,nobile_rim_1,299.18,3.74,8.56,323.17,8.81,6.78,False,True,False,Comm Only
2026-11-26 09:00:00+00:00,1795683600.0,nobile_rim_1,298.68,3.7,8.56,323.25,8.77,6.81,False,True,False,Comm Only
2026-11-26 10:00:00+00:00,1795687200.0,nobile_rim_1,298.17,3.67,8.56,323.33,8.73,6.83,False,True,False,Comm Only
2026-11-26 11:00:00+00:00,1795690800.0,nobile_rim_1,297.67,3.63,8.56,323.42,8.7,6.85,False,True,False,Comm Only
2026-11-26 12:00:00+00:00,1795694400.0,nobile_rim_1,297.16,3.59,8.56,323.5,8.66,6.87,False,True,False,Comm Only
2026-11-26 13:00:00+00:00,1795698000.0,nobile_rim_1,296.66,3.56,8.56,323.58,8.62,6.89,False,True,False,Comm Only
2026-11-26 14:00:00+00:00,1795701600.0,nobile_rim_1,296.15,3.52,8.56,323.66,8.58,6.91,False,True,False,Comm Only
2026-11-26 15:00:00+00:00,1795705200.0,nobile_rim_1,295.65,3.48,8.56,323.74,8.54,6.93,False,True,False,Comm Only
2026-11-26 16:00:00+00:00,1795708800.0,nobile_rim_1,295.14,3.45,8.56,323.82,8.5,6.95,False,True,False,Comm Only
2026-11-26 17:00:00+00:00,1795712400.0,nobile_rim_1,294.64,3.41,8.56,323.9,8.46,6.97,False,True,False,Comm Only
2026-11-26 18:00:00+00:00,1795716000.0,nobile_rim_1,294.13,3.37,8.56,323.99,8.41,6.99,False,True,False,Comm Only
2026-11-26 19:00:00+00:00,1795719600.0,nobile_rim_1,293.63,3.34,8.56,324.07,8.37,7.01,False,True,False,Comm Only
2026-11-26 20:00:00+00:00,1795723200.0,nobile_rim_1,293.12,3.3,8.56,324.14,8.33,7.03,False,True,False,Comm Only
2026-11-26 21:00:00+00:00,1795726800.0,nobile_rim_1,292.62,3.26,8.56,324.22,8.28,7.05,False,True,False,Comm Only
2026-11-26 22:00:00+00:00,1795730400.0,nobile_rim_1,292.11,3.23,8.56,324.3,8.24,7.07,False,True,False,Comm Only
2026-11-26 23:00:00+00:00,1795734000.0,nobile_rim_1,291.61,3.19,8.56,324.38,8.19,7.09,False,True,False,Comm Only
2026-11-27 00:00:00+00:00,1795737600.0,nobile_rim_1,291.1,3.15,8.56,324.46,8.15,7.11,False,True,False,Comm Only
2026-11-27 01:00:00+00:00,1795741200.0,nobile_rim_1,290.6,3.11,8.56,324.54,8.1,7.13,False,True,False,Comm Only
2026-11-27 02:00:00+00:00,1795744800.0,nobile_rim_1,290.09,3.07,8.56,324.62,8.05,7.15,False,True,False,Comm Only
2026-11-27 03:00:00+00:00,1795748400.0,nobile_rim_1,289.59,3.04,8.56,324.69,8.01,7.17,False,True,False,Comm Only
2026-11-27 04:00:00+00:00,1795752000.0,nobile_rim_1,289.08,3.0,8.56,324.77,7.96,7.19,False,True,False,Comm Only
2026-11-27 05:00:00+00:00,1795755600.0,nobile_rim_1,288.58,2.96,8.56,324.85,7.91,7.21,False,True,False,Comm Only
2026-11-27 06:00:00+00:00,1795759200.0,nobile_rim_1,288.08,2.92,8.56,324.92,7.86,7.23,False,True,False,Comm Only
2026-11-27 07:00:00+00:00,1795762800.0,nobile_rim_1,287.57,2.88,8.56,325.0,7.81,7.25,False,True,False,Comm Only
2026-11-27 08:00:00+00:00,1795766400.0,nobile_rim_1,287.07,2.84,8.56,325.07,7.76,7.27,False,True,False,Comm Only
2026-11-27 09:00:00+00:00,1795770000.0,nobile_rim_1,286.56,2.8,8.56,325.14,7.71,7.29,False,True,False,Comm Only
2026-11-27 10:00:00+00:00,1795773600.0,nobile_rim_1,286.06,2.77,8.56,325.22,7.66,7.31,False,True,False,Comm Only
2026-11-27 11:00:00+00:00,1795777200.0,nobile_rim_1,285.55,2.73,8.56,325.29,7.61,7.33,False,True,False,Comm Only
2026-11-27 12:00:00+00:00,1795780800.0,nobile_rim_1,285.05,2.69,8.56,325.37,7.55,7.35,False,True,False,Comm Only
2026-11-27 13:00:00+00:00,1795784400.0,nobile_rim_1,284.54,2.65,8.56,325.44,7.5,7.36,False,True,False,Comm Only
2026-11-27 14:00:00+00:00,1795788000.0,nobile_rim_1,284.04,2.61,8.56,325.51,7.45,7.38,False,True,False,Comm Only
2026-11-27 15:00:00+00:00,1795791600.0,nobile_rim_1,283.53,2.57,8.56,325.58,7.39,7.4,False,False,False,Blackout
2026-11-27 16:00:00+00:00,1795795200.0,nobile_rim_1,283.03,2.53,8.56,325.65,7.34,7.42,False,False,False,Blackout
2026-11-27 17:00:00+00:00,1795798800.0,nobile_rim_1,282.52,2.49,8.56,325.72,7.29,7.44,False,False,False,Blackout
2026-11-27 18:00:00+00:00,1795802400.0,nobile_rim_1,282.02,2.45,8.56,325.79,7.23,7.46,False,False,False,Blackout
2026-11-27 19:00:00+00:00,1795806000.0,nobile_rim_1,281.52,2.41,8.56,325.86,7.18,7.48,False,False,False,Blackout
2026-11-27 20:00:00+00:00,1795809600.0,nobile_rim_1,281.01,2.37,8.56,325.93,7.12,7.49,False,False,False,Blackout
2026-11-27 21:00:00+00:00,1795813200.0,nobile_rim_1,280.51,2.33,8.56,326.0,7.07,7.51,False,False,False,Blackout
2026-11-27 22:00:00+00:00,1795816800.0,nobile_rim_1,280.0,2.29,8.56,326.07,7.01,7.53,False,False,False,Blackout
2026-11-27 23:00:00+00:00,1795820400.0,nobile_rim_1,279.5,2.25,8.56,326.13,6.95,7.55,False,False,False,Blackout
2026-11-28 00:00:00+00:00,1795824000.0,nobile_rim_1,278.99,2.21,8.56,326.2,6.89,7.56,False,False,False,Blackout
2026-11-28 01:00:00+00:00,1795827600.0,nobile_rim_1,278.49,2.17,8.56,326.26,6.84,7.58,False,False,False,Blackout
2026-11-28 02:00:00+00:00,1795831200.0,nobile_rim_1,277.99,2.13,8.56,326.33,6.78,7.6,False,False,False,Blackout
2026-11-28 03:00:00+00:00,1795834800.0,nobile_rim_1,277.48,2.09,8.56,326.39,6.72,7.62,False,False,False,Blackout
2026-11-28 04:00:00+00:00,1795838400.0,nobile_rim_1,276.98,2.05,8.56,326.46,6.66,7.63,False,False,False,Blackout
2026-11-28 05:00:00+00:00,1795842000.0,nobile_rim_1,276.47,2.01,8.56,326.52,6.6,7.65,False,False,False,Blackout
2026-11-28 06:00:00+00:00,1795845600.0,nobile_rim_1,275.97,1.97,8.56,326.58,6.54,7.67,False,False,False,Blackout
2026-11-28 07:00:00+00:00,1795849200.0,nobile_rim_1,275.46,1.93,8.56,326.65,6.48,7.68,False,False,False,Blackout
2026-11-28 08:00:00+00:00,1795852800.0,nobile_rim_1,274.96,1.89,8.56,326.71,6.42,7.7,False,False,False,Blackout
2026-11-28 09:00:00+00:00,1795856400.0,nobile_rim_1,274.45,1.85,8.56,326.77,6.36,7.71,False,False,False,Blackout
2026-11-28 10:00:00+00:00,1795860000.0,nobile_rim_1,273.95,1.81,8.56,326.83,6.3,7.73,False,False,False,Blackout
2026-11-28 11:00:00+00:00,1795863600.0,nobile_rim_1,273.45,1.77,8.56,326.89,6.24,7.74,False,False,False,Blackout
2026-11-28 12:00:00+00:00,1795867200.0,nobile_rim_1,272.94,1.73,8.56,326.95,6.18,7.76,False,False,False,Blackout
2026-11-28 13:00:00+00:00,1795870800.0,nobile_rim_1,272.44,1.69,8.56,327.01,6.12,7.78,False,False,False,Blackout
2026-11-28 14:00:00+00:00,1795874400.0,nobile_rim_1,271.93,1.65,8.56,327.06,6.06,7.79,False,False,False,Blackout
2026-11-28 15:00:00+00:00,1795878000.0,nobile_rim_1,271.43,1.6,8.56,327.12,6.0,7.81,False,False,False,Blackout
2026-11-28 16:00:00+00:00,1795881600.0,nobile_rim_1,270.92,1.56,8.56,327.18,5.93,7.82,False,False,False,Blackout
2026-11-28 17:00:00+00:00,1795885200.0,nobile_rim_1,270.42,1.52,8.56,327.23,5.87,7.84,False,False,False,Blackout
2026-11-28 18:00:00+00:00,1795888800.0,nobile_rim_1,269.91,1.48,8.58,327.29,5.81,7.85,False,False,False,Blackout
2026-11-28 19:00:00+00:00,1795892400.0,nobile_rim_1,269.41,1.44,8.7,327.34,5.75,7.86,False,False,False,Blackout
2026-11-28 20:00:00+00:00,1795896000.0,nobile_rim_1,268.91,1.4,8.81,327.4,5.68,7.88,False,False,False,Blackout
2026-11-28 21:00:00+00:00,1795899600.0,nobile_rim_1,268.4,1.36,8.93,327.45,5.62,7.89,False,False,False,Blackout
2026-11-28 22:00:00+00:00,1795903200.0,nobile_rim_1,267.9,1.32,9.05,327.5,5.56,7.91,False,False,False,Blackout
2026-11-28 23:00:00+00:00,1795906800.0,nobile_rim_1,267.39,1.28,9.16,327.56,5.49,7.92,False,False,False,Blackout
2026-11-29 00:00:00+00:00,1795910400.0,nobile_rim_1,266.89,1.24,9.28,327.61,5.43,7.93,False,False,False,Blackout
2026-11-29 01:00:00+00:00,1795914000.0,nobile_rim_1,266.38,1.2,9.4,327.66,5.36,7.95,False,False,False,Blackout
2026-11-29 02:00:00+00:00,1795917600.0,nobile_rim_1,265.88,1.16,9.52,327.71,5.3,7.96,False,False,False,Blackout
2026-11-29 03:00:00+00:00,1795921200.0,nobile_rim_1,265.38,1.12,9.63,327.76,5.24,7.97,False,False,False,Blackout
2026-11-29 04:00:00+00:00,1795924800.0,nobile_rim_1,264.87,1.08,9.72,327.8,5.17,7.98,False,False,False,Blackout
2026-11-29 05:00:00+00:00,1795928400.0,nobile_rim_1,264.37,1.04,9.72,327.85,5.11,8.0,False,False,False,Blackout
2026-11-29 06:00:00+00:00,1795932000.0,nobile_rim_1,263.86,1.0,9.72,327.9,5.04,8.01,False,False,False,Blackout
2026-11-29 07:00:00+00:00,1795935600.0,nobile_rim_1,263.36,0.96,9.72,327.95,4.98,8.02,False,False,False,Blackout
2026-11-29 08:00:00+00:00,1795939200.0,nobile_rim_1,262.85,0.92,9.72,327.99,4.91,8.03,False,False,False,Blackout
2026-11-29 09:00:00+00:00,1795942800.0,nobile_rim_1,262.35,0.88,9.72,328.04,4.85,8.05,False,False,False,Blackout
2026-11-29 10:00:00+00:00,1795946400.0,nobile_rim_1,261.84,0.84,9.72,328.08,4.78,8.06,False,False,False,Blackout
2026-11-29 11:00:00+00:00,1795950000.0,nobile_rim_1,261.34,0.8,9.72,328.12,4.72,8.07,False,False,False,Blackout
2026-11-29 12:00:00+00:00,1795953600.0,nobile_rim_1,260.84,0.76,9.72,328.17,4.65,8.08,False,False,False,Blackout
2026-11-29 13:00:00+00:00,1795957200.0,nobile_rim_1,260.33,0.72,9.72,328.21,4.59,8.09,False,False,False,Blackout
2026-11-29 14:00:00+00:00,1795960800.0,nobile_rim_1,259.83,0.68,9.72,328.25,4.52,8.1,False,False,False,Blackout
2026-11-29 15:00:00+00:00,1795964400.0,nobile_rim_1,259.32,0.64,9.72,328.29,4.46,8.11,False,False,False,Blackout
2026-11-29 16:00:00+00:00,1795968000.0,nobile_rim_1,258.82,0.6,9.72,328.33,4.39,8.12,False,False,False,Blackout
2026-11-29 17:00:00+00:00,1795971600.0,nobile_rim_1,258.31,0.56,9.72,328.37,4.32,8.13,False,False,False,Blackout
2026-11-29 18:00:00+00:00,1795975200.0,nobile_rim_1,257.81,0.52,9.72,328.41,4.26,8.14,False,False,False,Blackout
2026-11-29 19:00:00+00:00,1795978800.0,nobile_rim_1,257.3,0.48,9.72,328.45,4.19,8.15,False,False,False,Blackout
2026-11-29 20:00:00+00:00,1795982400.0,nobile_rim_1,256.8,0.44,9.72,328.49,4.13,8.16,False,False,False,Blackout
2026-11-29 21:00:00+00:00,1795986000.0,nobile_rim_1,256.29,0.4,9.72,328.53,4.06,8.17,False,False,False,Blackout
2026-11-29 22:00:00+00:00,1795989600.0,nobile_rim_1,255.79,0.36,9.72,328.56,4.0,8.18,False,False,False,Blackout
2026-11-29 23:00:00+00:00,1795993200.0,nobile_rim_1,255.29,0.32,9.72,328.6,3.93,8.19,False,False,False,Blackout
2026-11-30 00:00:00+00:00,1795996800.0,nobile_rim_1,254.78,0.28,9.72,328.63,3.87,8.2,False,False,False,Blackout
2026-11-30 01:00:00+00:00,1796000400.0,nobile_rim_1,254.28,0.24,9.72,328.67,3.8,8.21,False,False,False,Blackout
2026-11-30 02:00:00+00:00,1796004000.0,nobile_rim_1,253.77,0.2,9.72,328.7,3.73,8.22,False,False,False,Blackout
2026-11-30 03:00:00+00:00,1796007600.0,nobile_rim_1,253.27,0.16,9.72,328.73,3.67,8.23,False,False,False,Blackout
2026-11-30 04:00:00+00:00,1796011200.0,nobile_rim_1,252.76,0.13,9.72,328.77,3.6,8.24,False,False,False,Blackout
2026-11-30 05:00:00+00:00,1796014800.0,nobile_rim_1,252.26,0.09,9.72,328.8,3.54,8.24,False,False,False,Blackout
2026-11-30 06:00:00+00:00,1796018400.0,nobile_rim_1,251.75,0.05,9.72,328.83,3.47,8.25,False,False,False,Blackout
2026-11-30 07:00:00+00:00,1796022000.0,nobile_rim_1,251.25,0.01,9.72,328.86,3.41,8.26,False,False,False,Blackout
2026-11-30 08:00:00+00:00,1796025600.0,nobile_rim_1,250.74,-0.03,9.72,328.89,3.34,8.27,False,False,False,Blackout
2026-11-30 09:00:00+00:00,1796029200.0,nobile_rim_1,250.24,-0.07,9.72,328.92,3.28,8.28,False,False,False,Blackout
2026-11-30 10:00:00+00:00,1796032800.0,nobile_rim_1,249.73,-0.1,9.72,328.95,3.21,8.28,False,False,False,Blackout
2026-11-30 11:00:00+00:00,1796036400.0,nobile_rim_1,249.23,-0.14,9.72,328.97,3.15,8.29,False,False,False,Blackout
2026-11-30 12:00:00+00:00,1796040000.0,nobile_rim_1,248.72,-0.18,9.72,329.0,3.08,8.3,False,False,False,Blackout
2026-11-30 13:00:00+00:00,1796043600.0,nobile_rim_1,248.22,-0.22,9.72,329.03,3.02,8.31,False,False,False,Blackout
2026-11-30 14:00:00+00:00,1796047200.0,nobile_rim_1,247.71,-0.26,9.72,329.05,2.95,8.31,False,False,False,Blackout
2026-11-30 15:00:00+00:00,1796050800.0,nobile_rim_1,247.21,-0.29,9.72,329.08,2.89,8.32,False,False,False,Blackout
2026-11-30 16:00:00+00:00,1796054400.0,nobile_rim_1,246.7,-0.33,9.72,329.1,2.82,8.32,False,False,False,Blackout
2026-11-30 17:00:00+00:00,1796058000.0,nobile_rim_1,246.2,-0.37,9.72,329.13,2.76,8.33,False,False,False,Blackout
2026-11-30 18:00:00+00:00,1796061600.0,nobile_rim_1,245.69,-0.41,9.72,329.15,2.69,8.34,False,False,False,Blackout
2026-11-30 19:00:00+00:00,1796065200.0,nobile_rim_1,245.19,-0.44,9.72,329.17,2.63,8.34,False,False,False,Blackout
2026-11-30 20:00:00+00:00,1796068800.0,nobile_rim_1,244.68,-0.48,9.88,329.19,2.56,8.35,False,False,False,Blackout
2026-11-30 21:00:00+00:00,1796072400.0,nobile_rim_1,244.18,-0.52,10.15,329.22,2.5,8.35,False,False,False,Blackout
2026-11-30 22:00:00+00:00,1796076000.0,nobile_rim_1,243.67,-0.55,10.41,329.24,2.44,8.36,False,False,False,Blackout
2026-11-30 23:00:00+00:00,1796079600.0,nobile_rim_1,243.17,-0.59,10.67,329.25,2.37,8.36,False,False,False,Blackout
2026-11-01 00:00:00+00:00,1793491200.0,faustini_rim_a,200.12,-0.53,5.38,278.83,3.27,2.35,False,True,False,Comm Only
2026-11-01 01:00:00+00:00,1793494800.0,faustini_rim_a,199.62,-0.53,5.38,278.88,3.21,2.35,False,True,False,Comm Only
2026-11-01 02:00:00+00:00,1793498400.0,faustini_rim_a,199.11,-0.54,5.38,278.91,3.15,2.34,False,True,False,Comm Only
2026-11-01 03:00:00+00:00,1793502000.0,faustini_rim_a,198.6,-0.54,5.38,278.95,3.09,2.34,False,True,False,Comm Only
2026-11-01 04:00:00+00:00,1793505600.0,faustini_rim_a,198.1,-0.55,5.38,279.0,3.03,2.34,False,True,False,Comm Only
2026-11-01 05:00:00+00:00,1793509200.0,faustini_rim_a,197.59,-0.55,5.38,279.03,2.97,2.34,False,True,False,Comm Only
2026-11-01 06:00:00+00:00,1793512800.0,faustini_rim_a,197.08,-0.56,5.38,279.07,2.91,2.33,False,True,False,Comm Only
2026-11-01 07:00:00+00:00,1793516400.0,faustini_rim_a,196.58,-0.56,5.38,279.11,2.85,2.33,False,True,False,Comm Only
2026-11-01 08:00:00+00:00,1793520000.0,faustini_rim_a,196.07,-0.57,5.38,279.15,2.79,2.33,False,True,False,Comm Only
2026-11-01 09:00:00+00:00,1793523600.0,faustini_rim_a,195.56,-0.57,5.38,279.18,2.73,2.33,False,True,False,Comm Only
2026-11-01 10:00:00+00:00,1793527200.0,faustini_rim_a,195.06,-0.58,5.38,279.22,2.67,2.33,False,True,False,Comm Only
2026-11-01 11:00:00+00:00,1793530800.0,faustini_rim_a,194.55,-0.58,5.38,279.26,2.61,2.32,False,True,False,Comm Only
2026-11-01 12:00:00+00:00,1793534400.0,faustini_rim_a,194.04,-0.59,5.38,279.29,2.55,2.32,False,True,False,Comm Only
2026-11-01 13:00:00+00:00,1793538000.0,faustini_rim_a,193.53,-0.59,5.38,279.33,2.49,2.32,False,True,False,Comm Only
2026-11-01 14:00:00+00:00,1793541600.0,faustini_rim_a,193.03,-0.59,5.38,279.36,2.43,2.32,False,True,False,Comm Only
2026-11-01 15:00:00+00:00,1793545200.0,faustini_rim_a,192.52,-0.6,5.38,279.4,2.37,2.31,False,True,False,Comm Only
2026-11-01 16:00:00+00:00,1793548800.0,faustini_rim_a,192.01,-0.6,5.38,279.43,2.31,2.31,False,False,False,Blackout
2026-11-01 17:00:00+00:00,1793552400.0,faustini_rim_a,191.51,-0.6,5.38,279.46,2.25,2.31,False,False,False,Blackout
2026-11-01 18:00:00+00:00,1793556000.0,faustini_rim_a,191.0,-0.61,5.38,279.5,2.18,2.31,False,False,False,Blackout
2026-11-01 19:00:00+00:00,1793559600.0,faustini_rim_a,190.49,-0.61,5.38,279.53,2.12,2.31,False,False,False,Blackout
2026-11-01 20:00:00+00:00,1793563200.0,faustini_rim_a,189.99,-0.61,5.38,279.56,2.06,2.31,False,False,False,Blackout
2026-11-01 21:00:00+00:00,1793566800.0,faustini_rim_a,189.48,-0.62,5.38,279.59,2.0,2.3,False,False,False,Blackout
2026-11-01 22:00:00+00:00,1793570400.0,faustini_rim_a,188.97,-0.62,5.38,279.62,1.93,2.3,False,False,False,Blackout
2026-11-01 23:00:00+00:00,1793574000.0,faustini_rim_a,188.47,-0.62,5.38,279.65,1.87,2.3,False,False,False,Blackout
2026-11-02 00:00:00+00:00,1793577600.0,faustini_rim_a,187.96,-0.62,5.38,279.69,1.81,2.3,False,False,False,Blackout
2026-11-02 01:00:00+00:00,1793581200.0,faustini_rim_a,187.45,-0.63,5.38,279.71,1.74,2.3,False,False,False,Blackout
2026-11-02 02:00:00+00:00,1793584800.0,faustini_rim_a,186.94,-0.63,5.38,279.74,1.68,2.29,False,False,False,Blackout
2026-11-02 03:00:00+00:00,1793588400.0,faustini_rim_a,186.44,-0.63,5.38,279.77,1.61,2.29,False,False,False,Blackout
2026-11-02 04:00:00+00:00,1793592000.0,faustini_rim_a,185.93,-0.63,5.38,279.8,1.55,2.29,False,False,False,Blackout
2026-11-02 05:00:00+00:00,1793595600.0,faustini_rim_a,185.42,-0.63,5.38,279.83,1.49,2.29,False,False,False,Blackout
2026-11-02 06:00:00+00:00,1793599200.0,faustini_rim_a,184.91,-0.63,5.38,279.86,1.42,2.29,False,False,False,Blackout
2026-11-02 07:00:00+00:00,1793602800.0,faustini_rim_a,184.41,-0.64,5.38,279.88,1.36,2.29,False,False,False,Blackout
2026-11-02 08:00:00+00:00,1793606400.0,faustini_rim_a,183.9,-0.64,5.38,279.91,1.3,2.29,False,False,False,Blackout
2026-11-02 09:00:00+00:00,1793610000.0,faustini_rim_a,183.39,-0.64,5.38,279.93,1.23,2.28,False,False,False,Blackout
2026-11-02 10:00:00+00:00,1793613600.0,faustini_rim_a,182.89,-0.64,5.38,279.96,1.17,2.28,False,False,False,Blackout
2026-11-02 11:00:00+00:00,1793617200.0,faustini_rim_a,182.38,-0.64,5.38,279.99,1.1,2.28,False,False,False,Blackout
2026-11-02 12:00:00+00:00,1793620800.0,faustini_rim_a,181.87,-0.64,5.38,280.01,1.04,2.28,False,False,False,Blackout
2026-11-02 13:00:00+00:00,1793624400.0,faustini_rim_a,181.36,-0.64,5.38,280.04,0.97,2.28,False,False,False,Blackout
2026-11-02 14:00:00+00:00,1793628000.0,faustini_rim_a,180.86,-0.64,5.38,280.06,0.91,2.27,False,False,False,Blackout
2026-11-02 15:00:00+00:00,1793631600.0,faustini_rim_a,180.35,-0.64,5.38,280.08,0.84,2.27,False,False,False,Blackout
2026-11-02 16:00:00+00:00,1793635200.0,faustini_rim_a,179.84,-0.64,5.38,280.11,0.78,2.27,False,False,False,Blackout
2026-11-02 17:00:00+00:00,1793638800.0,faustini_rim_a,179.34,-0.64,5.39,280.13,0.71,2.27,False,False,False,Blackout
2026-11-02 18:00:00+00:00,1793642400.0,faustini_rim_a,178.83,-0.64,5.41,280.15,0.65,2.26,False,False,False,Blackout
2026-11-02 19:00:00+00:00,1793646000.0,faustini_rim_a,178.32,-0.64,5.42,280.17,0.59,2.26,False,False,False,Blackout
2026-11-02 20:00:00+00:00,1793649600.0,faustini_rim_a,177.81,-0.63,5.43,280.19,0.52,2.26,False,False,False,Blackout
2026-11-02 21:00:00+00:00,1793653200.0,faustini_rim_a,177.31,-0.63,5.44,280.21,0.46,2.25,False,False,False,Blackout
2026-11-02 22:00:00+00:00,1793656800.0,faustini_rim_a,176.8,-0.63,5.45,280.23,0.39,2.25,False,False,False,Blackout
2026-11-02 23:00:00+00:00,1793660400.0,faustini_rim_a,176.29,-0.63,5.46,280.25,0.33,2.25,False,False,False,Blackout
2026-11-03 00:00:00+00:00,1793664000.0,faustini_rim_a,175.78,-0.63,5.47,280.27,0.26,2.25,False,False,False,Blackout
2026-11-03 01:00:00+00:00,1793667600.0,faustini_rim_a,175.28,-0.63,5.48,280.29,0.2,2.25,False,False,False,Blackout
2026-11-03 02:00:00+00:00,1793671200.0,faustini_rim_a,174.77,-0.62,5.5,280.31,0.13,2.24,False,False,False,Blackout
2026-11-03 03:00:00+00:00,1793674800.0,faustini_rim_a,174.26,-0.62,5.53,280.33,0.07,2.24,False,False,False,Blackout
2026-11-03 04:00:00+00:00,1793678400.0,faustini_rim_a,173.75,-0.62,5.55,280.35,0.0,2.24,False,False,False,Blackout
2026-11-03 05:00:00+00:00,1793682000.0,faustini_rim_a,173.25,-0.62,5.57,280.36,-0.06,2.24,False,False,False,Blackout
2026-11-03 06:00:00+00:00,1793685600.0,faustini_rim_a,172.74,-0.61,5.6,280.38,-0.13,2.24,False,False,False,Blackout
2026-11-03 07:00:00+00:00,1793689200.0,faustini_rim_a,172.23,-0.61,5.62,280.4,-0.19,2.23,False,False,False,Blackout
2026-11-03 08:00:00+00:00,1793692800.0,faustini_rim_a,171.72,-0.61,5.65,280.41,-0.26,2.23,False,False,False,Blackout
2026-11-03 09:00:00+00:00,1793696400.0,faustini_rim_a,171.22,-0.6,5.67,280.43,-0.32,2.23,False,False,False,Blackout
2026-11-03 10:00:00+00:00,1793700000.0,faustini_rim_a,170.71,-0.6,5.7,280.44,-0.38,2.23,False,False,False,Blackout
2026-11-03 11:00:00+00:00,1793703600.0,faustini_rim_a,170.2,-0.6,5.72,280.46,-0.45,2.23,False,False,False,Blackout
2026-11-03 12:00:00+00:00,1793707200.0,faustini_rim_a,169.69,-0.59,5.73,280.47,-0.51,2.22,False,False,False,Blackout
2026-11-03 13:00:00+00:00,1793710800.0,faustini_rim_a,169.19,-0.59,5.73,280.49,-0.58,2.22,False,False,False,Blackout
2026-11-03 14:00:00+00:00,1793714400.0,faustini_rim_a,168.68,-0.59,5.73,280.5,-0.64,2.22,False,False,False,Blackout
2026-11-03 15:00:00+00:00,1793718000.0,faustini_rim_a,168.17,-0.58,5.73,280.51,-0.7,2.22,False,False,False,Blackout
2026-11-03 16:00:00+00:00,1793721600.0,faustini_rim_a,167.66,-0.58,5.73,280.53,-0.77,2.22,False,False,False,Blackout
2026-11-03 17:00:00+00:00,1793725200.0,faustini_rim_a,167.16,-0.57,5.73,280.54,-0.83,2.22,False,False,False,Blackout
2026-11-03 18:00:00+00:00,1793728800.0,faustini_rim_a,166.65,-0.57,5.73,280.55,-0.89,2.21,False,False,False,Blackout
2026-11-03 19:00:00+00:00,1793732400.0,faustini_rim_a,166.14,-0.56,5.73,280.57,-0.96,2.21,False,False,False,Blackout
2026-11-03 20:00:00+00:00,1793736000.0,faustini_rim_a,165.63,-0.56,5.73,280.58,-1.02,2.21,False,False,False,Blackout
2026-11-03 21:00:00+00:00,1793739600.0,faustini_rim_a,165.12,-0.55,5.73,280.59,-1.08,2.21,False,False,False,Blackout
2026-11-03 22:00:00+00:00,1793743200.0,faustini_rim_a,164.62,-0.55,5.73,280.6,-1.15,2.21,False,False,False,Blackout
2026-11-03 23:00:00+00:00,1793746800.0,faustini_rim_a,164.11,-0.54,5.74,280.61,-1.21,2.21,False,False,False,Blackout
2026-11-04 00:00:00+00:00,1793750400.0,faustini_rim_a,163.6,-0.54,5.74,280.62,-1.27,2.21,False,False,False,Blackout
2026-11-04 01:00:00+00:00,1793754000.0,faustini_rim_a,163.1,-0.53,5.75,280.63,-1.33,2.21,False,False,False,Blackout
2026-11-04 02:00:00+00:00,1793757600.0,faustini_rim_a,162.59,-0.53,5.75,280.64,-1.4,2.2,False,False,False,Blackout
2026-11-04 03:00:00+00:00,1793761200.0,faustini_rim_a,162.08,-0.52,5.75,280.65,-1.46,2.2,False,False,False,Blackout
2026-11-04 04:00:00+00:00,1793764800.0,faustini_rim_a,161.57,-0.51,5.76,280.65,-1.52,2.2,False,False,False,Blackout
2026-11-04 05:00:00+00:00,1793768400.0,faustini_rim_a,161.06,-0.51,5.76,280.66,-1.58,2.2,False,False,False,Blackout
2026-11-04 06:00:00+00:00,1793772000.0,faustini_rim_a,160.56,-0.5,5.77,280.67,-1.64,2.2,False,False,False,Blackout
2026-11-04 07:00:00+00:00,1793775600.0,faustini_rim_a,160.05,-0.49,5.77,280.68,-1.71,2.2,False,False,False,Blackout
2026-11-04 08:00:00+00:00,1793779200.0,faustini_rim_a,159.54,-0.49,5.77,280.68,-1.77,2.2,False,False,False,Blackout
2026-11-04 09:00:00+00:00,1793782800.0,faustini_rim_a,159.03,-0.48,5.76,280.69,-1.83,2.2,False,False,False,Blackout
2026-11-04 10:00:00+00:00,1793786400.0,faustini_rim_a,158.53,-0.47,5.76,280.7,-1.89,2.2,False,False,False,Blackout
2026-11-04 11:00:00+00:00,1793790000.0,faustini_rim_a,158.02,-0.47,5.75,280.7,-1.95,2.2,False,False,False,Blackout
2026-11-04 12:00:00+00:00,1793793600.0,faustini_rim_a,157.51,-0.46,5.75,280.71,-2.01,2.2,False,False,False,Blackout
2026-11-04 13:00:00+00:00,1793797200.0,faustini_rim_a,157.0,-0.45,5.75,280.71,-2.07,2.2,False,False,False,Blackout
2026-11-04 14:00:00+00:00,1793800800.0,faustini_rim_a,156.5,-0.44,5.74,280.72,-2.13,2.2,False,False,False,Blackout
2026-11-04 15:00:00+00:00,1793804400.0,faustini_rim_a,155.99,-0.43,5.74,280.72,-2.19,2.19,False,False,False,Blackout
2026-11-04 16:00:00+00:00,1793808000.0,faustini_rim_a,155.48,-0.42,5.73,280.73,-2.25,2.19,False,False,False,Blackout
2026-11-04 17:00:00+00:00,1793811600.0,faustini_rim_a,154.97,-0.42,5.73,280.73,-2.31,2.19,False,False,False,Blackout
2026-11-04 18:00:00+00:00,1793815200.0,faustini_rim_a,154.46,-0.41,5.73,280.74,-2.37,2.19,False,False,False,Blackout
2026-11-04 19:00:00+00:00,1793818800.0,faustini_rim_a,153.96,-0.4,5.73,280.74,-2.42,2.19,False,False,False,Blackout
2026-11-04 20:00:00+00:00,1793822400.0,faustini_rim_a,153.45,-0.39,5.73,280.74,-2.48,2.19,False,False,False,Blackout
2026-11-04 21:00:00+00:00,1793826000.0,faustini_rim_a,152.94,-0.38,5.73,280.74,-2.54,2.19,False,False,False,Blackout
2026-11-04 22:00:00+00:00,1793829600.0,faustini_rim_a,152.43,-0.37,5.73,280.75,-2.6,2.19,False,False,False,Blackout
2026-11-04 23:00:00+00:00,1793833200.0,faustini_rim_a,151.93,-0.36,5.73,280.75,-2.66,2.19,False,False,False,Blackout
2026-11-05 00:00:00+00:00,1793836800.0,faustini_rim_a,151.42,-0.35,5.73,280.75,-2.71,2.19,False,False,False,Blackout
2026-11-05 01:00:00+00:00,1793840400.0,faustini_rim_a,150.91,-0.34,5.73,280.75,-2.77,2.19,False,False,False,Blackout
2026-11-05 02:00:00+00:00,1793844000.0,faustini_rim_a,150.4,-0.34,5.73,280.75,-2.83,2.19,False,False,False,Blackout
2026-11-05 03:00:00+00:00,1793847600.0,faustini_rim_a,149.89,-0.33,5.74,280.75,-2.88,2.19,False,False,False,Blackout
2026-11-05 04:00:00+00:00,1793851200.0,faustini_rim_a,149.39,-0.32,5.78,280.75,-2.94,2.19,False,False,False,Blackout
2026-11-05 05:00:00+00:00,1793854800.0,faustini_rim_a,148.88,-0.31,5.82,280.75,-2.99,2.19,False,False,False,Blackout
2026-11-05 06:00:00+00:00,1793858400.0,faustini_rim_a,148.37,-0.3,5.85,280.75,-3.05,2.19,False,False,False,Blackout
2026-11-05 07:00:00+00:00,1793862000.0,faustini_rim_a,147.86,-0.29,5.89,280.75,-3.1,2.19,False,False,False,Blackout
2026-11-05 08:00:00+00:00,1793865600.0,faustini_rim_a,147.36,-0.28,5.93,280.75,-3.16,2.19,False,False,False,Blackout
2026-11-05 09:00:00+00:00,1793869200.0,faustini_rim_a,146.85,-0.26,5.97,280.75,-3.21,2.19,False,False,False,Blackout
2026-11-05 10:00:00+00:00,1793872800.0,faustini_rim_a,146.34,-0.25,6.01,280.75,-3.27,2.19,False,False,False,Blackout
2026-11-05 11:00:00+00:00,1793876400.0,faustini_rim_a,145.83,-0.24,6.05,280.74,-3.32,2.19,False,False,False,Blackout
2026-11-05 12:00:00+00:00,1793880000.0,faustini_rim_a,145.32,-0.23,6.09,280.74,-3.38,2.19,False,False,False,Blackout
2026-11-05 13:00:00+00:00,1793883600.0,faustini_rim_a,144.82,-0.22,6.1,280.74,-3.43,2.19,False,False,False,Blackout
2026-11-05 14:00:00+00:00,1793887200.0,faustini_rim_a,144.31,-0.21,6.06,280.74,-3.48,2.19,False,False,False,Blackout
2026-11-05 15:00:00+00:00,1793890800.0,faustini_rim_a,143.8,-0.2,6.02,280.73,-3.53,2.19,False,False,False,Blackout
2026-11-05 16:00:00+00:00,1793894400.0,faustini_rim_a,143.29,-0.19,5.98,280.73,-3.58,2.19,False,False,False,Blackout
2026-11-05 17:00:00+00:00,1793898000.0,faustini_rim_a,142.78,-0.17,5.94,280.72,-3.64,2.19,False,False,False,Blackout
2026-11-05 18:00:00+00:00,1793901600.0,faustini_rim_a,142.28,-0.16,5.9,280.72,-3.69,2.2,False,False,False,Blackout
2026-11-05 19:00:00+00:00,1793905200.0,faustini_rim_a,141.77,-0.15,5.86,280.71,-3.74,2.2,False,False,False,Blackout
2026-11-05 20:00:00+00:00,1793908800.0,faustini_rim_a,141.26,-0.14,5.83,280.71,-3.79,2.2,False,False,False,Blackout
2026-11-05 21:00:00+00:00,1793912400.0,faustini_rim_a,140.75,-0.13,5.79,280.7,-3.84,2.2,False,False,False,Blackout
2026-11-05 22:00:00+00:00,1793916000.0,faustini_rim_a,140.25,-0.11,5.75,280.7,-3.89,2.2,False,False,False,Blackout
2026-11-05 23:00:00+00:00,1793919600.0,faustini_rim_a,139.74,-0.1,5.75,280.69,-3.94,2.2,False,False,False,Blackout
2026-11-06 00:00:00+00:00,1793923200.0,faustini_rim_a,139.23,-0.09,5.79,280.69,-3.99,2.2,False,False,False,Blackout
2026-11-06 01:00:00+00:00,1793926800.0,faustini_rim_a,138.72,-0.08,5.82,280.68,-4.04,2.2,False,False,False,Blackout
2026-11-06 02:00:00+00:00,1793930400.0,faustini_rim_a,138.21,-0.06,5.86,280.67,-4.08,2.2,False,False,False,Blackout
2026-11-06 03:00:00+00:00,1793934000.0,faustini_rim_a,137.71,-0.05,5.9,280.67,-4.13,2.2,False,False,False,Blackout
2026-11-06 04:00:00+00:00,1793937600.0,faustini_rim_a,137.2,-0.04,5.93,280.66,-4.18,2.2,False,False,False,Blackout
2026-11-06 05:00:00+00:00,1793941200.0,faustini_rim_a,136.69,-0.02,5.97,280.65,-4.23,2.2,False,False,False,Blackout
2026-11-06 06:00:00+00:00,1793944800.0,faustini_rim_a,136.18,-0.01,6.0,280.64,-4.27,2.2,False,False,False,Blackout
2026-11-06 07:00:00+00:00,1793948400.0,faustini_rim_a,135.67,0.0,6.04,280.64,-4.32,2.2,False,False,False,Blackout
2026-11-06 08:00:00+00:00,1793952000.0,faustini_rim_a,135.17,0.02,6.08,280.63,-4.36,2.21,False,False,False,Blackout
2026-11-06 09:00:00+00:00,1793955600.0,faustini_rim_a,134.66,0.03,6.13,280.62,-4.41,2.21,False,False,False,Blackout
2026-11-06 10:00:00+00:00,1793959200.0,faustini_rim_a,134.15,0.04,6.19,280.61,-4.46,2.21,False,False,False,Blackout
2026-11-06 11:00:00+00:00,1793962800.0,faustini_rim_a,133.64,0.06,6.25,280.6,-4.5,2.21,False,False,False,Blackout
2026-11-06 12:00:00+00:00,1793966400.0,faustini_rim_a,133.13,0.07,6.31,280.59,-4.54,2.21,False,False,False,Blackout
2026-11-06 13:00:00+00:00,1793970000.0,faustini_rim_a,132.63,0.09,6.37,280.58,-4.59,2.21,False,False,False,Blackout
2026-11-06 14:00:00+00:00,1793973600.0,faustini_rim_a,132.12,0.1,6.44,280.57,-4.63,2.21,False,False,False,Blackout
2026-11-06 15:00:00+00:00,1793977200.0,faustini_rim_a,131.61,0.11,6.5,280.56,-4.67,2.21,False,False,False,Blackout
2026-11-06 16:00:00+00:00,1793980800.0,faustini_rim_a,131.1,0.13,6.56,280.55,-4.71,2.22,False,False,False,Blackout
2026-11-06 17:00:00+00:00,1793984400.0,faustini_rim_a,130.6,0.14,6.62,280.54,-4.76,2.22,False,False,False,Blackout
2026-11-06 18:00:00+00:00,1793988000.0,faustini_rim_a,130.09,0.16,6.68,280.52,-4.8,2.22,False,False,False,Blackout
2026-11-06 19:00:00+00:00,1793991600.0,faustini_rim_a,129.58,0.17,6.74,280.51,-4.84,2.22,False,False,False,Blackout
2026-11-06 20:00:00+00:00,1793995200.0,faustini_rim_a,129.07,0.19,6.81,280.5,-4.88,2.22,False,False,False,Blackout
2026-11-06 21:00:00+00:00,1793998800.0,faustini_rim_a,128.56,0.2,6.87,280.49,-4.92,2.22,False,False,False,Blackout
2026-11-06 22:00:00+00:00,1794002400.0,faustini_rim_a,128.06,0.22,6.93,280.48,-4.96,2.22,False,False,False,Blackout
2026-11-06 23:00:00+00:00,1794006000.0,faustini_rim_a,127.55,0.23,6.99,280.46,-5.0,2.23,False,False,False,Blackout
2026-11-07 00:00:00+00:00,1794009600.0,faustini_rim_a,127.04,0.25,7.06,280.45,-5.04,2.23,False,False,False,Blackout
2026-11-07 01:00:00+00:00,1794013200.0,faustini_rim_a,126.53,0.26,7.12,280.44,-5.08,2.23,False,False,False,Blackout
2026-11-07 02:00:00+00:00,1794016800.0,faustini_rim_a,126.02,0.28,7.18,280.42,-5.11,2.23,False,False,False,Blackout
2026-11-07 03:00:00+00:00,1794020400.0,faustini_rim_a,125.51,0.29,7.25,280.41,-5.15,2.23,False,False,False,Blackout
2026-11-07 04:00:00+00:00,1794024000.0,faustini_rim_a,125.01,0.31,7.31,280.39,-5.19,2.23,False,False,False,Blackout
2026-11-07 05:00:00+00:00,1794027600.0,faustini_rim_a,124.5,0.33,7.38,280.38,-5.22,2.24,False,False,False,Blackout
2026-11-07 06:00:00+00:00,1794031200.0,faustini_rim_a,123.99,0.34,7.44,280.36,-5.26,2.24,False,False,False,Blackout
2026-11-07 07:00:00+00:00,1794034800.0,faustini_rim_a,123.48,0.36,7.51,280.35,-5.29,2.24,False,False,False,Blackout
2026-11-07 08:00:00+00:00,1794038400.0,faustini_rim_a,122.98,0.37,7.57,280.33,-5.33,2.24,False,False,False,Blackout
2026-11-07 09:00:00+00:00,1794042000.0,faustini_rim_a,122.47,0.39,7.64,280.32,-5.36,2.24,False,False,False,Blackout
2026-11-07 10:00:00+00:00,1794045600.0,faustini_rim_a,121.96,0.41,7.71,280.3,-5.4,2.24,False,False,False,Blackout
2026-11-07 11:00:00+00:00,1794049200.0,faustini_rim_a,121.45,0.42,7.77,280.28,-5.43,2.25,False,False,False,Blackout
2026-11-07 12:00:00+00:00,1794052800.0,faustini_rim_a,120.94,0.44,7.84,280.27,-5.46,2.25,False,False,False,Blackout
2026-11-07 13:00:00+00:00,1794056400.0,faustini_rim_a,120.44,0.46,7.9,280.25,-5.5,2.25,False,False,False,Blackout
2026-11-07 14:00:00+00:00,1794060000.0,faustini_rim_a,119.93,0.47,7.97,280.23,-5.53,2.25,False,False,False,Blackout
2026-11-07 15:00:00+00:00,1794063600.0,faustini_rim_a,119.42,0.49,8.01,280.21,-5.56,2.25,False,False,False,Blackout
2026-11-07 16:00:00+00:00,1794067200.0,faustini_rim_a,118.91,0.51,8.05,280.19,-5.59,2.26,False,False,False,Blackout
2026-11-07 17:00:00+00:00,1794070800.0,faustini_rim_a,118.4,0.52,8.09,280.18,-5.62,2.26,False,False,False,Blackout
2026-11-07 18:00:00+00:00,1794074400.0,faustini_rim_a,117.9,0.54,8.13,280.16,-5.65,2.26,False,False,False,Blackout
2026-11-07 19:00:00+00:00,1794078000.0,faustini_rim_a,117.39,0.56,8.17,280.14,-5.68,2.26,False,False,False,Blackout
2026-11-07 20:00:00+00:00,1794081600.0,faustini_rim_a,116.88,0.57,8.22,280.12,-5.71,2.27,False,False,False,Blackout
2026-11-07 21:00:00+00:00,1794085200.0,faustini_rim_a,116.37,0.59,8.26,280.1,-5.74,2.27,False,False,False,Blackout
2026-11-07 22:00:00+00:00,1794088800.0,faustini_rim_a,115.86,0.61,8.3,280.08,-5.77,2.27,False,False,False,Blackout
2026-11-07 23:00:00+00:00,1794092400.0,faustini_rim_a,115.36,0.62,8.34,280.06,-5.79,2.27,False,False,False,Blackout
2026-11-08 00:00:00+00:00,1794096000.0,faustini_rim_a,114.85,0.64,8.39,280.04,-5.82,2.28,False,False,False,Blackout
2026-11-08 01:00:00+00:00,1794099600.0,faustini_rim_a,114.34,0.66,8.45,280.02,-5.85,2.28,False,False,False,Blackout
2026-11-08 02:00:00+00:00,1794103200.0,faustini_rim_a,113.83,0.68,8.52,280.0,-5.87,2.28,False,False,False,Blackout
2026-11-08 03:00:00+00:00,1794106800.0,faustini_rim_a,113.32,0.69,8.58,279.97,-5.9,2.28,False,False,False,Blackout
2026-11-08 04:00:00+00:00,1794110400.0,faustini_rim_a,112.82,0.71,8.65,279.95,-5.92,2.28,False,False,False,Blackout
2026-11-08 05:00:00+00:00,1794114000.0,faustini_rim_a,112.31,0.73,8.71,279.93,-5.95,2.28,False,False,False,Blackout
2026-11-08 06:00:00+00:00,1794117600.0,faustini_rim_a,111.8,0.75,8.78,279.91,-5.97,2.29,False,False,False,Blackout
2026-11-08 07:00:00+00:00,1794121200.0,faustini_rim_a,111.29,0.77,8.84,279.88,-5.99,2.29,False,False,False,Blackout
2026-11-08 08:00:00+00:00,1794124800.0,faustini_rim_a,110.78,0.78,8.91,279.86,-6.02,2.29,False,False,False,Blackout
2026-11-08 09:00:00+00:00,1794128400.0,faustini_rim_a,110.28,0.8,8.97,279.84,-6.04,2.29,False,False,False,Blackout
2026-11-08 10:00:00+00:00,1794132000.0,faustini_rim_a,109.77,0.82,8.99,279.82,-6.06,2.29,False,False,False,Blackout
2026-11-08 11:00:00+00:00,1794135600.0,faustini_rim_a,109.26,0.84,8.96,279.79,-6.08,2.29,False,False,False,Blackout
2026-11-08 12:00:00+00:00,1794139200.0,faustini_rim_a,108.75,0.86,8.93,279.77,-6.1,2.29,False,False,False,Blackout
2026-11-08 13:00:00+00:00,1794142800.0,faustini_rim_a,108.24,0.87,8.89,279.74,-6.12,2.29,False,False,False,Blackout
2026-11-08 14:00:00+00:00,1794146400.0,faustini_rim_a,107.74,0.89,8.86,279.72,-6.14,2.3,False,False,False,Blackout
2026-11-08 15:00:00+00:00,1794150000.0,faustini_rim_a,107.23,0.91,8.82,279.69,-6.16,2.3,False,False,False,Blackout
2026-11-08 16:00:00+00:00,1794153600.0,faustini_rim_a,106.72,0.93,8.79,279.67,-6.18,2.3,False,False,False,Blackout
2026-11-08 17:00:00+00:00,1794157200.0,faustini_rim_a,106.21,0.95,8.75,279.64,-6.2,2.3,False,False,False,Blackout
2026-11-08 18:00:00+00:00,1794160800.0,faustini_rim_a,105.7,0.96,8.72,279.61,-6.22,2.3,False,False,False,Blackout
2026-11-08 19:00:00+00:00,1794164400.0,faustini_rim_a,105.2,0.98,8.68,279.59,-6.23,2.3,False,False,False,Blackout
2026-11-08 20:00:00+00:00,1794168000.0,faustini_rim_a,104.69,1.0,8.63,279.56,-6.25,2.31,False,False,False,Blackout
2026-11-08 21:00:00+00:00,1794171600.0,faustini_rim_a,104.18,1.02,8.57,279.53,-6.27,2.31,False,False,False,Blackout
2026-11-08 22:00:00+00:00,1794175200.0,faustini_rim_a,103.67,1.04,8.51,279.51,-6.28,2.31,False,False,False,Blackout
2026-11-08 23:00:00+00:00,1794178800.0,faustini_rim_a,103.16,1.06,8.44,279.48,-6.3,2.31,False,False,False,Blackout
2026-11-09 00:00:00+00:00,1794182400.0,faustini_rim_a,102.66,1.08,8.38,279.45,-6.31,2.31,False,False,False,Blackout
2026-11-09 01:00:00+00:00,1794186000.0,faustini_rim_a,102.15,1.09,8.32,279.42,-6.33,2.31,False,False,False,Blackout
2026-11-09 02:00:00+00:00,1794189600.0,faustini_rim_a,101.64,1.11,8.25,279.39,-6.34,2.32,False,False,False,Blackout
2026-11-09 03:00:00+00:00,1794193200.0,faustini_rim_a,101.13,1.13,8.19,279.36,-6.35,2.32,False,False,False,Blackout
2026-11-09 04:00:00+00:00,1794196800.0,faustini_rim_a,100.62,1.15,8.13,279.33,-6.36,2.32,False,False,False,Blackout
2026-11-09 05:00:00+00:00,1794200400.0,faustini_rim_a,100.12,1.17,8.06,279.3,-6.38,2.32,False,False,False,Blackout
2026-11-09 06:00:00+00:00,1794204000.0,faustini_rim_a,99.61,1.19,8.04,279.27,-6.39,2.32,False,False,False,Blackout
2026-11-09 07:00:00+00:00,1794207600.0,faustini_rim_a,99.1,1.21,8.02,279.24,-6.4,2.32,False,False,False,Blackout
2026-11-09 08:00:00+00:00,1794211200.0,faustini_rim_a,98.59,1.23,8.0,279.21,-6.41,2.33,False,False,False,Blackout
2026-11-09 09:00:00+00:00,1794214800.0,faustini_rim_a,98.08,1.24,7.98,279.18,-6.42,2.33,False,False,False,Blackout
2026-11-09 10:00:00+00:00,1794218400.0,faustini_rim_a,97.57,1.26,7.96,279.15,-6.43,2.33,False,False,False,Blackout
2026-11-09 11:00:00+00:00,1794222000.0,faustini_rim_a,97.07,1.28,7.94,279.12,-6.43,2.33,False,False,False,Blackout
2026-11-09 12:00:00+00:00,1794225600.0,faustini_rim_a,96.56,1.3,7.93,279.09,-6.44,2.33,False,False,False,Blackout
2026-11-09 13:00:00+00:00,1794229200.0,faustini_rim_a,96.05,1.32,7.91,279.06,-6.45,2.33,False,False,False,Blackout
2026-11-09 14:00:00+00:00,1794232800.0,faustini_rim_a,95.54,1.34,7.89,279.02,-6.46,2.34,False,False,False,Blackout
2026-11-09 15:00:00+00:00,1794236400.0,faustini_rim_a,95.04,1.36,7.87,278.99,-6.46,2.34,False,False,False,Blackout
2026-11-09 16:00:00+00:00,1794240000.0,faustini_rim_a,94.53,1.38,7.83,278.96,-6.47,2.34,False,False,False,Blackout
2026-11-09 17:00:00+00:00,1794243600.0,faustini_rim_a,94.02,1.4,7.8,278.92,-6.48,2.34,False,False,False,Blackout
2026-11-09 18:00:00+00:00,1794247200.0,faustini_rim_a,93.51,1.41,7.76,278.89,-6.48,2.34,False,False,False,Blackout
2026-11-09 19:00:00+00:00,1794250800.0,faustini_rim_a,93.0,1.43,7.72,278.86,-6.49,2.35,False,False,False,Blackout
2026-11-09 20:00:00+00:00,1794254400.0,faustini_rim_a,92.5,1.45,7.68,278.82,-6.49,2.35,False,False,False,Blackout
2026-11-09 21:00:00+00:00,1794258000.0,faustini_rim_a,91.99,1.47,7.64,278.79,-6.49,2.35,False,False,False,Blackout
2026-11-09 22:00:00+00:00,1794261600.0,faustini_rim_a,91.48,1.49,7.6,278.75,-6.5,2.35,False,False,False,Blackout
2026-11-09 23:00:00+00:00,1794265200.0,faustini_rim_a,90.97,1.51,7.56,278.71,-6.5,2.35,False,False,False,Blackout
2026-11-10 00:00:00+00:00,1794268800.0,faustini_rim_a,90.46,1.53,7.53,278.68,-6.5,2.36,False,False,False,Blackout
2026-11-10 01:00:00+00:00,1794272400.0,faustini_rim_a,89.95,1.55,7.48,278.64,-6.5,2.36,False,False,False,Blackout
2026-11-10 02:00:00+00:00,1794276000.0,faustini_rim_a,89.45,1.57,7.4,278.61,-6.5,2.36,False,False,False,Blackout
2026-11-10 03:00:00+00:00,1794279600.0,faustini_rim_a,88.94,1.58,7.32,278.57,-6.5,2.36,False,False,False,Blackout
2026-11-10 04:00:00+00:00,1794283200.0,faustini_rim_a,88.43,1.6,7.25,278.53,-6.5,2.37,False,False,False,Blackout
2026-11-10 05:00:00+00:00,1794286800.0,faustini_rim_a,87.92,1.62,7.17,278.5,-6.5,2.37,False,False,False,Blackout
2026-11-10 06:00:00+00:00,1794290400.0,faustini_rim_a,87.41,1.64,7.09,278.46,-6.5,2.37,False,False,False,Blackout
2026-11-10 07:00:00+00:00,1794294000.0,faustini_rim_a,86.91,1.66,7.01,278.42,-6.5,2.37,False,False,False,Blackout
2026-11-10 08:00:00+00:00,1794297600.0,faustini_rim_a,86.4,1.68,6.93,278.38,-6.5,2.37,False,False,False,Blackout
2026-11-10 09:00:00+00:00,1794301200.0,faustini_rim_a,85.89,1.7,6.85,278.34,-6.49,2.38,False,False,False,Blackout
2026-11-10 10:00:00+00:00,1794304800.0,faustini_rim_a,85.38,1.72,6.77,278.3,-6.49,2.38,False,False,False,Blackout
2026-11-10 11:00:00+00:00,1794308400.0,faustini_rim_a,84.87,1.74,6.69,278.26,-6.49,2.38,False,False,False,Blackout
2026-11-10 12:00:00+00:00,1794312000.0,faustini_rim_a,84.37,1.75,6.6,278.22,-6.48,2.38,False,False,False,Blackout
2026-11-10 13:00:00+00:00,1794315600.0,faustini_rim_a,83.86,1.77,6.52,278.18,-6.48,2.39,False,False,False,Blackout
2026-11-10 14:00:00+00:00,1794319200.0,faustini_rim_a,83.35,1.79,6.44,278.14,-6.47,2.39,False,False,False,Blackout
2026-11-10 15:00:00+00:00,1794322800.0,faustini_rim_a,82.84,1.81,6.35,278.1,-6.47,2.39,False,False,False,Blackout
2026-11-10 16:00:00+00:00,1794326400.0,faustini_rim_a,82.33,1.83,6.27,278.06,-6.46,2.39,False,False,False,Blackout
2026-11-10 17:00:00+00:00,1794330000.0,faustini_rim_a,81.82,1.85,6.18,278.02,-6.45,2.39,False,False,False,Blackout
2026-11-10 18:00:00+00:00,1794333600.0,faustini_rim_a,81.32,1.87,6.1,277.98,-6.45,2.4,False,False,False,Blackout
2026-11-10 19:00:00+00:00,1794337200.0,faustini_rim_a,80.81,1.89,6.01,277.94,-6.44,2.4,False,False,False,Blackout
2026-11-10 20:00:00+00:00,1794340800.0,faustini_rim_a,80.3,1.91,5.93,277.9,-6.43,2.4,False,False,False,Blackout
2026-11-10 21:00:00+00:00,1794344400.0,faustini_rim_a,79.79,1.92,5.84,277.85,-6.42,2.4,False,False,False,Blackout
2026-11-10 22:00:00+00:00,1794348000.0,faustini_rim_a,79.28,1.94,5.74,277.81,-6.41,2.41,False,False,False,Blackout
2026-11-10 23:00:00+00:00,1794351600.0,faustini_rim_a,78.78,1.96,5.64,277.77,-6.4,2.41,False,False,False,Blackout
2026-11-11 00:00:00+00:00,1794355200.0,faustini_rim_a,78.27,1.98,5.53,277.72,-6.39,2.41,False,False,False,Blackout
2026-11-11 01:00:00+00:00,1794358800.0,faustini_rim_a,77.76,2.0,5.43,277.68,-6.38,2.41,False,False,False,Blackout
2026-11-11 02:00:00+00:00,1794362400.0,faustini_rim_a,77.25,2.02,5.33,277.64,-6.37,2.42,False,False,False,Blackout
2026-11-11 03:00:00+00:00,1794366000.0,faustini_rim_a,76.74,2.04,5.23,277.59,-6.36,2.42,False,False,False,Blackout
2026-11-11 04:00:00+00:00,1794369600.0,faustini_rim_a,76.24,2.05,5.13,277.55,-6.35,2.42,False,False,False,Blackout
2026-11-11 05:00:00+00:00,1794373200.0,faustini_rim_a,75.73,2.07,5.03,277.5,-6.33,2.42,False,False,False,Blackout
2026-11-11 06:00:00+00:00,1794376800.0,faustini_rim_a,75.22,2.09,4.92,277.46,-6.32,2.43,False,False,False,Blackout
2026-11-11 07:00:00+00:00,1794380400.0,faustini_rim_a,74.71,2.11,4.82,277.41,-6.31,2.43,False,False,False,Blackout
2026-11-11 08:00:00+00:00,1794384000.0,faustini_rim_a,74.2,2.13,4.72,277.37,-6.29,2.43,False,False,False,Blackout
2026-11-11 09:00:00+00:00,1794387600.0,faustini_rim_a,73.69,2.15,4.62,277.32,-6.28,2.44,False,False,False,Blackout
2026-11-11 10:00:00+00:00,1794391200.0,faustini_rim_a,73.19,2.16,4.51,277.27,-6.26,2.44,False,False,False,Blackout
2026-11-11 11:00:00+00:00,1794394800.0,faustini_rim_a,72.68,2.18,4.41,277.23,-6.25,2.44,False,False,False,Blackout
2026-11-11 12:00:00+00:00,1794398400.0,faustini_rim_a,72.17,2.2,4.31,277.18,-6.23,2.44,False,False,False,Blackout
2026-11-11 13:00:00+00:00,1794402000.0,faustini_rim_a,71.66,2.22,4.21,277.13,-6.21,2.45,False,False,False,Blackout
2026-11-11 14:00:00+00:00,1794405600.0,faustini_rim_a,71.15,2.23,4.1,277.09,-6.2,2.45,False,False,False,Blackout
2026-11-11 15:00:00+00:00,1794409200.0,faustini_rim_a,70.64,2.25,4.0,277.04,-6.18,2.45,False,False,False,Blackout
2026-11-11 16:00:00+00:00,1794412800.0,faustini_rim_a,70.14,2.27,3.9,276.99,-6.16,2.45,False,False,False,Blackout
2026-11-11 17:00:00+00:00,1794416400.0,faustini_rim_a,69.63,2.29,3.82,276.94,-6.14,2.46,False,False,False,Blackout
2026-11-11 18:00:00+00:00,1794420000.0,faustini_rim_a,69.12,2.31,3.76,276.89,-6.13,2.46,False,False,False,Blackout
2026-11-11 19:00:00+00:00,1794423600.0,faustini_rim_a,68.61,2.32,3.69,276.84,-6.11,2.46,False,False,False,Blackout
2026-11-11 20:00:00+00:00,1794427200.0,faustini_rim_a,68.1,2.34,3.62,276.8,-6.09,2.47,False,False,False,Blackout
2026-11-11 21:00:00+00:00,1794430800.0,faustini_rim_a,67.6,2.36,3.56,276.75,-6.07,2.47,False,False,False,Blackout
2026-11-11 22:00:00+00:00,1794434400.0,faustini_rim_a,67.09,2.38,3.49,276.69,-6.05,2.47,False,False,False,Blackout
2026-11-11 23:00:00+00:00,1794438000.0,faustini_rim_a,66.58,2.39,3.43,276.64,-6.03,2.47,False,False,False,Blackout
2026-11-12 00:00:00+00:00,1794441600.0,faustini_rim_a,66.07,2.41,3.36,276.6,-6.0,2.48,False,False,False,Blackout
2026-11-12 01:00:00+00:00,1794445200.0,faustini_rim_a,65.56,2.43,3.29,276.55,-5.98,2.48,False,False,False,Blackout
2026-11-12 02:00:00+00:00,1794448800.0,faustini_rim_a,65.06,2.44,3.23,276.49,-5.96,2.48,False,False,False,Blackout
2026-11-12 03:00:00+00:00,1794452400.0,faustini_rim_a,64.55,2.46,3.07,276.44,-5.94,2.49,False,False,False,Blackout
2026-11-12 04:00:00+00:00,1794456000.0,faustini_rim_a,64.04,2.48,2.9,276.39,-5.92,2.49,False,False,False,Blackout
2026-11-12 05:00:00+00:00,1794459600.0,faustini_rim_a,63.53,2.5,2.73,276.34,-5.89,2.49,False,False,False,Blackout
2026-11-12 06:00:00+00:00,1794463200.0,faustini_rim_a,63.02,2.51,2.56,276.29,-5.87,2.5,False,False,False,Blackout
2026-11-12 07:00:00+00:00,1794466800.0,faustini_rim_a,62.51,2.53,2.39,276.24,-5.84,2.5,True,False,False,Sun Only
2026-11-12 08:00:00+00:00,1794470400.0,faustini_rim_a,62.01,2.55,2.22,276.18,-5.82,2.5,True,False,False,Sun Only
2026-11-12 09:00:00+00:00,1794474000.0,faustini_rim_a,61.5,2.56,2.05,276.13,-5.79,2.5,True,False,False,Sun Only
2026-11-12 10:00:00+00:00,1794477600.0,faustini_rim_a,60.99,2.58,1.88,276.08,-5.77,2.51,True,False,False,Sun Only
2026-11-12 11:00:00+00:00,1794481200.0,faustini_rim_a,60.48,2.6,1.71,276.03,-5.74,2.51,True,False,False,Sun Only
2026-11-12 12:00:00+00:00,1794484800.0,faustini_rim_a,59.97,2.61,1.55,275.97,-5.71,2.51,True,False,False,Sun Only
2026-11-12 13:00:00+00:00,1794488400.0,faustini_rim_a,59.47,2.63,1.47,275.92,-5.69,2.52,True,False,False,Sun Only
2026-11-12 14:00:00+00:00,1794492000.0,faustini_rim_a,58.96,2.64,1.39,275.87,-5.66,2.52,True,False,False,Sun Only
2026-11-12 15:00:00+00:00,1794495600.0,faustini_rim_a,58.45,2.66,1.31,275.81,-5.63,2.52,True,False,False,Sun Only
2026-11-12 16:00:00+00:00,1794499200.0,faustini_rim_a,57.94,2.68,1.24,275.76,-5.61,2.53,True,False,False,Sun Only
2026-11-12 17:00:00+00:00,1794502800.0,faustini_rim_a,57.43,2.69,1.16,275.7,-5.58,2.53,True,False,False,Sun Only
2026-11-12 18:00:00+00:00,1794506400.0,faustini_rim_a,56.92,2.71,1.08,275.65,-5.55,2.53,True,False,False,Sun Only
2026-11-12 19:00:00+00:00,1794510000.0,faustini_rim_a,56.42,2.72,1.01,275.59,-5.52,2.54,True,False,False,Sun Only
2026-11-12 20:00:00+00:00,1794513600.0,faustini_rim_a,55.91,2.74,0.93,275.54,-5.49,2.54,True,False,False,Sun Only
2026-11-12 21:00:00+00:00,1794517200.0,faustini_rim_a,55.4,2.75,0.85,275.48,-5.46,2.54,True,False,False,Sun Only
2026-11-12 22:00:00+00:00,1794520800.0,faustini_rim_a,54.89,2.77,0.77,275.43,-5.43,2.55,True,False,False,Sun Only
2026-11-12 23:00:00+00:00,1794524400.0,faustini_rim_a,54.38,2.79,0.69,275.37,-5.4,2.55,True,False,False,Sun Only
2026-11-13 00:00:00+00:00,1794528000.0,faustini_rim_a,53.87,2.8,0.61,275.32,-5.37,2.55,True,False,False,Sun Only
2026-11-13 01:00:00+00:00,1794531600.0,faustini_rim_a,53.37,2.82,0.53,275.26,-5.33,2.55,True,False,False,Sun Only
2026-11-13 02:00:00+00:00,1794535200.0,faustini_rim_a,52.86,2.83,0.45,275.2,-5.3,2.56,True,False,False,Sun Only
2026-11-13 03:00:00+00:00,1794538800.0,faustini_rim_a,52.35,2.85,0.37,275.15,-5.27,2.56,True,False,False,Sun Only
2026-11-13 04:00:00+00:00,1794542400.0,faustini_rim_a,51.84,2.86,0.29,275.09,-5.24,2.56,True,False,False,Sun Only
2026-11-13 05:00:00+00:00,1794546000.0,faustini_rim_a,51.33,2.88,0.21,275.04,-5.2,2.57,True,False,False,Sun Only
2026-11-13 06:00:00+00:00,1794549600.0,faustini_rim_a,50.82,2.89,0.13,274.98,-5.17,2.57,True,False,False,Sun Only
2026-11-13 07:00:00+00:00,1794553200.0,faustini_rim_a,50.32,2.9,0.05,274.92,-5.14,2.57,True,False,False,Sun Only
2026-11-13 08:00:00+00:00,1794556800.0,faustini_rim_a,49.81,2.92,0.0,274.87,-5.1,2.58,True,False,False,Sun Only
2026-11-13 09:00:00+00:00,1794560400.0,faustini_rim_a,49.3,2.93,0.0,274.81,-5.07,2.58,True,False,False,Sun Only
2026-11-13 10:00:00+00:00,1794564000.0,faustini_rim_a,48.79,2.95,0.0,274.75,-5.03,2.58,True,False,False,Sun Only
2026-11-13 11:00:00+00:00,1794567600.0,faustini_rim_a,48.28,2.96,0.0,274.69,-5.0,2.58,True,False,False,Sun Only
2026-11-13 12:00:00+00:00,1794571200.0,faustini_rim_a,47.77,2.98,0.0,274.63,-4.96,2.58,True,False,False,Sun Only
2026-11-13 13:00:00+00:00,1794574800.0,faustini_rim_a,47.27,2.99,0.0,274.58,-4.93,2.59,True,False,False,Sun Only
2026-11-13 14:00:00+00:00,1794578400.0,faustini_rim_a,46.76,3.0,0.0,274.52,-4.89,2.59,True,False,False,Sun Only
2026-11-13 15:00:00+00:00,1794582000.0,faustini_rim_a,46.25,3.02,0.0,274.46,-4.85,2.59,True,False,False,Sun Only
2026-11-13 16:00:00+00:00,1794585600.0,faustini_rim_a,45.74,3.03,0.0,274.4,-4.82,2.59,True,False,False,Sun Only
2026-11-13 17:00:00+00:00,1794589200.0,faustini_rim_a,45.23,3.04,0.0,274.34,-4.78,2.6,True,False,False,Sun Only
2026-11-13 18:00:00+00:00,1794592800.0,faustini_rim_a,44.73,3.06,0.0,274.29,-4.74,2.6,True,False,False,Sun Only
2026-11-13 19:00:00+00:00,1794596400.0,faustini_rim_a,44.22,3.07,0.0,274.23,-4.7,2.6,True,False,False,Sun Only
2026-11-13 20:00:00+00:00,1794600000.0,faustini_rim_a,43.71,3.08,0.0,274.17,-4.66,2.6,True,False,False,Sun Only
2026-11-13 21:00:00+00:00,1794603600.0,faustini_rim_a,43.2,3.1,0.0,274.11,-4.62,2.61,True,False,False,Sun Only
2026-11-13 22:00:00+00:00,1794607200.0,faustini_rim_a,42.69,3.11,0.0,274.05,-4.59,2.61,True,False,False,Sun Only
2026-11-13 23:00:00+00:00,1794610800.0,faustini_rim_a,42.18,3.12,0.0,273.99,-4.55,2.61,True,False,False,Sun Only
2026-11-14 00:00:00+00:00,1794614400.0,faustini_rim_a,41.68,3.13,0.0,273.93,-4.51,2.61,True,False,False,Sun Only
2026-11-14 01:00:00+00:00,1794618000.0,faustini_rim_a,41.17,3.15,0.0,273.87,-4.47,2.62,True,False,False,Sun Only
2026-11-14 02:00:00+00:00,1794621600.0,faustini_rim_a,40.66,3.16,0.0,273.81,-4.43,2.62,True,False,False,Sun Only
2026-11-14 03:00:00+00:00,1794625200.0,faustini_rim_a,40.15,3.17,0.0,273.75,-4.39,2.62,True,False,False,Sun Only
2026-11-14 04:00:00+00:00,1794628800.0,faustini_rim_a,39.64,3.18,0.0,273.69,-4.34,2.62,True,False,False,Sun Only
2026-11-14 05:00:00+00:00,1794632400.0,faustini_rim_a,39.13,3.19,0.0,273.63,-4.3,2.62,True,False,False,Sun Only
2026-11-14 06:00:00+00:00,1794636000.0,faustini_rim_a,38.62,3.21,0.0,273.58,-4.26,2.63,True,False,False,Sun Only
2026-11-14 07:00:00+00:00,1794639600.0,faustini_rim_a,38.12,3.22,0.0,273.52,-4.22,2.63,True,False,False,Sun Only
2026-11-14 08:00:00+00:00,1794643200.0,faustini_rim_a,37.61,3.23,0.0,273.46,-4.18,2.63,True,False,False,Sun Only
2026-11-14 09:00:00+00:00,1794646800.0,faustini_rim_a,37.1,3.24,0.0,273.4,-4.13,2.63,True,False,False,Sun Only
2026-11-14 10:00:00+00:00,1794650400.0,faustini_rim_a,36.59,3.25,0.0,273.34,-4.09,2.64,True,False,False,Sun Only
2026-11-14 11:00:00+00:00,1794654000.0,faustini_rim_a,36.08,3.26,0.0,273.28,-4.05,2.64,True,False,False,Sun Only
2026-11-14 12:00:00+00:00,1794657600.0,faustini_rim_a,35.57,3.27,0.0,273.22,-4.01,2.64,True,False,False,Sun Only
2026-11-14 13:00:00+00:00,1794661200.0,faustini_rim_a,35.07,3.28,0.0,273.16,-3.96,2.64,True,False,False,Sun Only
2026-11-14 14:00:00+00:00,1794664800.0,faustini_rim_a,34.56,3.29,0.0,273.1,-3.92,2.65,True,False,False,Sun Only
2026-11-14 15:00:00+00:00,1794668400.0,faustini_rim_a,34.05,3.31,0.0,273.04,-3.87,2.65,True,False,False,Sun Only
2026-11-14 16:00:00+00:00,1794672000.0,faustini_rim_a,33.54,3.32,0.0,272.98,-3.83,2.65,True,False,False,Sun Only
2026-11-14 17:00:00+00:00,1794675600.0,faustini_rim_a,33.03,3.33,0.0,272.92,-3.79,2.65,True,False,False,Sun Only
2026-11-14 18:00:00+00:00,1794679200.0,faustini_rim_a,32.53,3.34,0.0,272.86,-3.74,2.66,True,False,False,Sun Only
2026-11-14 19:00:00+00:00,1794682800.0,faustini_rim_a,32.02,3.35,0.0,272.8,-3.69,2.66,True,False,False,Sun Only
2026-11-14 20:00:00+00:00,1794686400.0,faustini_rim_a,31.51,3.36,0.0,272.74,-3.65,2.66,True,False,False,Sun Only
2026-11-14 21:00:00+00:00,1794690000.0,faustini_rim_a,31.0,3.37,0.0,272.68,-3.6,2.66,True,False,False,Sun Only
2026-11-14 22:00:00+00:00,1794693600.0,faustini_rim_a,30.49,3.38,0.0,272.62,-3.56,2.67,True,False,False,Sun Only
2026-11-14 23:00:00+00:00,1794697200.0,faustini_rim_a,29.98,3.38,0.0,272.56,-3.51,2.67,True,False,False,Sun Only
2026-11-15 00:00:00+00:00,1794700800.0,faustini_rim_a,29.48,3.39,0.0,272.5,-3.46,2.67,True,False,False,Sun Only
2026-11-15 01:00:00+00:00,1794704400.0,faustini_rim_a,28.97,3.4,0.0,272.44,-3.42,2.67,True,False,False,Sun Only
2026-11-15 02:00:00+00:00,1794708000.0,faustini_rim_a,28.46,3.41,0.0,272.38,-3.37,2.67,True,False,False,Sun Only
2026-11-15 03:00:00+00:00,1794711600.0,faustini_rim_a,27.95,3.42,0.0,272.32,-3.32,2.68,True,False,False,Sun Only
2026-11-15 04:00:00+00:00,1794715200.0,faustini_rim_a,27.44,3.43,0.0,272.26,-3.27,2.68,True,False,False,Sun Only
2026-11-15 05:00:00+00:00,1794718800.0,faustini_rim_a,26.94,3.44,0.0,272.2,-3.23,2.68,True,False,False,Sun Only
2026-11-15 06:00:00+00:00,1794722400.0,faustini_rim_a,26.43,3.45,0.0,272.14,-3.18,2.68,True,False,False,Sun Only
2026-11-15 07:00:00+00:00,1794726000.0,faustini_rim_a,25.92,3.46,0.0,272.08,-3.13,2.69,True,False,False,Sun Only
2026-11-15 08:00:00+00:00,1794729600.0,faustini_rim_a,25.41,3.46,0.0,272.02,-3.08,2.69,True,False,False,Sun Only
2026-11-15 09:00:00+00:00,1794733200.0,faustini_rim_a,24.9,3.47,0.0,271.97,-3.03,2.69,True,False,False,Sun Only
2026-11-15 10:00:00+00:00,1794736800.0,faustini_rim_a,24.39,3.48,0.0,271.91,-2.98,2.69,True,False,False,Sun Only
2026-11-15 11:00:00+00:00,1794740400.0,faustini_rim_a,23.89,3.49,0.0,271.85,-2.93,2.7,True,False,False,Sun Only
2026-11-15 12:00:00+00:00,1794744000.0,faustini_rim_a,23.38,3.49,0.0,271.79,-2.88,2.7,True,False,False,Sun Only
2026-11-15 13:00:00+00:00,1794747600.0,faustini_rim_a,22.87,3.5,0.0,271.73,-2.83,2.7,True,False,False,Sun Only
2026-11-15 14:00:00+00:00,1794751200.0,faustini_rim_a,22.36,3.51,0.0,271.67,-2.78,2.7,True,False,False,Sun Only
2026-11-15 15:00:00+00:00,1794754800.0,faustini_rim_a,21.85,3.52,0.0,271.61,-2.73,2.71,True,False,False,Sun Only
2026-11-15 16:00:00+00:00,1794758400.0,faustini_rim_a,21.34,3.52,0.0,271.56,-2.68,2.71,True,False,False,Sun Only
2026-11-15 17:00:00+00:00,1794762000.0,faustini_rim_a,20.84,3.53,0.0,271.5,-2.63,2.71,True,False,False,Sun Only
2026-11-15 18:00:00+00:00,1794765600.0,faustini_rim_a,20.33,3.54,0.0,271.44,-2.58,2.71,True,False,False,Sun Only
2026-11-15 19:00:00+00:00,1794769200.0,faustini_rim_a,19.82,3.54,0.0,271.38,-2.53,2.71,True,False,False,Sun Only
2026-11-15 20:00:00+00:00,1794772800.0,faustini_rim_a,19.31,3.55,0.0,271.33,-2.48,2.72,True,False,False,Sun Only
2026-11-15 21:00:00+00:00,1794776400.0,faustini_rim_a,18.8,3.55,0.0,271.27,-2.43,2.72,True,False,False,Sun Only
2026-11-15 22:00:00+00:00,1794780000.0,faustini_rim_a,18.3,3.56,0.0,271.21,-2.38,2.72,True,False,False,Sun Only
2026-11-15 23:00:00+00:00,1794783600.0,faustini_rim_a,17.79,3.56,0.0,271.15,-2.33,2.72,True,False,False,Sun Only
2026-11-16 00:00:00+00:00,1794787200.0,faustini_rim_a,17.28,3.57,0.0,271.1,-2.27,2.73,True,False,False,Sun Only
2026-11-16 01:00:00+00:00,1794790800.0,faustini_rim_a,16.77,3.58,0.0,271.04,-2.22,2.73,True,False,False,Sun Only
2026-11-16 02:00:00+00:00,1794794400.0,faustini_rim_a,16.26,3.58,0.0,270.98,-2.17,2.73,True,False,False,Sun Only
2026-11-16 03:00:00+00:00,1794798000.0,faustini_rim_a,15.75,3.59,0.0,270.93,-2.12,2.73,True,False,False,Sun Only
2026-11-16 04:00:00+00:00,1794801600.0,faustini_rim_a,15.25,3.59,0.0,270.87,-2.06,2.74,True,False,False,Sun Only
2026-11-16 05:00:00+00:00,1794805200.0,faustini_rim_a,14.74,3.6,0.0,270.82,-2.01,2.74,True,False,False,Sun Only
2026-11-16 06:00:00+00:00,1794808800.0,faustini_rim_a,14.23,3.6,0.0,270.76,-1.96,2.74,True,False,False,Sun Only
2026-11-16 07:00:00+00:00,1794812400.0,faustini_rim_a,13.72,3.6,0.0,270.71,-1.9,2.74,True,False,False,Sun Only
2026-11-16 08:00:00+00:00,1794816000.0,faustini_rim_a,13.21,3.61,0.0,270.65,-1.85,2.74,True,False,False,Sun Only
2026-11-16 09:00:00+00:00,1794819600.0,faustini_rim_a,12.71,3.61,0.0,270.6,-1.8,2.75,True,False,False,Sun Only
2026-11-16 10:00:00+00:00,1794823200.0,faustini_rim_a,12.2,3.62,0.0,270.54,-1.74,2.75,True,False,False,Sun Only
2026-11-16 11:00:00+00:00,1794826800.0,faustini_rim_a,11.69,3.62,0.0,270.49,-1.69,2.75,True,False,False,Sun Only
2026-11-16 12:00:00+00:00,1794830400.0,faustini_rim_a,11.18,3.62,0.0,270.43,-1.63,2.75,True,False,False,Sun Only
2026-11-16 13:00:00+00:00,1794834000.0,faustini_rim_a,10.67,3.63,0.0,270.38,-1.58,2.75,True,False,False,Sun Only
2026-11-16 14:00:00+00:00,1794837600.0,faustini_rim_a,10.17,3.63,0.0,270.33,-1.53,2.76,True,False,False,Sun Only
2026-11-16 15:00:00+00:00,1794841200.0,faustini_rim_a,9.66,3.63,0.0,270.27,-1.47,2.76,True,False,False,Sun Only
2026-11-16 16:00:00+00:00,1794844800.0,faustini_rim_a,9.15,3.64,0.0,270.22,-1.42,2.76,True,False,False,Sun Only
2026-11-16 17:00:00+00:00,1794848400.0,faustini_rim_a,8.64,3.64,0.0,270.17,-1.36,2.76,True,False,False,Sun Only
2026-11-16 18:00:00+00:00,1794852000.0,faustini_rim_a,8.13,3.64,0.0,270.12,-1.31,2.77,True,False,False,Sun Only
2026-11-16 19:00:00+00:00,1794855600.0,faustini_rim_a,7.63,3.65,0.0,270.07,-1.25,2.77,True,False,False,Sun Only
2026-11-16 20:00:00+00:00,1794859200.0,faustini_rim_a,7.12,3.65,0.0,270.01,-1.2,2.77,True,False,False,Sun Only
2026-11-16 21:00:00+00:00,1794862800.0,faustini_rim_a,6.61,3.65,0.0,269.96,-1.14,2.77,True,False,False,Sun Only
2026-11-16 22:00:00+00:00,1794866400.0,faustini_rim_a,6.1,3.65,0.0,269.91,-1.09,2.77,True,False,False,Sun Only
2026-11-16 23:00:00+00:00,1794870000.0,faustini_rim_a,5.59,3.65,0.0,269.86,-1.03,2.77,True,False,False,Sun Only
2026-11-17 00:00:00+00:00,1794873600.0,faustini_rim_a,5.09,3.65,0.0,269.81,-0.97,2.77,True,False,False,Sun Only
2026-11-17 01:00:00+00:00,1794877200.0,faustini_rim_a,4.58,3.66,0.0,269.76,-0.92,2.77,True,False,False,Sun Only
2026-11-17 02:00:00+00:00,1794880800.0,faustini_rim_a,4.07,3.66,0.0,269.71,-0.86,2.76,True,False,False,Sun Only
2026-11-17 03:00:00+00:00,1794884400.0,faustini_rim_a,3.56,3.66,0.0,269.66,-0.81,2.76,True,False,False,Sun Only
2026-11-17 04:00:00+00:00,1794888000.0,faustini_rim_a,3.05,3.66,0.0,269.62,-0.75,2.76,True,False,False,Sun Only
2026-11-17 05:00:00+00:00,1794891600.0,faustini_rim_a,2.55,3.66,0.0,269.57,-0.69,2.76,True,False,False,Sun Only
2026-11-17 06:00:00+00:00,1794895200.0,faustini_rim_a,2.04,3.66,0.0,269.52,-0.64,2.76,True,False,False,Sun Only
2026-11-17 07:00:00+00:00,1794898800.0,faustini_rim_a,1.53,3.66,0.0,269.47,-0.58,2.76,True,False,False,Sun Only
2026-11-17 08:00:00+00:00,1794902400.0,faustini_rim_a,1.02,3.66,0.0,269.43,-0.53,2.76,True,False,False,Sun Only
2026-11-17 09:00:00+00:00,1794906000.0,faustini_rim_a,0.51,3.66,0.0,269.38,-0.47,2.76,True,False,False,Sun Only
2026-11-17 10:00:00+00:00,1794909600.0,faustini_rim_a,0.01,3.66,0.0,269.33,-0.41,2.76,True,False,False,Sun Only
2026-11-17 11:00:00+00:00,1794913200.0,faustini_rim_a,359.5,3.66,0.0,269.29,-0.35,2.76,True,False,False,Sun Only
2026-11-17 12:00:00+00:00,1794916800.0,faustini_rim_a,358.99,3.66,0.0,269.24,-0.3,2.75,True,False,False,Sun Only
2026-11-17 13:00:00+00:00,1794920400.0,faustini_rim_a,358.48,3.66,0.0,269.2,-0.24,2.75,True,False,False,Sun Only
2026-11-17 14:00:00+00:00,1794924000.0,faustini_rim_a,357.98,3.66,0.0,269.15,-0.18,2.75,True,False,False,Sun Only
2026-11-17 15:00:00+00:00,1794927600.0,faustini_rim_a,357.47,3.66,0.0,269.11,-0.13,2.75,True,False,False,Sun Only
2026-11-17 16:00:00+00:00,1794931200.0,faustini_rim_a,356.96,3.66,0.0,269.07,-0.07,2.75,True,False,False,Sun Only
2026-11-17 17:00:00+00:00,1794934800.0,faustini_rim_a,356.45,3.66,0.0,269.02,-0.01,2.75,True,False,False,Sun Only
2026-11-17 18:00:00+00:00,1794938400.0,faustini_rim_a,355.95,3.66,0.0,268.98,0.04,2.75,True,False,False,Sun Only
2026-11-17 19:00:00+00:00,1794942000.0,faustini_rim_a,355.44,3.65,0.0,268.94,0.1,2.75,True,False,False,Sun Only
2026-11-17 20:00:00+00:00,1794945600.0,faustini_rim_a,354.93,3.65,0.0,268.9,0.16,2.75,True,False,False,Sun Only
2026-11-17 21:00:00+00:00,1794949200.0,faustini_rim_a,354.42,3.65,0.0,268.86,0.22,2.75,True,False,False,Sun Only
2026-11-17 22:00:00+00:00,1794952800.0,faustini_rim_a,353.91,3.65,0.0,268.82,0.27,2.75,True,False,False,Sun Only
2026-11-17 23:00:00+00:00,1794956400.0,faustini_rim_a,353.41,3.65,0.0,268.78,0.33,2.75,True,False,False,Sun Only
2026-11-18 00:00:00+00:00,1794960000.0,faustini_rim_a,352.9,3.65,0.0,268.74,0.39,2.74,True,False,False,Sun Only
2026-11-18 01:00:00+00:00,1794963600.0,faustini_rim_a,352.39,3.64,0.0,268.7,0.45,2.74,True,False,False,Sun Only
2026-11-18 02:00:00+00:00,1794967200.0,faustini_rim_a,351.88,3.64,0.0,268.66,0.5,2.74,True,False,False,Sun Only
2026-11-18 03:00:00+00:00,1794970800.0,faustini_rim_a,351.38,3.64,0.0,268.63,0.56,2.74,True,False,False,Sun Only
2026-11-18 04:00:00+00:00,1794974400.0,faustini_rim_a,350.87,3.63,0.0,268.59,0.62,2.74,True,False,False,Sun Only
2026-11-18 05:00:00+00:00,1794978000.0,faustini_rim_a,350.36,3.63,0.0,268.56,0.68,2.74,True,False,False,Sun Only
2026-11-18 06:00:00+00:00,1794981600.0,faustini_rim_a,349.85,3.63,0.0,268.52,0.73,2.74,True,False,False,Sun Only
2026-11-18 07:00:00+00:00,1794985200.0,faustini_rim_a,349.35,3.62,0.0,268.48,0.79,2.74,True,False,False,Sun Only
2026-11-18 08:00:00+00:00,1794988800.0,faustini_rim_a,348.84,3.62,0.0,268.45,0.85,2.74,True,False,False,Sun Only
2026-11-18 09:00:00+00:00,1794992400.0,faustini_rim_a,348.33,3.62,0.0,268.42,0.91,2.74,True,False,False,Sun Only
2026-11-18 10:00:00+00:00,1794996000.0,faustini_rim_a,347.82,3.61,0.0,268.38,0.96,2.74,True,False,False,Sun Only
2026-11-18 11:00:00+00:00,1794999600.0,faustini_rim_a,347.31,3.61,0.0,268.35,1.02,2.74,True,False,False,Sun Only
2026-11-18 12:00:00+00:00,1795003200.0,faustini_rim_a,346.81,3.6,0.0,268.32,1.08,2.74,True,False,False,Sun Only
2026-11-18 13:00:00+00:00,1795006800.0,faustini_rim_a,346.3,3.6,0.0,268.29,1.13,2.74,True,False,False,Sun Only
2026-11-18 14:00:00+00:00,1795010400.0,faustini_rim_a,345.79,3.6,0.0,268.26,1.19,2.74,True,False,False,Sun Only
2026-11-18 15:00:00+00:00,1795014000.0,faustini_rim_a,345.29,3.59,0.0,268.23,1.25,2.73,True,False,False,Sun Only
2026-11-18 16:00:00+00:00,1795017600.0,faustini_rim_a,344.78,3.58,0.0,268.2,1.31,2.73,True,False,False,Sun Only
2026-11-18 17:00:00+00:00,1795021200.0,faustini_rim_a,344.27,3.58,0.0,268.17,1.36,2.73,True,False,False,Sun Only
2026-11-18 18:00:00+00:00,1795024800.0,faustini_rim_a,343.76,3.58,0.0,268.14,1.42,2.73,True,False,False,Sun Only
2026-11-18 19:00:00+00:00,1795028400.0,faustini_rim_a,343.26,3.57,0.0,268.11,1.48,2.73,True,False,False,Sun Only
2026-11-18 20:00:00+00:00,1795032000.0,faustini_rim_a,342.75,3.56,0.0,268.09,1.53,2.73,True,False,False,Sun Only
2026-11-18 21:00:00+00:00,1795035600.0,faustini_rim_a,342.24,3.56,0.0,268.06,1.59,2.73,True,False,False,Sun Only
2026-11-18 22:00:00+00:00,1795039200.0,faustini_rim_a,341.73,3.55,0.0,268.03,1.65,2.73,True,False,False,Sun Only
2026-11-18 23:00:00+00:00,1795042800.0,faustini_rim_a,341.23,3.55,0.0,268.01,1.71,2.73,True,False,False,Sun Only
2026-11-19 00:00:00+00:00,1795046400.0,faustini_rim_a,340.72,3.54,0.0,267.99,1.76,2.73,True,False,False,Sun Only
2026-11-19 01:00:00+00:00,1795050000.0,faustini_rim_a,340.21,3.53,0.0,267.96,1.82,2.73,True,False,False,Sun Only
2026-11-19 02:00:00+00:00,1795053600.0,faustini_rim_a,339.71,3.53,0.0,267.94,1.88,2.73,True,False,False,Sun Only
2026-11-19 03:00:00+00:00,1795057200.0,faustini_rim_a,339.2,3.52,0.0,267.92,1.93,2.73,True,False,False,Sun Only
2026-11-19 04:00:00+00:00,1795060800.0,faustini_rim_a,338.69,3.51,0.0,267.9,1.99,2.73,True,False,False,Sun Only
2026-11-19 05:00:00+00:00,1795064400.0,faustini_rim_a,338.18,3.51,0.0,267.88,2.04,2.73,True,False,False,Sun Only
2026-11-19 06:00:00+00:00,1795068000.0,faustini_rim_a,337.68,3.5,0.0,267.86,2.1,2.73,True,False,False,Sun Only
2026-11-19 07:00:00+00:00,1795071600.0,faustini_rim_a,337.17,3.49,0.0,267.84,2.16,2.73,True,False,False,Sun Only
2026-11-19 08:00:00+00:00,1795075200.0,faustini_rim_a,336.66,3.48,0.0,267.82,2.21,2.73,True,False,False,Sun Only
2026-11-19 09:00:00+00:00,1795078800.0,faustini_rim_a,336.15,3.48,0.0,267.8,2.27,2.73,True,False,False,Sun Only
2026-11-19 10:00:00+00:00,1795082400.0,faustini_rim_a,335.65,3.47,0.0,267.79,2.32,2.73,True,False,False,Sun Only
2026-11-19 11:00:00+00:00,1795086000.0,faustini_rim_a,335.14,3.46,0.0,267.77,2.38,2.73,True,False,False,Sun Only
2026-11-19 12:00:00+00:00,1795089600.0,faustini_rim_a,334.63,3.45,0.0,267.75,2.44,2.73,True,False,False,Sun Only
2026-11-19 13:00:00+00:00,1795093200.0,faustini_rim_a,334.13,3.44,0.0,267.74,2.49,2.72,True,False,False,Sun Only
2026-11-19 14:00:00+00:00,1795096800.0,faustini_rim_a,333.62,3.44,0.0,267.73,2.54,2.72,True,False,False,Sun Only
2026-11-19 15:00:00+00:00,1795100400.0,faustini_rim_a,333.11,3.43,0.0,267.71,2.6,2.72,True,False,False,Sun Only
2026-11-19 16:00:00+00:00,1795104000.0,faustini_rim_a,332.61,3.42,0.0,267.7,2.65,2.72,True,False,False,Sun Only
2026-11-19 17:00:00+00:00,1795107600.0,faustini_rim_a,332.1,3.41,0.0,267.69,2.71,2.72,True,False,False,Sun Only
2026-11-19 18:00:00+00:00,1795111200.0,faustini_rim_a,331.59,3.4,0.0,267.68,2.76,2.72,True,True,True,Dual Operational
2026-11-19 19:00:00+00:00,1795114800.0,faustini_rim_a,331.08,3.39,0.0,267.67,2.82,2.72,True,True,True,Dual Operational
2026-11-19 20:00:00+00:00,1795118400.0,faustini_rim_a,330.58,3.38,0.0,267.66,2.87,2.72,True,True,True,Dual Operational
2026-11-19 21:00:00+00:00,1795122000.0,faustini_rim_a,330.07,3.37,0.0,267.65,2.93,2.72,True,True,True,Dual Operational
2026-11-19 22:00:00+00:00,1795125600.0,faustini_rim_a,329.56,3.37,0.0,267.65,2.98,2.72,True,True,True,Dual Operational
2026-11-19 23:00:00+00:00,1795129200.0,faustini_rim_a,329.06,3.35,0.0,267.64,3.03,2.72,True,True,True,Dual Operational
2026-11-20 00:00:00+00:00,1795132800.0,faustini_rim_a,328.55,3.35,0.0,267.64,3.09,2.72,True,True,True,Dual Operational
2026-11-20 01:00:00+00:00,1795136400.0,faustini_rim_a,328.04,3.34,0.0,267.63,3.14,2.72,True,True,True,Dual Operational
2026-11-20 02:00:00+00:00,1795140000.0,faustini_rim_a,327.54,3.33,0.0,267.63,3.19,2.72,True,True,True,Dual Operational
2026-11-20 03:00:00+00:00,1795143600.0,faustini_rim_a,327.03,3.31,0.0,267.63,3.25,2.72,True,True,True,Dual Operational
2026-11-20 04:00:00+00:00,1795147200.0,faustini_rim_a,326.52,3.31,0.0,267.62,3.3,2.72,True,True,True,Dual Operational
2026-11-20 05:00:00+00:00,1795150800.0,faustini_rim_a,326.02,3.29,0.0,267.62,3.35,2.72,True,True,True,Dual Operational
2026-11-20 06:00:00+00:00,1795154400.0,faustini_rim_a,325.51,3.28,0.0,267.62,3.4,2.72,True,True,True,Dual Operational
2026-11-20 07:00:00+00:00,1795158000.0,faustini_rim_a,325.0,3.27,0.0,267.62,3.45,2.72,True,True,True,Dual Operational
2026-11-20 08:00:00+00:00,1795161600.0,faustini_rim_a,324.5,3.26,0.0,267.62,3.5,2.72,True,True,True,Dual Operational
2026-11-20 09:00:00+00:00,1795165200.0,faustini_rim_a,323.99,3.25,0.0,267.63,3.56,2.72,True,True,True,Dual Operational
2026-11-20 10:00:00+00:00,1795168800.0,faustini_rim_a,323.48,3.24,0.0,267.63,3.61,2.72,True,True,True,Dual Operational
2026-11-20 11:00:00+00:00,1795172400.0,faustini_rim_a,322.98,3.23,0.0,267.63,3.66,2.72,True,True,True,Dual Operational
2026-11-20 12:00:00+00:00,1795176000.0,faustini_rim_a,322.47,3.22,0.0,267.64,3.71,2.72,True,True,True,Dual Operational
2026-11-20 13:00:00+00:00,1795179600.0,faustini_rim_a,321.96,3.21,0.0,267.64,3.76,2.72,True,True,True,Dual Operational
2026-11-20 14:00:00+00:00,1795183200.0,faustini_rim_a,321.46,3.19,0.0,267.65,3.81,2.72,True,True,True,Dual Operational
2026-11-20 15:00:00+00:00,1795186800.0,faustini_rim_a,320.95,3.18,0.0,267.66,3.86,2.72,True,True,True,Dual Operational
2026-11-20 16:00:00+00:00,1795190400.0,faustini_rim_a,320.44,3.17,0.0,267.67,3.91,2.72,True,True,True,Dual Operational
2026-11-20 17:00:00+00:00,1795194000.0,faustini_rim_a,319.94,3.16,0.0,267.68,3.96,2.72,True,True,True,Dual Operational
2026-11-20 18:00:00+00:00,1795197600.0,faustini_rim_a,319.43,3.15,0.0,267.69,4.0,2.72,True,True,True,Dual Operational
2026-11-20 19:00:00+00:00,1795201200.0,faustini_rim_a,318.92,3.13,0.0,267.7,4.05,2.72,True,True,True,Dual Operational
2026-11-20 20:00:00+00:00,1795204800.0,faustini_rim_a,318.42,3.12,0.0,267.71,4.1,2.72,True,True,True,Dual Operational
2026-11-20 21:00:00+00:00,1795208400.0,faustini_rim_a,317.91,3.11,0.0,267.72,4.15,2.72,True,True,True,Dual Operational
2026-11-20 22:00:00+00:00,1795212000.0,faustini_rim_a,317.4,3.1,0.0,267.74,4.2,2.72,True,True,True,Dual Operational
2026-11-20 23:00:00+00:00,1795215600.0,faustini_rim_a,316.9,3.08,0.0,267.75,4.24,2.73,True,True,True,Dual Operational
2026-11-21 00:00:00+00:00,1795219200.0,faustini_rim_a,316.39,3.07,0.0,267.77,4.29,2.73,True,True,True,Dual Operational
2026-11-21 01:00:00+00:00,1795222800.0,faustini_rim_a,315.88,3.06,0.0,267.78,4.33,2.73,True,True,True,Dual Operational
2026-11-21 02:00:00+00:00,1795226400.0,faustini_rim_a,315.38,3.04,0.0,267.8,4.38,2.73,True,True,True,Dual Operational
2026-11-21 03:00:00+00:00,1795230000.0,faustini_rim_a,314.87,3.03,0.0,267.82,4.43,2.73,True,True,True,Dual Operational
2026-11-21 04:00:00+00:00,1795233600.0,faustini_rim_a,314.37,3.02,0.0,267.84,4.47,2.73,True,True,True,Dual Operational
2026-11-21 05:00:00+00:00,1795237200.0,faustini_rim_a,313.86,3.0,0.0,267.86,4.51,2.73,True,True,True,Dual Operational
2026-11-21 06:00:00+00:00,1795240800.0,faustini_rim_a,313.35,2.99,0.0,267.88,4.56,2.73,True,True,True,Dual Operational
2026-11-21 07:00:00+00:00,1795244400.0,faustini_rim_a,312.85,2.98,0.0,267.9,4.6,2.73,True,True,True,Dual Operational
2026-11-21 08:00:00+00:00,1795248000.0,faustini_rim_a,312.34,2.96,0.0,267.93,4.65,2.73,True,True,True,Dual Operational
2026-11-21 09:00:00+00:00,1795251600.0,faustini_rim_a,311.83,2.95,0.0,267.95,4.69,2.73,True,True,True,Dual Operational
2026-11-21 10:00:00+00:00,1795255200.0,faustini_rim_a,311.33,2.93,0.0,267.97,4.73,2.73,True,True,True,Dual Operational
2026-11-21 11:00:00+00:00,1795258800.0,faustini_rim_a,310.82,2.92,0.0,268.0,4.78,2.73,True,True,True,Dual Operational
2026-11-21 12:00:00+00:00,1795262400.0,faustini_rim_a,310.32,2.9,0.0,268.03,4.82,2.73,True,True,True,Dual Operational
2026-11-21 13:00:00+00:00,1795266000.0,faustini_rim_a,309.81,2.89,0.0,268.05,4.86,2.73,True,True,True,Dual Operational
2026-11-21 14:00:00+00:00,1795269600.0,faustini_rim_a,309.31,2.88,0.0,268.08,4.9,2.73,True,True,True,Dual Operational
2026-11-21 15:00:00+00:00,1795273200.0,faustini_rim_a,308.8,2.86,0.0,268.11,4.94,2.73,True,True,True,Dual Operational
2026-11-21 16:00:00+00:00,1795276800.0,faustini_rim_a,308.29,2.85,0.0,268.14,4.98,2.73,True,True,True,Dual Operational
2026-11-21 17:00:00+00:00,1795280400.0,faustini_rim_a,307.79,2.83,0.0,268.17,5.02,2.73,True,True,True,Dual Operational
2026-11-21 18:00:00+00:00,1795284000.0,faustini_rim_a,307.28,2.82,0.0,268.2,5.06,2.73,True,True,True,Dual Operational
2026-11-21 19:00:00+00:00,1795287600.0,faustini_rim_a,306.77,2.8,0.0,268.24,5.1,2.73,True,True,True,Dual Operational
2026-11-21 20:00:00+00:00,1795291200.0,faustini_rim_a,306.27,2.79,0.0,268.27,5.13,2.74,True,True,True,Dual Operational
2026-11-21 21:00:00+00:00,1795294800.0,faustini_rim_a,305.76,2.77,0.0,268.31,5.17,2.74,True,True,True,Dual Operational
2026-11-21 22:00:00+00:00,1795298400.0,faustini_rim_a,305.26,2.76,0.0,268.34,5.21,2.74,True,True,True,Dual Operational
2026-11-21 23:00:00+00:00,1795302000.0,faustini_rim_a,304.75,2.74,0.0,268.38,5.25,2.74,True,True,True,Dual Operational
2026-11-22 00:00:00+00:00,1795305600.0,faustini_rim_a,304.25,2.73,0.0,268.42,5.28,2.74,True,True,True,Dual Operational
2026-11-22 01:00:00+00:00,1795309200.0,faustini_rim_a,303.74,2.71,0.0,268.45,5.32,2.74,True,True,True,Dual Operational
2026-11-22 02:00:00+00:00,1795312800.0,faustini_rim_a,303.23,2.69,0.0,268.49,5.35,2.74,True,True,True,Dual Operational
2026-11-22 03:00:00+00:00,1795316400.0,faustini_rim_a,302.73,2.68,0.0,268.53,5.39,2.74,True,True,True,Dual Operational
2026-11-22 04:00:00+00:00,1795320000.0,faustini_rim_a,302.22,2.66,0.0,268.57,5.42,2.74,True,True,True,Dual Operational
2026-11-22 05:00:00+00:00,1795323600.0,faustini_rim_a,301.71,2.65,0.0,268.62,5.45,2.74,True,True,True,Dual Operational
2026-11-22 06:00:00+00:00,1795327200.0,faustini_rim_a,301.21,2.63,0.0,268.66,5.49,2.74,True,True,True,Dual Operational
2026-11-22 07:00:00+00:00,1795330800.0,faustini_rim_a,300.7,2.61,0.0,268.7,5.52,2.74,True,True,True,Dual Operational
2026-11-22 08:00:00+00:00,1795334400.0,faustini_rim_a,300.2,2.6,0.0,268.75,5.55,2.74,True,True,True,Dual Operational
2026-11-22 09:00:00+00:00,1795338000.0,faustini_rim_a,299.69,2.58,0.03,268.79,5.58,2.75,True,True,True,Dual Operational
2026-11-22 10:00:00+00:00,1795341600.0,faustini_rim_a,299.19,2.56,0.09,268.84,5.61,2.75,True,True,True,Dual Operational
2026-11-22 11:00:00+00:00,1795345200.0,faustini_rim_a,298.68,2.55,0.15,268.88,5.64,2.75,True,True,True,Dual Operational
2026-11-22 12:00:00+00:00,1795348800.0,faustini_rim_a,298.18,2.53,0.2,268.93,5.67,2.75,True,True,True,Dual Operational
2026-11-22 13:00:00+00:00,1795352400.0,faustini_rim_a,297.67,2.52,0.26,268.98,5.7,2.75,True,True,True,Dual Operational
2026-11-22 14:00:00+00:00,1795356000.0,faustini_rim_a,297.16,2.5,0.31,269.03,5.73,2.75,True,True,True,Dual Operational
2026-11-22 15:00:00+00:00,1795359600.0,faustini_rim_a,296.66,2.48,0.37,269.08,5.76,2.75,True,True,True,Dual Operational
2026-11-22 16:00:00+00:00,1795363200.0,faustini_rim_a,296.15,2.46,0.42,269.13,5.78,2.75,True,True,True,Dual Operational
2026-11-22 17:00:00+00:00,1795366800.0,faustini_rim_a,295.65,2.45,0.48,269.18,5.81,2.75,True,True,True,Dual Operational
2026-11-22 18:00:00+00:00,1795370400.0,faustini_rim_a,295.14,2.43,0.53,269.24,5.84,2.75,True,True,True,Dual Operational
2026-11-22 19:00:00+00:00,1795374000.0,faustini_rim_a,294.64,2.41,0.6,269.29,5.86,2.76,True,True,True,Dual Operational
2026-11-22 20:00:00+00:00,1795377600.0,faustini_rim_a,294.13,2.4,0.68,269.34,5.89,2.76,True,True,True,Dual Operational
2026-11-22 21:00:00+00:00,1795381200.0,faustini_rim_a,293.62,2.38,0.75,269.4,5.91,2.76,True,True,True,Dual Operational
2026-11-22 22:00:00+00:00,1795384800.0,faustini_rim_a,293.12,2.36,0.82,269.45,5.93,2.76,True,True,True,Dual Operational
2026-11-22 23:00:00+00:00,1795388400.0,faustini_rim_a,292.61,2.34,0.89,269.51,5.96,2.76,True,True,True,Dual Operational
2026-11-23 00:00:00+00:00,1795392000.0,faustini_rim_a,292.11,2.33,0.97,269.57,5.98,2.76,True,True,True,Dual Operational
2026-11-23 01:00:00+00:00,1795395600.0,faustini_rim_a,291.6,2.31,1.04,269.63,6.0,2.76,True,True,True,Dual Operational
2026-11-23 02:00:00+00:00,1795399200.0,faustini_rim_a,291.1,2.29,1.11,269.68,6.02,2.76,True,True,True,Dual Operational
2026-11-23 03:00:00+00:00,1795402800.0,faustini_rim_a,290.59,2.27,1.18,269.74,6.04,2.76,True,True,True,Dual Operational
2026-11-23 04:00:00+00:00,1795406400.0,faustini_rim_a,290.09,2.26,1.26,269.8,6.06,2.77,True,True,True,Dual Operational
2026-11-23 05:00:00+00:00,1795410000.0,faustini_rim_a,289.58,2.24,1.31,269.87,6.08,2.77,True,True,True,Dual Operational
2026-11-23 06:00:00+00:00,1795413600.0,faustini_rim_a,289.07,2.22,1.35,269.93,6.1,2.77,True,True,True,Dual Operational
2026-11-23 07:00:00+00:00,1795417200.0,faustini_rim_a,288.57,2.2,1.39,269.99,6.11,2.77,True,True,True,Dual Operational
2026-11-23 08:00:00+00:00,1795420800.0,faustini_rim_a,288.06,2.19,1.43,270.05,6.13,2.77,True,True,True,Dual Operational
2026-11-23 09:00:00+00:00,1795424400.0,faustini_rim_a,287.56,2.17,1.48,270.12,6.15,2.77,True,True,True,Dual Operational
2026-11-23 10:00:00+00:00,1795428000.0,faustini_rim_a,287.05,2.15,1.52,270.18,6.16,2.76,True,True,True,Dual Operational
2026-11-23 11:00:00+00:00,1795431600.0,faustini_rim_a,286.55,2.13,1.56,270.25,6.17,2.76,True,True,True,Dual Operational
2026-11-23 12:00:00+00:00,1795435200.0,faustini_rim_a,286.04,2.11,1.6,270.31,6.19,2.76,True,True,True,Dual Operational
2026-11-23 13:00:00+00:00,1795438800.0,faustini_rim_a,285.54,2.09,1.64,270.38,6.2,2.75,True,True,True,Dual Operational
2026-11-23 14:00:00+00:00,1795442400.0,faustini_rim_a,285.03,2.08,1.69,270.44,6.21,2.75,True,True,True,Dual Operational
2026-11-23 15:00:00+00:00,1795446000.0,faustini_rim_a,284.53,2.06,1.75,270.51,6.23,2.75,True,True,True,Dual Operational
2026-11-23 16:00:00+00:00,1795449600.0,faustini_rim_a,284.02,2.04,1.81,270.58,6.24,2.75,True,True,True,Dual Operational
2026-11-23 17:00:00+00:00,1795453200.0,faustini_rim_a,283.52,2.02,1.87,270.65,6.25,2.74,True,True,True,Dual Operational
2026-11-23 18:00:00+00:00,1795456800.0,faustini_rim_a,283.01,2.0,1.92,270.72,6.26,2.74,True,True,True,Dual Operational
2026-11-23 19:00:00+00:00,1795460400.0,faustini_rim_a,282.5,1.98,1.98,270.79,6.26,2.74,False,True,False,Comm Only
2026-11-23 20:00:00+00:00,1795464000.0,faustini_rim_a,282.0,1.97,2.04,270.86,6.27,2.74,False,True,False,Comm Only
2026-11-23 21:00:00+00:00,1795467600.0,faustini_rim_a,281.5,1.95,2.1,270.93,6.28,2.73,False,True,False,Comm Only
2026-11-23 22:00:00+00:00,1795471200.0,faustini_rim_a,280.99,1.93,2.16,271.0,6.29,2.73,False,True,False,Comm Only
2026-11-23 23:00:00+00:00,1795474800.0,faustini_rim_a,280.48,1.91,2.22,271.08,6.29,2.73,False,True,False,Comm Only
2026-11-24 00:00:00+00:00,1795478400.0,faustini_rim_a,279.98,1.89,2.28,271.15,6.3,2.72,False,True,False,Comm Only
2026-11-24 01:00:00+00:00,1795482000.0,faustini_rim_a,279.47,1.87,2.31,271.22,6.3,2.72,False,True,False,Comm Only
2026-11-24 02:00:00+00:00,1795485600.0,faustini_rim_a,278.97,1.85,2.34,271.3,6.3,2.72,False,True,False,Comm Only
2026-11-24 03:00:00+00:00,1795489200.0,faustini_rim_a,278.46,1.83,2.37,271.37,6.31,2.72,False,True,False,Comm Only
2026-11-24 04:00:00+00:00,1795492800.0,faustini_rim_a,277.96,1.82,2.4,271.45,6.31,2.71,False,True,False,Comm Only
2026-11-24 05:00:00+00:00,1795496400.0,faustini_rim_a,277.45,1.8,2.43,271.52,6.31,2.71,False,True,False,Comm Only
2026-11-24 06:00:00+00:00,1795500000.0,faustini_rim_a,276.95,1.78,2.46,271.6,6.31,2.71,False,True,False,Comm Only
2026-11-24 07:00:00+00:00,1795503600.0,faustini_rim_a,276.44,1.76,2.49,271.67,6.31,2.7,False,True,False,Comm Only
2026-11-24 08:00:00+00:00,1795507200.0,faustini_rim_a,275.94,1.74,2.52,271.75,6.31,2.7,False,True,False,Comm Only
2026-11-24 09:00:00+00:00,1795510800.0,faustini_rim_a,275.43,1.72,2.54,271.83,6.31,2.7,False,True,False,Comm Only
2026-11-24 10:00:00+00:00,1795514400.0,faustini_rim_a,274.93,1.7,2.57,271.9,6.3,2.69,False,True,False,Comm Only
2026-11-24 11:00:00+00:00,1795518000.0,faustini_rim_a,274.42,1.69,2.59,271.98,6.3,2.69,False,True,False,Comm Only
2026-11-24 12:00:00+00:00,1795521600.0,faustini_rim_a,273.92,1.67,2.61,272.06,6.3,2.69,False,True,False,Comm Only
2026-11-24 13:00:00+00:00,1795525200.0,faustini_rim_a,273.41,1.65,2.63,272.14,6.29,2.68,False,True,False,Comm Only
2026-11-24 14:00:00+00:00,1795528800.0,faustini_rim_a,272.91,1.63,2.65,272.22,6.29,2.68,False,True,False,Comm Only
2026-11-24 15:00:00+00:00,1795532400.0,faustini_rim_a,272.4,1.61,2.67,272.3,6.28,2.68,False,True,False,Comm Only
2026-11-24 16:00:00+00:00,1795536000.0,faustini_rim_a,271.9,1.59,2.69,272.38,6.27,2.67,False,True,False,Comm Only
2026-11-24 17:00:00+00:00,1795539600.0,faustini_rim_a,271.39,1.57,2.71,272.46,6.26,2.67,False,True,False,Comm Only
2026-11-24 18:00:00+00:00,1795543200.0,faustini_rim_a,270.89,1.55,2.73,272.54,6.26,2.67,False,True,False,Comm Only
2026-11-24 19:00:00+00:00,1795546800.0,faustini_rim_a,270.38,1.53,2.75,272.62,6.25,2.67,False,True,False,Comm Only
2026-11-24 20:00:00+00:00,1795550400.0,faustini_rim_a,269.88,1.51,2.77,272.7,6.24,2.66,False,True,False,Comm Only
2026-11-24 21:00:00+00:00,1795554000.0,faustini_rim_a,269.37,1.5,2.76,272.78,6.22,2.66,False,True,False,Comm Only
2026-11-24 22:00:00+00:00,1795557600.0,faustini_rim_a,268.87,1.48,2.75,272.86,6.21,2.66,False,True,False,Comm Only
2026-11-24 23:00:00+00:00,1795561200.0,faustini_rim_a,268.36,1.46,2.74,272.94,6.2,2.65,False,True,False,Comm Only
2026-11-25 00:00:00+00:00,1795564800.0,faustini_rim_a,267.86,1.44,2.73,273.02,6.19,2.65,False,True,False,Comm Only
2026-11-25 01:00:00+00:00,1795568400.0,faustini_rim_a,267.35,1.42,2.72,273.11,6.17,2.65,False,True,False,Comm Only
2026-11-25 02:00:00+00:00,1795572000.0,faustini_rim_a,266.85,1.4,2.71,273.19,6.16,2.64,False,True,False,Comm Only
2026-11-25 03:00:00+00:00,1795575600.0,faustini_rim_a,266.34,1.38,2.7,273.27,6.14,2.64,False,True,False,Comm Only
2026-11-25 04:00:00+00:00,1795579200.0,faustini_rim_a,265.84,1.36,2.69,273.36,6.12,2.64,False,True,False,Comm Only
2026-11-25 05:00:00+00:00,1795582800.0,faustini_rim_a,265.33,1.34,2.68,273.44,6.11,2.63,False,True,False,Comm Only
2026-11-25 06:00:00+00:00,1795586400.0,faustini_rim_a,264.83,1.33,2.67,273.52,6.09,2.63,False,True,False,Comm Only
2026-11-25 07:00:00+00:00,1795590000.0,faustini_rim_a,264.32,1.31,2.66,273.6,6.07,2.63,False,True,False,Comm Only
2026-11-25 08:00:00+00:00,1795593600.0,faustini_rim_a,263.82,1.29,2.66,273.69,6.05,2.62,False,True,False,Comm Only
2026-11-25 09:00:00+00:00,1795597200.0,faustini_rim_a,263.31,1.27,2.66,273.77,6.03,2.62,False,True,False,Comm Only
2026-11-25 10:00:00+00:00,1795600800.0,faustini_rim_a,262.81,1.25,2.65,273.85,6.01,2.62,False,True,False,Comm Only
2026-11-25 11:00:00+00:00,1795604400.0,faustini_rim_a,262.3,1.23,2.65,273.94,5.99,2.61,False,True,False,Comm Only
2026-11-25 12:00:00+00:00,1795608000.0,faustini_rim_a,261.8,1.21,2.64,274.02,5.96,2.61,False,True,False,Comm Only
2026-11-25 13:00:00+00:00,1795611600.0,faustini_rim_a,261.29,1.19,2.64,274.1,5.94,2.61,False,True,False,Comm Only
2026-11-25 14:00:00+00:00,1795615200.0,faustini_rim_a,260.79,1.18,2.64,274.19,5.92,2.6,False,True,False,Comm Only
2026-11-25 15:00:00+00:00,1795618800.0,faustini_rim_a,260.28,1.16,2.63,274.27,5.89,2.6,False,True,False,Comm Only
2026-11-25 16:00:00+00:00,1795622400.0,faustini_rim_a,259.77,1.14,2.62,274.36,5.87,2.6,False,True,False,Comm Only
2026-11-25 17:00:00+00:00,1795626000.0,faustini_rim_a,259.27,1.12,2.59,274.44,5.84,2.59,False,True,False,Comm Only
2026-11-25 18:00:00+00:00,1795629600.0,faustini_rim_a,258.76,1.1,2.56,274.52,5.81,2.59,False,True,False,Comm Only
2026-11-25 19:00:00+00:00,1795633200.0,faustini_rim_a,258.26,1.08,2.54,274.61,5.79,2.59,False,True,False,Comm Only
2026-11-25 20:00:00+00:00,1795636800.0,faustini_rim_a,257.75,1.06,2.51,274.69,5.76,2.58,False,True,False,Comm Only
2026-11-25 21:00:00+00:00,1795640400.0,faustini_rim_a,257.25,1.04,2.48,274.77,5.73,2.58,False,True,False,Comm Only
2026-11-25 22:00:00+00:00,1795644000.0,faustini_rim_a,256.75,1.03,2.45,274.86,5.7,2.58,False,True,False,Comm Only
2026-11-25 23:00:00+00:00,1795647600.0,faustini_rim_a,256.24,1.01,2.43,274.94,5.67,2.57,False,True,False,Comm Only
2026-11-26 00:00:00+00:00,1795651200.0,faustini_rim_a,255.74,0.99,2.4,275.02,5.64,2.57,False,True,False,Comm Only
2026-11-26 01:00:00+00:00,1795654800.0,faustini_rim_a,255.23,0.97,2.37,275.11,5.6,2.56,False,True,False,Comm Only
2026-11-26 02:00:00+00:00,1795658400.0,faustini_rim_a,254.73,0.95,2.37,275.19,5.57,2.56,False,True,False,Comm Only
2026-11-26 03:00:00+00:00,1795662000.0,faustini_rim_a,254.22,0.94,2.38,275.27,5.54,2.55,False,True,False,Comm Only
2026-11-26 04:00:00+00:00,1795665600.0,faustini_rim_a,253.72,0.92,2.4,275.35,5.5,2.55,False,True,False,Comm Only
2026-11-26 05:00:00+00:00,1795669200.0,faustini_rim_a,253.21,0.9,2.41,275.44,5.47,2.54,False,True,False,Comm Only
2026-11-26 06:00:00+00:00,1795672800.0,faustini_rim_a,252.71,0.88,2.43,275.52,5.43,2.54,False,True,False,Comm Only
2026-11-26 07:00:00+00:00,1795676400.0,faustini_rim_a,252.2,0.86,2.44,275.6,5.4,2.54,False,True,False,Comm Only
2026-11-26 08:00:00+00:00,1795680000.0,faustini_rim_a,251.69,0.84,2.46,275.68,5.36,2.53,False,True,False,Comm Only
2026-11-26 09:00:00+00:00,1795683600.0,faustini_rim_a,251.19,0.83,2.47,275.76,5.32,2.53,False,True,False,Comm Only
2026-11-26 10:00:00+00:00,1795687200.0,faustini_rim_a,250.68,0.81,2.49,275.85,5.29,2.52,False,True,False,Comm Only
2026-11-26 11:00:00+00:00,1795690800.0,faustini_rim_a,250.18,0.79,2.5,275.93,5.25,2.52,False,True,False,Comm Only
2026-11-26 12:00:00+00:00,1795694400.0,faustini_rim_a,249.67,0.77,2.64,276.01,5.21,2.51,False,True,False,Comm Only
2026-11-26 13:00:00+00:00,1795698000.0,faustini_rim_a,249.17,0.76,2.85,276.09,5.17,2.51,False,True,False,Comm Only
2026-11-26 14:00:00+00:00,1795701600.0,faustini_rim_a,248.66,0.74,3.06,276.17,5.13,2.5,False,True,False,Comm Only
2026-11-26 15:00:00+00:00,1795705200.0,faustini_rim_a,248.16,0.72,3.27,276.25,5.08,2.5,False,True,False,Comm Only
2026-11-26 16:00:00+00:00,1795708800.0,faustini_rim_a,247.65,0.7,3.48,276.33,5.04,2.49,False,True,False,Comm Only
2026-11-26 17:00:00+00:00,1795712400.0,faustini_rim_a,247.15,0.68,3.69,276.41,5.0,2.49,False,True,False,Comm Only
2026-11-26 18:00:00+00:00,1795716000.0,faustini_rim_a,246.64,0.67,3.9,276.49,4.96,2.48,False,True,False,Comm Only
2026-11-26 19:00:00+00:00,1795719600.0,faustini_rim_a,246.14,0.65,4.11,276.57,4.91,2.48,False,True,False,Comm Only
2026-11-26 20:00:00+00:00,1795723200.0,faustini_rim_a,245.63,0.63,4.32,276.65,4.87,2.47,False,True,False,Comm Only
2026-11-26 21:00:00+00:00,1795726800.0,faustini_rim_a,245.13,0.61,4.53,276.72,4.82,2.47,False,True,False,Comm Only
2026-11-26 22:00:00+00:00,1795730400.0,faustini_rim_a,244.62,0.6,4.58,276.8,4.78,2.47,False,True,False,Comm Only
2026-11-26 23:00:00+00:00,1795734000.0,faustini_rim_a,244.12,0.58,4.58,276.88,4.73,2.46,False,True,False,Comm Only
2026-11-27 00:00:00+00:00,1795737600.0,faustini_rim_a,243.61,0.56,4.58,276.96,4.69,2.46,False,True,False,Comm Only
2026-11-27 01:00:00+00:00,1795741200.0,faustini_rim_a,243.11,0.55,4.58,277.03,4.64,2.45,False,True,False,Comm Only
2026-11-27 02:00:00+00:00,1795744800.0,faustini_rim_a,242.6,0.53,4.58,277.11,4.59,2.45,False,True,False,Comm Only
2026-11-27 03:00:00+00:00,1795748400.0,faustini_rim_a,242.1,0.51,4.58,277.19,4.54,2.44,False,True,False,Comm Only
2026-11-27 04:00:00+00:00,1795752000.0,faustini_rim_a,241.59,0.5,4.58,277.26,4.49,2.44,False,True,False,Comm Only
2026-11-27 05:00:00+00:00,1795755600.0,faustini_rim_a,241.09,0.48,4.58,277.34,4.44,2.43,False,True,False,Comm Only
2026-11-27 06:00:00+00:00,1795759200.0,faustini_rim_a,240.58,0.46,4.58,277.41,4.39,2.43,False,True,False,Comm Only
2026-11-27 07:00:00+00:00,1795762800.0,faustini_rim_a,240.08,0.45,4.58,277.49,4.34,2.43,False,True,False,Comm Only
2026-11-27 08:00:00+00:00,1795766400.0,faustini_rim_a,239.57,0.43,4.57,277.56,4.29,2.42,False,True,False,Comm Only
2026-11-27 09:00:00+00:00,1795770000.0,faustini_rim_a,239.07,0.41,4.57,277.63,4.24,2.42,False,True,False,Comm Only
2026-11-27 10:00:00+00:00,1795773600.0,faustini_rim_a,238.56,0.4,4.56,277.7,4.19,2.41,False,True,False,Comm Only
2026-11-27 11:00:00+00:00,1795777200.0,faustini_rim_a,238.06,0.38,4.55,277.78,4.14,2.41,False,True,False,Comm Only
2026-11-27 12:00:00+00:00,1795780800.0,faustini_rim_a,237.55,0.36,4.54,277.85,4.08,2.4,False,True,False,Comm Only
2026-11-27 13:00:00+00:00,1795784400.0,faustini_rim_a,237.04,0.35,4.53,277.92,4.03,2.4,False,True,False,Comm Only
2026-11-27 14:00:00+00:00,1795788000.0,faustini_rim_a,236.54,0.33,4.52,277.99,3.98,2.4,False,True,False,Comm Only
2026-11-27 15:00:00+00:00,1795791600.0,faustini_rim_a,236.03,0.32,4.52,278.06,3.92,2.39,False,True,False,Comm Only
2026-11-27 16:00:00+00:00,1795795200.0,faustini_rim_a,235.53,0.3,4.51,278.13,3.87,2.39,False,True,False,Comm Only
2026-11-27 17:00:00+00:00,1795798800.0,faustini_rim_a,235.02,0.28,4.5,278.2,3.81,2.38,False,True,False,Comm Only
2026-11-27 18:00:00+00:00,1795802400.0,faustini_rim_a,234.52,0.27,4.5,278.27,3.76,2.38,False,True,False,Comm Only
2026-11-27 19:00:00+00:00,1795806000.0,faustini_rim_a,234.01,0.25,4.5,278.34,3.7,2.38,False,True,False,Comm Only
2026-11-27 20:00:00+00:00,1795809600.0,faustini_rim_a,233.51,0.24,4.5,278.41,3.65,2.37,False,True,False,Comm Only
2026-11-27 21:00:00+00:00,1795813200.0,faustini_rim_a,233.0,0.22,4.5,278.47,3.59,2.37,False,True,False,Comm Only
2026-11-27 22:00:00+00:00,1795816800.0,faustini_rim_a,232.5,0.21,4.5,278.54,3.53,2.36,False,True,False,Comm Only
2026-11-27 23:00:00+00:00,1795820400.0,faustini_rim_a,231.99,0.19,4.5,278.61,3.48,2.36,False,True,False,Comm Only
2026-11-28 00:00:00+00:00,1795824000.0,faustini_rim_a,231.49,0.18,4.5,278.67,3.42,2.36,False,True,False,Comm Only
2026-11-28 01:00:00+00:00,1795827600.0,faustini_rim_a,230.98,0.16,4.5,278.74,3.36,2.35,False,True,False,Comm Only
2026-11-28 02:00:00+00:00,1795831200.0,faustini_rim_a,230.47,0.15,4.5,278.8,3.3,2.35,False,True,False,Comm Only
2026-11-28 03:00:00+00:00,1795834800.0,faustini_rim_a,229.97,0.13,4.51,278.87,3.24,2.35,False,True,False,Comm Only
2026-11-28 04:00:00+00:00,1795838400.0,faustini_rim_a,229.46,0.12,4.6,278.93,3.18,2.34,False,True,False,Comm Only
2026-11-28 05:00:00+00:00,1795842000.0,faustini_rim_a,228.96,0.1,4.7,278.99,3.12,2.34,False,True,False,Comm Only
2026-11-28 06:00:00+00:00,1795845600.0,faustini_rim_a,228.45,0.09,4.8,279.05,3.06,2.33,False,True,False,Comm Only
2026-11-28 07:00:00+00:00,1795849200.0,faustini_rim_a,227.95,0.08,4.9,279.12,3.0,2.33,False,True,False,Comm Only
2026-11-28 08:00:00+00:00,1795852800.0,faustini_rim_a,227.44,0.06,5.0,279.18,2.94,2.33,False,True,False,Comm Only
2026-11-28 09:00:00+00:00,1795856400.0,faustini_rim_a,226.94,0.05,5.09,279.24,2.88,2.32,False,True,False,Comm Only
2026-11-28 10:00:00+00:00,1795860000.0,faustini_rim_a,226.43,0.03,5.19,279.3,2.82,2.32,False,True,False,Comm Only
2026-11-28 11:00:00+00:00,1795863600.0,faustini_rim_a,225.93,0.02,5.29,279.36,2.76,2.32,False,True,False,Comm Only
2026-11-28 12:00:00+00:00,1795867200.0,faustini_rim_a,225.42,0.01,5.39,279.41,2.7,2.31,False,True,False,Comm Only
2026-11-28 13:00:00+00:00,1795870800.0,faustini_rim_a,224.91,-0.01,5.47,279.47,2.64,2.31,False,True,False,Comm Only
2026-11-28 14:00:00+00:00,1795874400.0,faustini_rim_a,224.41,-0.02,5.47,279.53,2.58,2.31,False,True,False,Comm Only
2026-11-28 15:00:00+00:00,1795878000.0,faustini_rim_a,223.9,-0.03,5.47,279.58,2.51,2.3,False,True,False,Comm Only
2026-11-28 16:00:00+00:00,1795881600.0,faustini_rim_a,223.4,-0.05,5.47,279.64,2.45,2.3,False,True,False,Comm Only
2026-11-28 17:00:00+00:00,1795885200.0,faustini_rim_a,222.89,-0.06,5.47,279.69,2.39,2.3,False,True,False,Comm Only
2026-11-28 18:00:00+00:00,1795888800.0,faustini_rim_a,222.39,-0.07,5.47,279.75,2.33,2.29,False,True,False,Comm Only
2026-11-28 19:00:00+00:00,1795892400.0,faustini_rim_a,221.88,-0.09,5.47,279.8,2.26,2.29,False,False,False,Blackout
2026-11-28 20:00:00+00:00,1795896000.0,faustini_rim_a,221.38,-0.1,5.47,279.86,2.2,2.29,False,False,False,Blackout
2026-11-28 21:00:00+00:00,1795899600.0,faustini_rim_a,220.87,-0.11,5.47,279.91,2.13,2.29,False,False,False,Blackout
2026-11-28 22:00:00+00:00,1795903200.0,faustini_rim_a,220.36,-0.12,5.47,279.96,2.07,2.28,False,False,False,Blackout
2026-11-28 23:00:00+00:00,1795906800.0,faustini_rim_a,219.86,-0.14,5.47,280.01,2.01,2.28,False,False,False,Blackout
2026-11-29 00:00:00+00:00,1795910400.0,faustini_rim_a,219.35,-0.15,5.47,280.06,1.94,2.27,False,False,False,Blackout
2026-11-29 01:00:00+00:00,1795914000.0,faustini_rim_a,218.85,-0.16,5.47,280.11,1.88,2.27,False,False,False,Blackout
2026-11-29 02:00:00+00:00,1795917600.0,faustini_rim_a,218.34,-0.17,5.47,280.16,1.81,2.26,False,False,False,Blackout
2026-11-29 03:00:00+00:00,1795921200.0,faustini_rim_a,217.84,-0.18,5.47,280.21,1.75,2.26,False,False,False,Blackout
2026-11-29 04:00:00+00:00,1795924800.0,faustini_rim_a,217.33,-0.2,5.47,280.26,1.69,2.25,False,False,False,Blackout
2026-11-29 05:00:00+00:00,1795928400.0,faustini_rim_a,216.82,-0.21,5.47,280.31,1.62,2.24,False,False,False,Blackout
2026-11-29 06:00:00+00:00,1795932000.0,faustini_rim_a,216.32,-0.22,5.47,280.35,1.55,2.24,False,False,False,Blackout
2026-11-29 07:00:00+00:00,1795935600.0,faustini_rim_a,215.81,-0.23,5.47,280.4,1.49,2.23,False,False,False,Blackout
2026-11-29 08:00:00+00:00,1795939200.0,faustini_rim_a,215.31,-0.24,5.47,280.44,1.43,2.23,False,False,False,Blackout
2026-11-29 09:00:00+00:00,1795942800.0,faustini_rim_a,214.8,-0.25,5.47,280.49,1.36,2.22,False,False,False,Blackout
2026-11-29 10:00:00+00:00,1795946400.0,faustini_rim_a,214.29,-0.26,5.47,280.53,1.29,2.22,False,False,False,Blackout
2026-11-29 11:00:00+00:00,1795950000.0,faustini_rim_a,213.79,-0.27,5.47,280.58,1.23,2.21,False,False,False,Blackout
2026-11-29 12:00:00+00:00,1795953600.0,faustini_rim_a,213.28,-0.28,5.47,280.62,1.16,2.21,False,False,False,Blackout
2026-11-29 13:00:00+00:00,1795957200.0,faustini_rim_a,212.78,-0.29,5.47,280.66,1.1,2.2,False,False,False,Blackout
2026-11-29 14:00:00+00:00,1795960800.0,faustini_rim_a,212.27,-0.3,5.47,280.7,1.03,2.2,False,False,False,Blackout
2026-11-29 15:00:00+00:00,1795964400.0,faustini_rim_a,211.76,-0.32,5.47,280.74,0.97,2.19,False,False,False,Blackout
2026-11-29 16:00:00+00:00,1795968000.0,faustini_rim_a,211.26,-0.33,5.47,280.78,0.9,2.19,False,False,False,Blackout
2026-11-29 17:00:00+00:00,1795971600.0,faustini_rim_a,210.75,-0.34,5.47,280.82,0.83,2.18,False,False,False,Blackout
2026-11-29 18:00:00+00:00,1795975200.0,faustini_rim_a,210.25,-0.34,5.47,280.86,0.77,2.18,False,False,False,Blackout
2026-11-29 19:00:00+00:00,1795978800.0,faustini_rim_a,209.74,-0.35,5.47,280.9,0.7,2.17,False,False,False,Blackout
2026-11-29 20:00:00+00:00,1795982400.0,faustini_rim_a,209.23,-0.36,5.46,280.93,0.64,2.17,False,False,False,Blackout
2026-11-29 21:00:00+00:00,1795986000.0,faustini_rim_a,208.73,-0.37,5.45,280.97,0.57,2.17,False,False,False,Blackout
2026-11-29 22:00:00+00:00,1795989600.0,faustini_rim_a,208.22,-0.38,5.44,281.01,0.51,2.16,False,False,False,Blackout
2026-11-29 23:00:00+00:00,1795993200.0,faustini_rim_a,207.72,-0.39,5.43,281.04,0.44,2.16,False,False,False,Blackout
2026-11-30 00:00:00+00:00,1795996800.0,faustini_rim_a,207.21,-0.4,5.42,281.08,0.37,2.15,False,False,False,Blackout
2026-11-30 01:00:00+00:00,1796000400.0,faustini_rim_a,206.7,-0.41,5.41,281.11,0.31,2.15,False,False,False,Blackout
2026-11-30 02:00:00+00:00,1796004000.0,faustini_rim_a,206.2,-0.42,5.4,281.14,0.24,2.15,False,False,False,Blackout
2026-11-30 03:00:00+00:00,1796007600.0,faustini_rim_a,205.69,-0.43,5.39,281.18,0.18,2.14,False,False,False,Blackout
2026-11-30 04:00:00+00:00,1796011200.0,faustini_rim_a,205.19,-0.43,5.38,281.21,0.11,2.14,False,False,False,Blackout
2026-11-30 05:00:00+00:00,1796014800.0,faustini_rim_a,204.68,-0.44,5.38,281.24,0.04,2.13,False,False,False,Blackout
2026-11-30 06:00:00+00:00,1796018400.0,faustini_rim_a,204.17,-0.45,5.38,281.27,-0.02,2.13,False,False,False,Blackout
2026-11-30 07:00:00+00:00,1796022000.0,faustini_rim_a,203.67,-0.46,5.38,281.3,-0.09,2.13,False,False,False,Blackout
2026-11-30 08:00:00+00:00,1796025600.0,faustini_rim_a,203.16,-0.47,5.38,281.33,-0.15,2.12,False,False,False,Blackout
2026-11-30 09:00:00+00:00,1796029200.0,faustini_rim_a,202.66,-0.47,5.38,281.36,-0.22,2.12,False,False,False,Blackout
2026-11-30 10:00:00+00:00,1796032800.0,faustini_rim_a,202.15,-0.48,5.38,281.39,-0.28,2.12,False,False,False,Blackout
2026-11-30 11:00:00+00:00,1796036400.0,faustini_rim_a,201.64,-0.49,5.38,281.41,-0.35,2.11,False,False,False,Blackout
2026-11-30 12:00:00+00:00,1796040000.0,faustini_rim_a,201.14,-0.49,5.38,281.44,-0.41,2.11,False,False,False,Blackout
2026-11-30 13:00:00+00:00,1796043600.0,faustini_rim_a,200.63,-0.5,5.38,281.47,-0.48,2.11,False,False,False,Blackout
2026-11-30 14:00:00+00:00,1796047200.0,faustini_rim_a,200.12,-0.51,5.38,281.49,-0.54,2.1,False,False,False,Blackout
2026-11-30 15:00:00+00:00,1796050800.0,faustini_rim_a,199.62,-0.52,5.38,281.52,-0.61,2.1,False,False,False,Blackout
2026-11-30 16:00:00+00:00,1796054400.0,faustini_rim_a,199.11,-0.52,5.38,281.54,-0.67,2.1,False,False,False,Blackout
2026-11-30 17:00:00+00:00,1796058000.0,faustini_rim_a,198.6,-0.53,5.38,281.56,-0.74,2.1,False,False,False,Blackout
2026-11-30 18:00:00+00:00,1796061600.0,faustini_rim_a,198.1,-0.53,5.38,281.59,-0.8,2.09,False,False,False,Blackout
2026-11-30 19:00:00+00:00,1796065200.0,faustini_rim_a,197.59,-0.54,5.38,281.61,-0.86,2.09,False,False,False,Blackout
2026-11-30 20:00:00+00:00,1796068800.0,faustini_rim_a,197.09,-0.55,5.38,281.63,-0.93,2.09,False,False,False,Blackout
2026-11-30 21:00:00+00:00,1796072400.0,faustini_rim_a,196.58,-0.55,5.38,281.65,-0.99,2.09,False,False,False,Blackout
2026-11-30 22:00:00+00:00,1796076000.0,faustini_rim_a,196.07,-0.56,5.38,281.67,-1.06,2.08,False,False,False,Blackout
2026-11-30 23:00:00+00:00,1796079600.0,faustini_rim_a,195.57,-0.56,5.38,281.69,-1.12,2.08,False,False,False,Blackout
2026-11-01 00:00:00+00:00,1793491200.0,de_gerlache_rim_1,353.42,2.95,0.44,72.34,3.4,3.8,True,False,False,Sun Only
2026-11-01 01:00:00+00:00,1793494800.0,de_gerlache_rim_1,352.92,2.95,0.38,72.38,3.33,3.8,True,False,False,Sun Only
2026-11-01 02:00:00+00:00,1793498400.0,de_gerlache_rim_1,352.41,2.94,0.32,72.42,3.27,3.8,True,False,False,Sun Only
2026-11-01 03:00:00+00:00,1793502000.0,de_gerlache_rim_1,351.9,2.94,0.26,72.45,3.21,3.8,True,False,False,Sun Only
2026-11-01 04:00:00+00:00,1793505600.0,de_gerlache_rim_1,351.39,2.94,0.2,72.49,3.15,3.8,True,False,False,Sun Only
2026-11-01 05:00:00+00:00,1793509200.0,de_gerlache_rim_1,350.89,2.94,0.14,72.52,3.09,3.8,True,False,False,Sun Only
2026-11-01 06:00:00+00:00,1793512800.0,de_gerlache_rim_1,350.38,2.94,0.08,72.56,3.03,3.8,True,False,False,Sun Only
2026-11-01 07:00:00+00:00,1793516400.0,de_gerlache_rim_1,349.87,2.94,0.03,72.59,2.97,3.8,True,False,False,Sun Only
2026-11-01 08:00:00+00:00,1793520000.0,de_gerlache_rim_1,349.36,2.93,0.03,72.63,2.91,3.8,True,False,False,Sun Only
2026-11-01 09:00:00+00:00,1793523600.0,de_gerlache_rim_1,348.86,2.93,0.02,72.66,2.84,3.8,True,False,False,Sun Only
2026-11-01 10:00:00+00:00,1793527200.0,de_gerlache_rim_1,348.35,2.93,0.02,72.69,2.78,3.8,True,False,False,Sun Only
2026-11-01 11:00:00+00:00,1793530800.0,de_gerlache_rim_1,347.84,2.93,0.02,72.73,2.72,3.8,True,False,False,Sun Only
2026-11-01 12:00:00+00:00,1793534400.0,de_gerlache_rim_1,347.33,2.92,0.01,72.76,2.65,3.8,True,False,False,Sun Only
2026-11-01 13:00:00+00:00,1793538000.0,de_gerlache_rim_1,346.83,2.92,0.01,72.79,2.59,3.8,True,False,False,Sun Only
2026-11-01 14:00:00+00:00,1793541600.0,de_gerlache_rim_1,346.32,2.92,0.01,72.82,2.53,3.8,True,False,False,Sun Only
2026-11-01 15:00:00+00:00,1793545200.0,de_gerlache_rim_1,345.81,2.92,0.0,72.85,2.46,3.8,True,False,False,Sun Only
2026-11-01 16:00:00+00:00,1793548800.0,de_gerlache_rim_1,345.3,2.91,0.0,72.88,2.4,3.8,True,False,False,Sun Only
2026-11-01 17:00:00+00:00,1793552400.0,de_gerlache_rim_1,344.8,2.91,0.0,72.91,2.34,3.8,True,False,False,Sun Only
2026-11-01 18:00:00+00:00,1793556000.0,de_gerlache_rim_1,344.29,2.91,0.0,72.94,2.27,3.8,True,False,False,Sun Only
2026-11-01 19:00:00+00:00,1793559600.0,de_gerlache_rim_1,343.78,2.9,0.0,72.97,2.21,3.8,True,False,False,Sun Only
2026-11-01 20:00:00+00:00,1793563200.0,de_gerlache_rim_1,343.27,2.9,0.0,73.0,2.15,3.8,True,False,False,Sun Only
2026-11-01 21:00:00+00:00,1793566800.0,de_gerlache_rim_1,342.76,2.9,0.0,73.02,2.08,3.8,True,False,False,Sun Only
2026-11-01 22:00:00+00:00,1793570400.0,de_gerlache_rim_1,342.26,2.89,0.0,73.05,2.02,3.8,True,False,False,Sun Only
2026-11-01 23:00:00+00:00,1793574000.0,de_gerlache_rim_1,341.75,2.89,0.0,73.08,1.95,3.8,True,False,False,Sun Only
2026-11-02 00:00:00+00:00,1793577600.0,de_gerlache_rim_1,341.24,2.89,0.0,73.1,1.89,3.8,True,False,False,Sun Only
2026-11-02 01:00:00+00:00,1793581200.0,de_gerlache_rim_1,340.73,2.88,0.0,73.13,1.82,3.8,True,False,False,Sun Only
2026-11-02 02:00:00+00:00,1793584800.0,de_gerlache_rim_1,340.23,2.88,0.0,73.15,1.76,3.8,True,False,False,Sun Only
2026-11-02 03:00:00+00:00,1793588400.0,de_gerlache_rim_1,339.72,2.88,0.0,73.18,1.69,3.8,True,False,False,Sun Only
2026-11-02 04:00:00+00:00,1793592000.0,de_gerlache_rim_1,339.21,2.87,0.0,73.2,1.63,3.8,True,False,False,Sun Only
2026-11-02 05:00:00+00:00,1793595600.0,de_gerlache_rim_1,338.7,2.87,0.0,73.23,1.56,3.8,True,False,False,Sun Only
2026-11-02 06:00:00+00:00,1793599200.0,de_gerlache_rim_1,338.19,2.86,0.0,73.25,1.5,3.8,True,False,False,Sun Only
2026-11-02 07:00:00+00:00,1793602800.0,de_gerlache_rim_1,337.69,2.86,0.0,73.27,1.43,3.8,True,False,False,Sun Only
2026-11-02 08:00:00+00:00,1793606400.0,de_gerlache_rim_1,337.18,2.85,0.0,73.3,1.36,3.8,True,False,False,Sun Only
2026-11-02 09:00:00+00:00,1793610000.0,de_gerlache_rim_1,336.67,2.85,0.0,73.32,1.3,3.8,True,False,False,Sun Only
2026-11-02 10:00:00+00:00,1793613600.0,de_gerlache_rim_1,336.16,2.84,0.0,73.34,1.23,3.8,True,False,False,Sun Only
2026-11-02 11:00:00+00:00,1793617200.0,de_gerlache_rim_1,335.66,2.84,0.0,73.36,1.17,3.8,True,False,False,Sun Only
2026-11-02 12:00:00+00:00,1793620800.0,de_gerlache_rim_1,335.15,2.83,0.0,73.38,1.1,3.8,True,False,False,Sun Only
2026-11-02 13:00:00+00:00,1793624400.0,de_gerlache_rim_1,334.64,2.83,0.0,73.4,1.03,3.8,True,False,False,Sun Only
2026-11-02 14:00:00+00:00,1793628000.0,de_gerlache_rim_1,334.13,2.82,0.0,73.42,0.97,3.8,True,False,False,Sun Only
2026-11-02 15:00:00+00:00,1793631600.0,de_gerlache_rim_1,333.62,2.82,0.0,73.44,0.9,3.8,True,False,False,Sun Only
2026-11-02 16:00:00+00:00,1793635200.0,de_gerlache_rim_1,333.12,2.81,0.0,73.46,0.84,3.8,True,False,False,Sun Only
2026-11-02 17:00:00+00:00,1793638800.0,de_gerlache_rim_1,332.61,2.81,0.0,73.48,0.77,3.8,True,False,False,Sun Only
2026-11-02 18:00:00+00:00,1793642400.0,de_gerlache_rim_1,332.1,2.8,0.0,73.5,0.7,3.8,True,False,False,Sun Only
2026-11-02 19:00:00+00:00,1793646000.0,de_gerlache_rim_1,331.59,2.79,0.0,73.51,0.64,3.8,True,False,False,Sun Only
2026-11-02 20:00:00+00:00,1793649600.0,de_gerlache_rim_1,331.09,2.79,0.0,73.53,0.57,3.8,True,False,False,Sun Only
2026-11-02 21:00:00+00:00,1793653200.0,de_gerlache_rim_1,330.58,2.78,0.0,73.55,0.51,3.8,True,False,False,Sun Only
2026-11-02 22:00:00+00:00,1793656800.0,de_gerlache_rim_1,330.07,2.78,0.0,73.56,0.44,3.8,True,False,False,Sun Only
2026-11-02 23:00:00+00:00,1793660400.0,de_gerlache_rim_1,329.56,2.77,0.0,73.58,0.38,3.8,True,False,False,Sun Only
2026-11-03 00:00:00+00:00,1793664000.0,de_gerlache_rim_1,329.05,2.76,0.0,73.59,0.31,3.8,True,False,False,Sun Only
2026-11-03 01:00:00+00:00,1793667600.0,de_gerlache_rim_1,328.55,2.76,0.0,73.61,0.24,3.8,True,False,False,Sun Only
2026-11-03 02:00:00+00:00,1793671200.0,de_gerlache_rim_1,328.04,2.75,0.0,73.62,0.18,3.8,True,False,False,Sun Only
2026-11-03 03:00:00+00:00,1793674800.0,de_gerlache_rim_1,327.53,2.74,0.0,73.64,0.11,3.8,True,False,False,Sun Only
2026-11-03 04:00:00+00:00,1793678400.0,de_gerlache_rim_1,327.02,2.74,0.0,73.65,0.05,3.8,True,False,False,Sun Only
2026-11-03 05:00:00+00:00,1793682000.0,de_gerlache_rim_1,326.51,2.73,0.0,73.67,-0.02,3.8,True,False,False,Sun Only
2026-11-03 06:00:00+00:00,1793685600.0,de_gerlache_rim_1,326.01,2.72,0.0,73.68,-0.08,3.8,True,False,False,Sun Only
2026-11-03 07:00:00+00:00,1793689200.0,de_gerlache_rim_1,325.5,2.72,0.0,73.69,-0.15,3.8,True,False,False,Sun Only
2026-11-03 08:00:00+00:00,1793692800.0,de_gerlache_rim_1,324.99,2.71,0.0,73.7,-0.21,3.8,True,False,False,Sun Only
2026-11-03 09:00:00+00:00,1793696400.0,de_gerlache_rim_1,324.48,2.7,0.0,73.71,-0.28,3.8,True,False,False,Sun Only
2026-11-03 10:00:00+00:00,1793700000.0,de_gerlache_rim_1,323.97,2.69,0.0,73.73,-0.34,3.8,True,False,False,Sun Only
2026-11-03 11:00:00+00:00,1793703600.0,de_gerlache_rim_1,323.47,2.69,0.0,73.74,-0.41,3.8,True,False,False,Sun Only
2026-11-03 12:00:00+00:00,1793707200.0,de_gerlache_rim_1,322.96,2.68,0.0,73.75,-0.47,3.8,True,False,False,Sun Only
2026-11-03 13:00:00+00:00,1793710800.0,de_gerlache_rim_1,322.45,2.67,0.0,73.76,-0.54,3.8,True,False,False,Sun Only
2026-11-03 14:00:00+00:00,1793714400.0,de_gerlache_rim_1,321.94,2.66,0.0,73.77,-0.6,3.8,True,False,False,Sun Only
2026-11-03 15:00:00+00:00,1793718000.0,de_gerlache_rim_1,321.43,2.66,0.0,73.78,-0.67,3.8,True,False,False,Sun Only
2026-11-03 16:00:00+00:00,1793721600.0,de_gerlache_rim_1,320.93,2.65,0.0,73.79,-0.73,3.8,True,False,False,Sun Only
2026-11-03 17:00:00+00:00,1793725200.0,de_gerlache_rim_1,320.42,2.64,0.0,73.79,-0.8,3.8,True,False,False,Sun Only
2026-11-03 18:00:00+00:00,1793728800.0,de_gerlache_rim_1,319.91,2.63,0.0,73.8,-0.86,3.8,True,False,False,Sun Only
2026-11-03 19:00:00+00:00,1793732400.0,de_gerlache_rim_1,319.4,2.62,0.0,73.81,-0.93,3.8,True,False,False,Sun Only
2026-11-03 20:00:00+00:00,1793736000.0,de_gerlache_rim_1,318.89,2.62,0.0,73.82,-0.99,3.8,True,False,False,Sun Only
2026-11-03 21:00:00+00:00,1793739600.0,de_gerlache_rim_1,318.38,2.61,0.0,73.82,-1.05,3.8,True,False,False,Sun Only
2026-11-03 22:00:00+00:00,1793743200.0,de_gerlache_rim_1,317.88,2.6,0.0,73.83,-1.12,3.8,True,False,False,Sun Only
2026-11-03 23:00:00+00:00,1793746800.0,de_gerlache_rim_1,317.37,2.59,0.0,73.84,-1.18,3.8,True,False,False,Sun Only
2026-11-04 00:00:00+00:00,1793750400.0,de_gerlache_rim_1,316.86,2.58,0.0,73.84,-1.24,3.8,True,False,False,Sun Only
2026-11-04 01:00:00+00:00,1793754000.0,de_gerlache_rim_1,316.35,2.57,0.0,73.85,-1.31,3.8,True,False,False,Sun Only
2026-11-04 02:00:00+00:00,1793757600.0,de_gerlache_rim_1,315.85,2.56,0.0,73.86,-1.37,3.8,True,False,False,Sun Only
2026-11-04 03:00:00+00:00,1793761200.0,de_gerlache_rim_1,315.34,2.56,0.0,73.86,-1.43,3.8,True,False,False,Sun Only
2026-11-04 04:00:00+00:00,1793764800.0,de_gerlache_rim_1,314.83,2.55,0.0,73.87,-1.49,3.8,True,False,False,Sun Only
2026-11-04 05:00:00+00:00,1793768400.0,de_gerlache_rim_1,314.32,2.54,0.0,73.87,-1.56,3.8,True,False,False,Sun Only
2026-11-04 06:00:00+00:00,1793772000.0,de_gerlache_rim_1,313.81,2.53,0.0,73.87,-1.62,3.8,True,False,False,Sun Only
2026-11-04 07:00:00+00:00,1793775600.0,de_gerlache_rim_1,313.3,2.52,0.0,73.88,-1.68,3.8,True,False,False,Sun Only
2026-11-04 08:00:00+00:00,1793779200.0,de_gerlache_rim_1,312.8,2.51,0.0,73.88,-1.74,3.8,True,False,False,Sun Only
2026-11-04 09:00:00+00:00,1793782800.0,de_gerlache_rim_1,312.29,2.5,0.0,73.88,-1.8,3.8,True,False,False,Sun Only
2026-11-04 10:00:00+00:00,1793786400.0,de_gerlache_rim_1,311.78,2.49,0.0,73.88,-1.86,3.8,True,False,False,Sun Only
2026-11-04 11:00:00+00:00,1793790000.0,de_gerlache_rim_1,311.27,2.48,0.0,73.89,-1.92,3.8,True,False,False,Sun Only
2026-11-04 12:00:00+00:00,1793793600.0,de_gerlache_rim_1,310.76,2.47,0.0,73.89,-1.98,3.8,True,False,False,Sun Only
2026-11-04 13:00:00+00:00,1793797200.0,de_gerlache_rim_1,310.26,2.46,0.0,73.89,-2.04,3.8,True,False,False,Sun Only
2026-11-04 14:00:00+00:00,1793800800.0,de_gerlache_rim_1,309.75,2.45,0.0,73.89,-2.1,3.8,True,False,False,Sun Only
2026-11-04 15:00:00+00:00,1793804400.0,de_gerlache_rim_1,309.24,2.44,0.0,73.89,-2.16,3.8,True,False,False,Sun Only
2026-11-04 16:00:00+00:00,1793808000.0,de_gerlache_rim_1,308.73,2.43,0.0,73.89,-2.22,3.8,True,False,False,Sun Only
2026-11-04 17:00:00+00:00,1793811600.0,de_gerlache_rim_1,308.22,2.42,0.0,73.89,-2.28,3.8,True,False,False,Sun Only
2026-11-04 18:00:00+00:00,1793815200.0,de_gerlache_rim_1,307.71,2.41,0.0,73.89,-2.34,3.8,True,False,False,Sun Only
2026-11-04 19:00:00+00:00,1793818800.0,de_gerlache_rim_1,307.21,2.4,0.0,73.89,-2.4,3.8,True,False,False,Sun Only
2026-11-04 20:00:00+00:00,1793822400.0,de_gerlache_rim_1,306.7,2.39,0.0,73.89,-2.46,3.8,True,False,False,Sun Only
2026-11-04 21:00:00+00:00,1793826000.0,de_gerlache_rim_1,306.19,2.38,0.0,73.89,-2.52,3.8,True,False,False,Sun Only
2026-11-04 22:00:00+00:00,1793829600.0,de_gerlache_rim_1,305.68,2.37,0.0,73.89,-2.57,3.8,True,False,False,Sun Only
2026-11-04 23:00:00+00:00,1793833200.0,de_gerlache_rim_1,305.17,2.36,0.0,73.89,-2.63,3.8,True,False,False,Sun Only
2026-11-05 00:00:00+00:00,1793836800.0,de_gerlache_rim_1,304.67,2.35,0.0,73.89,-2.69,3.8,True,False,False,Sun Only
2026-11-05 01:00:00+00:00,1793840400.0,de_gerlache_rim_1,304.16,2.34,0.0,73.88,-2.75,3.8,True,False,False,Sun Only
2026-11-05 02:00:00+00:00,1793844000.0,de_gerlache_rim_1,303.65,2.33,0.0,73.88,-2.8,3.8,True,False,False,Sun Only
2026-11-05 03:00:00+00:00,1793847600.0,de_gerlache_rim_1,303.14,2.32,0.0,73.88,-2.86,3.8,True,False,False,Sun Only
2026-11-05 04:00:00+00:00,1793851200.0,de_gerlache_rim_1,302.63,2.31,0.0,73.88,-2.91,3.8,True,False,False,Sun Only
2026-11-05 05:00:00+00:00,1793854800.0,de_gerlache_rim_1,302.12,2.3,0.0,73.87,-2.97,3.8,True,False,False,Sun Only
2026-11-05 06:00:00+00:00,1793858400.0,de_gerlache_rim_1,301.62,2.29,0.0,73.87,-3.02,3.8,True,False,False,Sun Only
2026-11-05 07:00:00+00:00,1793862000.0,de_gerlache_rim_1,301.11,2.28,0.0,73.86,-3.08,3.8,True,False,False,Sun Only
2026-11-05 08:00:00+00:00,1793865600.0,de_gerlache_rim_1,300.6,2.27,0.0,73.86,-3.13,3.8,True,False,False,Sun Only
2026-11-05 09:00:00+00:00,1793869200.0,de_gerlache_rim_1,300.09,2.25,0.0,73.85,-3.19,3.8,True,False,False,Sun Only
2026-11-05 10:00:00+00:00,1793872800.0,de_gerlache_rim_1,299.58,2.24,0.0,73.85,-3.24,3.8,True,False,False,Sun Only
2026-11-05 11:00:00+00:00,1793876400.0,de_gerlache_rim_1,299.08,2.23,0.0,73.84,-3.3,3.8,True,False,False,Sun Only
2026-11-05 12:00:00+00:00,1793880000.0,de_gerlache_rim_1,298.57,2.22,0.0,73.84,-3.35,3.8,True,False,False,Sun Only
2026-11-05 13:00:00+00:00,1793883600.0,de_gerlache_rim_1,298.06,2.21,0.0,73.83,-3.4,3.8,True,False,False,Sun Only
2026-11-05 14:00:00+00:00,1793887200.0,de_gerlache_rim_1,297.55,2.2,0.0,73.83,-3.45,3.8,True,False,False,Sun Only
2026-11-05 15:00:00+00:00,1793890800.0,de_gerlache_rim_1,297.04,2.19,0.0,73.82,-3.51,3.8,True,False,False,Sun Only
2026-11-05 16:00:00+00:00,1793894400.0,de_gerlache_rim_1,296.54,2.18,0.0,73.81,-3.56,3.8,True,False,False,Sun Only
2026-11-05 17:00:00+00:00,1793898000.0,de_gerlache_rim_1,296.03,2.17,0.0,73.81,-3.61,3.8,True,False,False,Sun Only
2026-11-05 18:00:00+00:00,1793901600.0,de_gerlache_rim_1,295.52,2.15,0.0,73.8,-3.66,3.8,True,False,False,Sun Only
2026-11-05 19:00:00+00:00,1793905200.0,de_gerlache_rim_1,295.01,2.14,0.0,73.79,-3.71,3.8,True,False,False,Sun Only
2026-11-05 20:00:00+00:00,1793908800.0,de_gerlache_rim_1,294.5,2.13,0.0,73.78,-3.76,3.8,True,False,False,Sun Only
2026-11-05 21:00:00+00:00,1793912400.0,de_gerlache_rim_1,293.99,2.12,0.0,73.77,-3.81,3.8,True,False,False,Sun Only
2026-11-05 22:00:00+00:00,1793916000.0,de_gerlache_rim_1,293.49,2.11,0.0,73.76,-3.86,3.8,True,False,False,Sun Only
2026-11-05 23:00:00+00:00,1793919600.0,de_gerlache_rim_1,292.98,2.1,0.0,73.76,-3.91,3.8,True,False,False,Sun Only
2026-11-06 00:00:00+00:00,1793923200.0,de_gerlache_rim_1,292.47,2.08,0.0,73.75,-3.96,3.8,True,False,False,Sun Only
2026-11-06 01:00:00+00:00,1793926800.0,de_gerlache_rim_1,291.96,2.07,0.0,73.74,-4.0,3.8,True,False,False,Sun Only
2026-11-06 02:00:00+00:00,1793930400.0,de_gerlache_rim_1,291.45,2.06,0.0,73.73,-4.05,3.8,True,False,False,Sun Only
2026-11-06 03:00:00+00:00,1793934000.0,de_gerlache_rim_1,290.94,2.05,0.0,73.72,-4.1,3.8,True,False,False,Sun Only
2026-11-06 04:00:00+00:00,1793937600.0,de_gerlache_rim_1,290.44,2.04,0.0,73.71,-4.15,3.8,True,False,False,Sun Only
2026-11-06 05:00:00+00:00,1793941200.0,de_gerlache_rim_1,289.93,2.02,0.0,73.7,-4.19,3.8,True,False,False,Sun Only
2026-11-06 06:00:00+00:00,1793944800.0,de_gerlache_rim_1,289.42,2.01,0.0,73.69,-4.24,3.8,True,False,False,Sun Only
2026-11-06 07:00:00+00:00,1793948400.0,de_gerlache_rim_1,288.91,2.0,0.0,73.68,-4.29,3.8,True,False,False,Sun Only
2026-11-06 08:00:00+00:00,1793952000.0,de_gerlache_rim_1,288.4,1.99,0.0,73.66,-4.33,3.8,True,False,False,Sun Only
2026-11-06 09:00:00+00:00,1793955600.0,de_gerlache_rim_1,287.89,1.97,0.0,73.65,-4.38,3.8,True,False,False,Sun Only
2026-11-06 10:00:00+00:00,1793959200.0,de_gerlache_rim_1,287.39,1.96,0.0,73.64,-4.42,3.8,True,False,False,Sun Only
2026-11-06 11:00:00+00:00,1793962800.0,de_gerlache_rim_1,286.88,1.95,0.0,73.63,-4.46,3.8,True,False,False,Sun Only
2026-11-06 12:00:00+00:00,1793966400.0,de_gerlache_rim_1,286.37,1.94,0.0,73.62,-4.51,3.8,True,False,False,Sun Only
2026-11-06 13:00:00+00:00,1793970000.0,de_gerlache_rim_1,285.86,1.93,0.0,73.6,-4.55,3.8,True,False,False,Sun Only
2026-11-06 14:00:00+00:00,1793973600.0,de_gerlache_rim_1,285.35,1.91,0.0,73.59,-4.59,3.8,True,False,False,Sun Only
2026-11-06 15:00:00+00:00,1793977200.0,de_gerlache_rim_1,284.85,1.9,0.0,73.58,-4.63,3.8,True,False,False,Sun Only
2026-11-06 16:00:00+00:00,1793980800.0,de_gerlache_rim_1,284.34,1.89,0.0,73.56,-4.67,3.8,True,False,False,Sun Only
2026-11-06 17:00:00+00:00,1793984400.0,de_gerlache_rim_1,283.83,1.88,0.0,73.55,-4.72,3.8,True,False,False,Sun Only
2026-11-06 18:00:00+00:00,1793988000.0,de_gerlache_rim_1,283.32,1.86,0.0,73.53,-4.76,3.8,True,False,False,Sun Only
2026-11-06 19:00:00+00:00,1793991600.0,de_gerlache_rim_1,282.81,1.85,0.0,73.52,-4.8,3.8,True,False,False,Sun Only
2026-11-06 20:00:00+00:00,1793995200.0,de_gerlache_rim_1,282.3,1.84,0.0,73.51,-4.84,3.8,True,False,False,Sun Only
2026-11-06 21:00:00+00:00,1793998800.0,de_gerlache_rim_1,281.8,1.82,0.0,73.49,-4.88,3.8,True,False,False,Sun Only
2026-11-06 22:00:00+00:00,1794002400.0,de_gerlache_rim_1,281.29,1.81,0.0,73.48,-4.92,3.8,True,False,False,Sun Only
2026-11-06 23:00:00+00:00,1794006000.0,de_gerlache_rim_1,280.78,1.8,0.0,73.46,-4.95,3.8,True,False,False,Sun Only
2026-11-07 00:00:00+00:00,1794009600.0,de_gerlache_rim_1,280.27,1.79,0.0,73.44,-4.99,3.8,True,False,False,Sun Only
2026-11-07 01:00:00+00:00,1794013200.0,de_gerlache_rim_1,279.76,1.77,0.0,73.43,-5.03,3.8,True,False,False,Sun Only
2026-11-07 02:00:00+00:00,1794016800.0,de_gerlache_rim_1,279.25,1.76,0.0,73.41,-5.07,3.8,True,False,False,Sun Only
2026-11-07 03:00:00+00:00,1794020400.0,de_gerlache_rim_1,278.75,1.75,0.0,73.4,-5.1,3.8,True,False,False,Sun Only
2026-11-07 04:00:00+00:00,1794024000.0,de_gerlache_rim_1,278.24,1.74,0.0,73.38,-5.14,3.8,True,False,False,Sun Only
2026-11-07 05:00:00+00:00,1794027600.0,de_gerlache_rim_1,277.73,1.72,0.0,73.36,-5.17,3.8,True,False,False,Sun Only
2026-11-07 06:00:00+00:00,1794031200.0,de_gerlache_rim_1,277.22,1.71,0.0,73.34,-5.21,3.8,True,False,False,Sun Only
2026-11-07 07:00:00+00:00,1794034800.0,de_gerlache_rim_1,276.71,1.7,0.0,73.33,-5.24,3.8,True,False,False,Sun Only
2026-11-07 08:00:00+00:00,1794038400.0,de_gerlache_rim_1,276.2,1.69,0.0,73.31,-5.28,3.8,True,False,False,Sun Only
2026-11-07 09:00:00+00:00,1794042000.0,de_gerlache_rim_1,275.7,1.67,0.0,73.29,-5.31,3.8,True,False,False,Sun Only
2026-11-07 10:00:00+00:00,1794045600.0,de_gerlache_rim_1,275.19,1.66,0.0,73.27,-5.34,3.8,True,False,False,Sun Only
2026-11-07 11:00:00+00:00,1794049200.0,de_gerlache_rim_1,274.68,1.65,0.0,73.25,-5.37,3.8,True,False,False,Sun Only
2026-11-07 12:00:00+00:00,1794052800.0,de_gerlache_rim_1,274.17,1.63,0.0,73.23,-5.41,3.8,True,False,False,Sun Only
2026-11-07 13:00:00+00:00,1794056400.0,de_gerlache_rim_1,273.66,1.62,0.0,73.22,-5.44,3.8,True,False,False,Sun Only
2026-11-07 14:00:00+00:00,1794060000.0,de_gerlache_rim_1,273.15,1.61,0.0,73.2,-5.47,3.8,True,False,False,Sun Only
2026-11-07 15:00:00+00:00,1794063600.0,de_gerlache_rim_1,272.65,1.59,0.0,73.18,-5.5,3.8,True,False,False,Sun Only
2026-11-07 16:00:00+00:00,1794067200.0,de_gerlache_rim_1,272.14,1.58,0.0,73.16,-5.53,3.8,True,False,False,Sun Only
2026-11-07 17:00:00+00:00,1794070800.0,de_gerlache_rim_1,271.63,1.57,0.0,73.13,-5.56,3.8,True,False,False,Sun Only
2026-11-07 18:00:00+00:00,1794074400.0,de_gerlache_rim_1,271.12,1.56,0.0,73.12,-5.59,3.8,True,False,False,Sun Only
2026-11-07 19:00:00+00:00,1794078000.0,de_gerlache_rim_1,270.61,1.54,0.0,73.09,-5.61,3.8,True,False,False,Sun Only
2026-11-07 20:00:00+00:00,1794081600.0,de_gerlache_rim_1,270.11,1.53,0.0,73.07,-5.64,3.8,True,False,False,Sun Only
2026-11-07 21:00:00+00:00,1794085200.0,de_gerlache_rim_1,269.6,1.52,0.0,73.05,-5.67,3.8,True,False,False,Sun Only
2026-11-07 22:00:00+00:00,1794088800.0,de_gerlache_rim_1,269.09,1.5,0.0,73.03,-5.7,3.8,True,False,False,Sun Only
2026-11-07 23:00:00+00:00,1794092400.0,de_gerlache_rim_1,268.58,1.49,0.0,73.01,-5.72,3.8,True,False,False,Sun Only
2026-11-08 00:00:00+00:00,1794096000.0,de_gerlache_rim_1,268.07,1.48,0.0,72.99,-5.75,3.8,True,False,False,Sun Only
2026-11-08 01:00:00+00:00,1794099600.0,de_gerlache_rim_1,267.56,1.47,0.0,72.96,-5.77,3.8,True,False,False,Sun Only
2026-11-08 02:00:00+00:00,1794103200.0,de_gerlache_rim_1,267.06,1.45,0.0,72.94,-5.8,3.8,True,False,False,Sun Only
2026-11-08 03:00:00+00:00,1794106800.0,de_gerlache_rim_1,266.55,1.44,0.0,72.92,-5.82,3.8,True,False,False,Sun Only
2026-11-08 04:00:00+00:00,1794110400.0,de_gerlache_rim_1,266.04,1.43,0.0,72.89,-5.84,3.8,True,False,False,Sun Only
2026-11-08 05:00:00+00:00,1794114000.0,de_gerlache_rim_1,265.53,1.41,0.0,72.87,-5.87,3.8,True,False,False,Sun Only
2026-11-08 06:00:00+00:00,1794117600.0,de_gerlache_rim_1,265.02,1.4,0.0,72.85,-5.89,3.8,True,False,False,Sun Only
2026-11-08 07:00:00+00:00,1794121200.0,de_gerlache_rim_1,264.51,1.39,0.0,72.82,-5.91,3.8,True,False,False,Sun Only
2026-11-08 08:00:00+00:00,1794124800.0,de_gerlache_rim_1,264.01,1.38,0.0,72.8,-5.93,3.8,True,False,False,Sun Only
2026-11-08 09:00:00+00:00,1794128400.0,de_gerlache_rim_1,263.5,1.36,0.0,72.77,-5.95,3.8,True,False,False,Sun Only
2026-11-08 10:00:00+00:00,1794132000.0,de_gerlache_rim_1,262.99,1.35,0.0,72.75,-5.97,3.8,True,False,False,Sun Only
2026-11-08 11:00:00+00:00,1794135600.0,de_gerlache_rim_1,262.48,1.34,0.0,72.72,-5.99,3.8,True,False,False,Sun Only
2026-11-08 12:00:00+00:00,1794139200.0,de_gerlache_rim_1,261.97,1.32,0.0,72.7,-6.01,3.8,True,False,False,Sun Only
2026-11-08 13:00:00+00:00,1794142800.0,de_gerlache_rim_1,261.46,1.31,0.0,72.67,-6.03,3.8,True,False,False,Sun Only
2026-11-08 14:00:00+00:00,1794146400.0,de_gerlache_rim_1,260.96,1.3,0.0,72.64,-6.05,3.8,True,False,False,Sun Only
2026-11-08 15:00:00+00:00,1794150000.0,de_gerlache_rim_1,260.45,1.29,0.0,72.62,-6.07,3.8,True,False,False,Sun Only
2026-11-08 16:00:00+00:00,1794153600.0,de_gerlache_rim_1,259.94,1.27,0.0,72.59,-6.08,3.8,True,False,False,Sun Only
2026-11-08 17:00:00+00:00,1794157200.0,de_gerlache_rim_1,259.43,1.26,0.0,72.56,-6.1,3.8,True,False,False,Sun Only
2026-11-08 18:00:00+00:00,1794160800.0,de_gerlache_rim_1,258.92,1.25,0.0,72.54,-6.12,3.8,True,False,False,Sun Only
2026-11-08 19:00:00+00:00,1794164400.0,de_gerlache_rim_1,258.41,1.24,0.0,72.51,-6.13,3.8,True,False,False,Sun Only
2026-11-08 20:00:00+00:00,1794168000.0,de_gerlache_rim_1,257.91,1.22,0.0,72.48,-6.15,3.8,True,False,False,Sun Only
2026-11-08 21:00:00+00:00,1794171600.0,de_gerlache_rim_1,257.4,1.21,0.0,72.45,-6.16,3.8,True,False,False,Sun Only
2026-11-08 22:00:00+00:00,1794175200.0,de_gerlache_rim_1,256.89,1.2,0.0,72.43,-6.17,3.8,True,False,False,Sun Only
2026-11-08 23:00:00+00:00,1794178800.0,de_gerlache_rim_1,256.38,1.18,0.0,72.4,-6.19,3.8,True,False,False,Sun Only
2026-11-09 00:00:00+00:00,1794182400.0,de_gerlache_rim_1,255.87,1.17,0.0,72.37,-6.2,3.8,True,False,False,Sun Only
2026-11-09 01:00:00+00:00,1794186000.0,de_gerlache_rim_1,255.37,1.16,0.0,72.34,-6.21,3.8,True,False,False,Sun Only
2026-11-09 02:00:00+00:00,1794189600.0,de_gerlache_rim_1,254.86,1.15,0.0,72.31,-6.22,3.8,True,False,False,Sun Only
2026-11-09 03:00:00+00:00,1794193200.0,de_gerlache_rim_1,254.35,1.13,0.0,72.28,-6.24,3.8,True,False,False,Sun Only
2026-11-09 04:00:00+00:00,1794196800.0,de_gerlache_rim_1,253.84,1.12,0.0,72.25,-6.25,3.8,True,False,False,Sun Only
2026-11-09 05:00:00+00:00,1794200400.0,de_gerlache_rim_1,253.33,1.11,0.0,72.22,-6.26,3.8,True,False,False,Sun Only
2026-11-09 06:00:00+00:00,1794204000.0,de_gerlache_rim_1,252.82,1.1,0.0,72.19,-6.26,3.8,True,False,False,Sun Only
2026-11-09 07:00:00+00:00,1794207600.0,de_gerlache_rim_1,252.32,1.08,0.0,72.16,-6.27,3.8,True,False,False,Sun Only
2026-11-09 08:00:00+00:00,1794211200.0,de_gerlache_rim_1,251.81,1.07,0.0,72.12,-6.28,3.8,True,False,False,Sun Only
2026-11-09 09:00:00+00:00,1794214800.0,de_gerlache_rim_1,251.3,1.06,0.0,72.09,-6.29,3.8,True,False,False,Sun Only
2026-11-09 10:00:00+00:00,1794218400.0,de_gerlache_rim_1,250.79,1.05,0.0,72.06,-6.3,3.8,True,False,False,Sun Only
2026-11-09 11:00:00+00:00,1794222000.0,de_gerlache_rim_1,250.28,1.03,0.0,72.03,-6.3,3.8,True,False,False,Sun Only
2026-11-09 12:00:00+00:00,1794225600.0,de_gerlache_rim_1,249.78,1.02,0.0,72.0,-6.31,3.8,True,False,False,Sun Only
2026-11-09 13:00:00+00:00,1794229200.0,de_gerlache_rim_1,249.27,1.01,0.0,71.97,-6.32,3.8,True,False,False,Sun Only
2026-11-09 14:00:00+00:00,1794232800.0,de_gerlache_rim_1,248.76,1.0,0.0,71.93,-6.32,3.8,True,False,False,Sun Only
2026-11-09 15:00:00+00:00,1794236400.0,de_gerlache_rim_1,248.25,0.99,0.0,71.9,-6.33,3.8,True,False,False,Sun Only
2026-11-09 16:00:00+00:00,1794240000.0,de_gerlache_rim_1,247.74,0.97,0.0,71.87,-6.33,3.8,True,False,False,Sun Only
2026-11-09 17:00:00+00:00,1794243600.0,de_gerlache_rim_1,247.24,0.96,0.0,71.83,-6.33,3.8,True,False,False,Sun Only
2026-11-09 18:00:00+00:00,1794247200.0,de_gerlache_rim_1,246.73,0.95,0.0,71.8,-6.34,3.8,True,False,False,Sun Only
2026-11-09 19:00:00+00:00,1794250800.0,de_gerlache_rim_1,246.22,0.94,0.0,71.76,-6.34,3.8,True,False,False,Sun Only
2026-11-09 20:00:00+00:00,1794254400.0,de_gerlache_rim_1,245.71,0.93,0.0,71.73,-6.34,3.8,True,False,False,Sun Only
2026-11-09 21:00:00+00:00,1794258000.0,de_gerlache_rim_1,245.2,0.92,0.0,71.69,-6.34,3.8,True,False,False,Sun Only
2026-11-09 22:00:00+00:00,1794261600.0,de_gerlache_rim_1,244.69,0.9,0.0,71.66,-6.34,3.8,True,False,False,Sun Only
2026-11-09 23:00:00+00:00,1794265200.0,de_gerlache_rim_1,244.18,0.89,0.0,71.62,-6.34,3.8,True,False,False,Sun Only
2026-11-10 00:00:00+00:00,1794268800.0,de_gerlache_rim_1,243.68,0.88,0.0,71.59,-6.34,3.8,True,False,False,Sun Only
2026-11-10 01:00:00+00:00,1794272400.0,de_gerlache_rim_1,243.17,0.87,0.0,71.55,-6.34,3.8,True,False,False,Sun Only
2026-11-10 02:00:00+00:00,1794276000.0,de_gerlache_rim_1,242.66,0.86,0.0,71.51,-6.34,3.8,True,False,False,Sun Only
2026-11-10 03:00:00+00:00,1794279600.0,de_gerlache_rim_1,242.15,0.84,0.0,71.48,-6.34,3.8,True,False,False,Sun Only
2026-11-10 04:00:00+00:00,1794283200.0,de_gerlache_rim_1,241.64,0.83,0.0,71.44,-6.33,3.8,True,False,False,Sun Only
2026-11-10 05:00:00+00:00,1794286800.0,de_gerlache_rim_1,241.14,0.82,0.0,71.4,-6.33,3.8,True,False,False,Sun Only
2026-11-10 06:00:00+00:00,1794290400.0,de_gerlache_rim_1,240.63,0.81,0.0,71.37,-6.33,3.8,True,False,False,Sun Only
2026-11-10 07:00:00+00:00,1794294000.0,de_gerlache_rim_1,240.12,0.8,0.0,71.33,-6.32,3.8,True,False,False,Sun Only
2026-11-10 08:00:00+00:00,1794297600.0,de_gerlache_rim_1,239.61,0.79,0.0,71.29,-6.32,3.8,True,False,False,Sun Only
2026-11-10 09:00:00+00:00,1794301200.0,de_gerlache_rim_1,239.1,0.78,0.0,71.25,-6.32,3.8,True,False,False,Sun Only
2026-11-10 10:00:00+00:00,1794304800.0,de_gerlache_rim_1,238.6,0.77,0.0,71.21,-6.31,3.8,True,False,False,Sun Only
2026-11-10 11:00:00+00:00,1794308400.0,de_gerlache_rim_1,238.09,0.75,0.0,71.17,-6.3,3.8,True,False,False,Sun Only
2026-11-10 12:00:00+00:00,1794312000.0,de_gerlache_rim_1,237.58,0.74,0.0,71.13,-6.3,3.8,True,False,False,Sun Only
2026-11-10 13:00:00+00:00,1794315600.0,de_gerlache_rim_1,237.07,0.73,0.0,71.09,-6.29,3.8,True,False,False,Sun Only
2026-11-10 14:00:00+00:00,1794319200.0,de_gerlache_rim_1,236.56,0.72,0.0,71.05,-6.28,3.8,True,False,False,Sun Only
2026-11-10 15:00:00+00:00,1794322800.0,de_gerlache_rim_1,236.06,0.71,0.0,71.01,-6.27,3.8,True,False,False,Sun Only
2026-11-10 16:00:00+00:00,1794326400.0,de_gerlache_rim_1,235.55,0.7,0.0,70.97,-6.26,3.8,True,False,False,Sun Only
2026-11-10 17:00:00+00:00,1794330000.0,de_gerlache_rim_1,235.04,0.69,0.0,70.93,-6.25,3.8,True,False,False,Sun Only
2026-11-10 18:00:00+00:00,1794333600.0,de_gerlache_rim_1,234.53,0.68,0.0,70.89,-6.25,3.8,True,False,False,Sun Only
2026-11-10 19:00:00+00:00,1794337200.0,de_gerlache_rim_1,234.02,0.67,0.0,70.85,-6.24,3.8,True,False,False,Sun Only
2026-11-10 20:00:00+00:00,1794340800.0,de_gerlache_rim_1,233.51,0.66,0.0,70.81,-6.22,3.8,True,False,False,Sun Only
2026-11-10 21:00:00+00:00,1794344400.0,de_gerlache_rim_1,233.01,0.65,0.0,70.77,-6.21,3.8,True,False,False,Sun Only
2026-11-10 22:00:00+00:00,1794348000.0,de_gerlache_rim_1,232.5,0.64,0.0,70.73,-6.2,3.8,True,False,False,Sun Only
2026-11-10 23:00:00+00:00,1794351600.0,de_gerlache_rim_1,231.99,0.63,0.0,70.68,-6.19,3.8,True,False,False,Sun Only
2026-11-11 00:00:00+00:00,1794355200.0,de_gerlache_rim_1,231.48,0.62,0.0,70.64,-6.18,3.8,True,False,False,Sun Only
2026-11-11 01:00:00+00:00,1794358800.0,de_gerlache_rim_1,230.97,0.61,0.0,70.6,-6.16,3.8,True,False,False,Sun Only
2026-11-11 02:00:00+00:00,1794362400.0,de_gerlache_rim_1,230.47,0.59,0.0,70.55,-6.15,3.8,True,False,False,Sun Only
2026-11-11 03:00:00+00:00,1794366000.0,de_gerlache_rim_1,229.96,0.58,0.0,70.51,-6.13,3.8,True,False,False,Sun Only
2026-11-11 04:00:00+00:00,1794369600.0,de_gerlache_rim_1,229.45,0.57,0.0,70.47,-6.12,3.8,True,False,False,Sun Only
2026-11-11 05:00:00+00:00,1794373200.0,de_gerlache_rim_1,228.94,0.57,0.0,70.42,-6.1,3.8,True,False,False,Sun Only
2026-11-11 06:00:00+00:00,1794376800.0,de_gerlache_rim_1,228.43,0.56,0.0,70.38,-6.09,3.8,True,False,False,Sun Only
2026-11-11 07:00:00+00:00,1794380400.0,de_gerlache_rim_1,227.92,0.55,0.0,70.33,-6.07,3.8,True,False,False,Sun Only
2026-11-11 08:00:00+00:00,1794384000.0,de_gerlache_rim_1,227.42,0.54,0.0,70.29,-6.05,3.8,True,False,False,Sun Only
2026-11-11 09:00:00+00:00,1794387600.0,de_gerlache_rim_1,226.91,0.53,0.0,70.24,-6.04,3.8,True,False,False,Sun Only
2026-11-11 10:00:00+00:00,1794391200.0,de_gerlache_rim_1,226.4,0.52,0.0,70.2,-6.02,3.8,True,False,False,Sun Only
2026-11-11 11:00:00+00:00,1794394800.0,de_gerlache_rim_1,225.89,0.51,0.0,70.15,-6.0,3.8,True,False,False,Sun Only
2026-11-11 12:00:00+00:00,1794398400.0,de_gerlache_rim_1,225.38,0.5,0.0,70.11,-5.98,3.8,True,False,False,Sun Only
2026-11-11 13:00:00+00:00,1794402000.0,de_gerlache_rim_1,224.88,0.49,0.0,70.06,-5.96,3.8,True,False,False,Sun Only
2026-11-11 14:00:00+00:00,1794405600.0,de_gerlache_rim_1,224.37,0.48,0.0,70.01,-5.94,3.8,True,False,False,Sun Only
2026-11-11 15:00:00+00:00,1794409200.0,de_gerlache_rim_1,223.86,0.47,0.0,69.97,-5.92,3.8,True,False,False,Sun Only
2026-11-11 16:00:00+00:00,1794412800.0,de_gerlache_rim_1,223.35,0.46,0.0,69.92,-5.9,3.8,True,False,False,Sun Only
2026-11-11 17:00:00+00:00,1794416400.0,de_gerlache_rim_1,222.85,0.45,0.0,69.88,-5.88,3.8,True,False,False,Sun Only
2026-11-11 18:00:00+00:00,1794420000.0,de_gerlache_rim_1,222.34,0.44,0.0,69.83,-5.86,3.8,True,False,False,Sun Only
2026-11-11 19:00:00+00:00,1794423600.0,de_gerlache_rim_1,221.83,0.43,0.0,69.78,-5.84,3.8,True,False,False,Sun Only
2026-11-11 20:00:00+00:00,1794427200.0,de_gerlache_rim_1,221.32,0.43,0.0,69.73,-5.82,3.8,True,False,False,Sun Only
2026-11-11 21:00:00+00:00,1794430800.0,de_gerlache_rim_1,220.81,0.42,0.0,69.68,-5.79,3.8,True,False,False,Sun Only
2026-11-11 22:00:00+00:00,1794434400.0,de_gerlache_rim_1,220.31,0.41,0.0,69.63,-5.77,3.8,True,False,False,Sun Only
2026-11-11 23:00:00+00:00,1794438000.0,de_gerlache_rim_1,219.8,0.4,0.0,69.59,-5.75,3.8,True,False,False,Sun Only
2026-11-12 00:00:00+00:00,1794441600.0,de_gerlache_rim_1,219.29,0.39,0.0,69.54,-5.72,3.8,True,False,False,Sun Only
2026-11-12 01:00:00+00:00,1794445200.0,de_gerlache_rim_1,218.78,0.38,0.0,69.49,-5.7,3.8,True,False,False,Sun Only
2026-11-12 02:00:00+00:00,1794448800.0,de_gerlache_rim_1,218.27,0.38,0.0,69.44,-5.67,3.8,True,False,False,Sun Only
2026-11-12 03:00:00+00:00,1794452400.0,de_gerlache_rim_1,217.76,0.37,0.0,69.39,-5.64,3.8,True,False,False,Sun Only
2026-11-12 04:00:00+00:00,1794456000.0,de_gerlache_rim_1,217.26,0.36,0.0,69.34,-5.62,3.8,True,False,False,Sun Only
2026-11-12 05:00:00+00:00,1794459600.0,de_gerlache_rim_1,216.75,0.35,0.0,69.29,-5.59,3.8,True,False,False,Sun Only
2026-11-12 06:00:00+00:00,1794463200.0,de_gerlache_rim_1,216.24,0.34,0.0,69.24,-5.57,3.8,True,False,False,Sun Only
2026-11-12 07:00:00+00:00,1794466800.0,de_gerlache_rim_1,215.73,0.34,0.0,69.19,-5.54,3.8,True,False,False,Sun Only
2026-11-12 08:00:00+00:00,1794470400.0,de_gerlache_rim_1,215.23,0.33,0.0,69.14,-5.51,3.8,True,False,False,Sun Only
2026-11-12 09:00:00+00:00,1794474000.0,de_gerlache_rim_1,214.72,0.32,0.0,69.09,-5.48,3.8,True,False,False,Sun Only
2026-11-12 10:00:00+00:00,1794477600.0,de_gerlache_rim_1,214.21,0.31,0.0,69.04,-5.45,3.8,True,False,False,Sun Only
2026-11-12 11:00:00+00:00,1794481200.0,de_gerlache_rim_1,213.7,0.31,0.0,68.99,-5.42,3.8,True,False,False,Sun Only
2026-11-12 12:00:00+00:00,1794484800.0,de_gerlache_rim_1,213.19,0.3,0.0,68.94,-5.39,3.8,True,False,False,Sun Only
2026-11-12 13:00:00+00:00,1794488400.0,de_gerlache_rim_1,212.68,0.29,0.0,68.88,-5.36,3.8,True,False,False,Sun Only
2026-11-12 14:00:00+00:00,1794492000.0,de_gerlache_rim_1,212.18,0.28,0.0,68.83,-5.33,3.8,True,False,False,Sun Only
2026-11-12 15:00:00+00:00,1794495600.0,de_gerlache_rim_1,211.67,0.28,0.0,68.78,-5.3,3.8,True,False,False,Sun Only
2026-11-12 16:00:00+00:00,1794499200.0,de_gerlache_rim_1,211.16,0.27,0.0,68.73,-5.27,3.8,True,False,False,Sun Only
2026-11-12 17:00:00+00:00,1794502800.0,de_gerlache_rim_1,210.65,0.27,0.0,68.68,-5.24,3.8,True,False,False,Sun Only
2026-11-12 18:00:00+00:00,1794506400.0,de_gerlache_rim_1,210.15,0.26,0.0,68.62,-5.21,3.8,True,False,False,Sun Only
2026-11-12 19:00:00+00:00,1794510000.0,de_gerlache_rim_1,209.64,0.25,0.0,68.57,-5.17,3.8,True,False,False,Sun Only
2026-11-12 20:00:00+00:00,1794513600.0,de_gerlache_rim_1,209.13,0.24,0.0,68.52,-5.14,3.8,True,False,False,Sun Only
2026-11-12 21:00:00+00:00,1794517200.0,de_gerlache_rim_1,208.62,0.24,0.0,68.46,-5.11,3.8,True,False,False,Sun Only
2026-11-12 22:00:00+00:00,1794520800.0,de_gerlache_rim_1,208.11,0.23,0.0,68.41,-5.07,3.8,True,False,False,Sun Only
2026-11-12 23:00:00+00:00,1794524400.0,de_gerlache_rim_1,207.61,0.23,0.0,68.36,-5.04,3.8,True,False,False,Sun Only
2026-11-13 00:00:00+00:00,1794528000.0,de_gerlache_rim_1,207.1,0.22,0.0,68.3,-5.0,3.8,True,False,False,Sun Only
2026-11-13 01:00:00+00:00,1794531600.0,de_gerlache_rim_1,206.59,0.21,0.0,68.25,-4.97,3.8,True,False,False,Sun Only
2026-11-13 02:00:00+00:00,1794535200.0,de_gerlache_rim_1,206.08,0.21,0.0,68.19,-4.93,3.8,True,False,False,Sun Only
2026-11-13 03:00:00+00:00,1794538800.0,de_gerlache_rim_1,205.58,0.2,0.0,68.14,-4.9,3.8,True,False,False,Sun Only
2026-11-13 04:00:00+00:00,1794542400.0,de_gerlache_rim_1,205.07,0.2,0.0,68.09,-4.86,3.8,True,False,False,Sun Only
2026-11-13 05:00:00+00:00,1794546000.0,de_gerlache_rim_1,204.56,0.19,0.02,68.03,-4.83,3.8,True,False,False,Sun Only
2026-11-13 06:00:00+00:00,1794549600.0,de_gerlache_rim_1,204.05,0.19,0.04,67.98,-4.79,3.8,True,False,False,Sun Only
2026-11-13 07:00:00+00:00,1794553200.0,de_gerlache_rim_1,203.54,0.18,0.06,67.92,-4.75,3.8,True,False,False,Sun Only
2026-11-13 08:00:00+00:00,1794556800.0,de_gerlache_rim_1,203.04,0.18,0.08,67.87,-4.71,3.8,True,False,False,Sun Only
2026-11-13 09:00:00+00:00,1794560400.0,de_gerlache_rim_1,202.53,0.17,0.1,67.81,-4.68,3.8,True,False,False,Sun Only
2026-11-13 10:00:00+00:00,1794564000.0,de_gerlache_rim_1,202.02,0.17,0.13,67.76,-4.64,3.8,True,False,False,Sun Only
2026-11-13 11:00:00+00:00,1794567600.0,de_gerlache_rim_1,201.51,0.16,0.15,67.7,-4.6,3.8,True,False,False,Sun Only
2026-11-13 12:00:00+00:00,1794571200.0,de_gerlache_rim_1,201.0,0.16,0.17,67.65,-4.56,3.8,False,False,False,Blackout
2026-11-13 13:00:00+00:00,1794574800.0,de_gerlache_rim_1,200.5,0.15,0.19,67.59,-4.52,3.8,False,False,False,Blackout
2026-11-13 14:00:00+00:00,1794578400.0,de_gerlache_rim_1,199.99,0.15,0.22,67.53,-4.48,3.8,False,False,False,Blackout
2026-11-13 15:00:00+00:00,1794582000.0,de_gerlache_rim_1,199.48,0.14,0.49,67.48,-4.44,3.8,False,False,False,Blackout
2026-11-13 16:00:00+00:00,1794585600.0,de_gerlache_rim_1,198.97,0.14,0.76,67.42,-4.4,3.8,False,False,False,Blackout
2026-11-13 17:00:00+00:00,1794589200.0,de_gerlache_rim_1,198.47,0.13,1.03,67.37,-4.36,3.8,False,False,False,Blackout
2026-11-13 18:00:00+00:00,1794592800.0,de_gerlache_rim_1,197.96,0.13,1.3,67.31,-4.32,3.8,False,False,False,Blackout
2026-11-13 19:00:00+00:00,1794596400.0,de_gerlache_rim_1,197.45,0.13,1.57,67.25,-4.28,3.8,False,False,False,Blackout
2026-11-13 20:00:00+00:00,1794600000.0,de_gerlache_rim_1,196.94,0.12,1.84,67.2,-4.23,3.8,False,False,False,Blackout
2026-11-13 21:00:00+00:00,1794603600.0,de_gerlache_rim_1,196.43,0.12,2.11,67.14,-4.19,3.8,False,False,False,Blackout
2026-11-13 22:00:00+00:00,1794607200.0,de_gerlache_rim_1,195.93,0.11,2.38,67.09,-4.15,3.8,False,False,False,Blackout
2026-11-13 23:00:00+00:00,1794610800.0,de_gerlache_rim_1,195.42,0.11,2.66,67.03,-4.11,3.8,False,False,False,Blackout
2026-11-14 00:00:00+00:00,1794614400.0,de_gerlache_rim_1,194.91,0.11,2.88,66.97,-4.06,3.8,False,False,False,Blackout
2026-11-14 01:00:00+00:00,1794618000.0,de_gerlache_rim_1,194.4,0.1,2.9,66.92,-4.02,3.8,False,False,False,Blackout
2026-11-14 02:00:00+00:00,1794621600.0,de_gerlache_rim_1,193.9,0.1,2.92,66.86,-3.98,3.8,False,False,False,Blackout
2026-11-14 03:00:00+00:00,1794625200.0,de_gerlache_rim_1,193.39,0.1,2.94,66.8,-3.93,3.8,False,False,False,Blackout
2026-11-14 04:00:00+00:00,1794628800.0,de_gerlache_rim_1,192.88,0.09,2.96,66.75,-3.89,3.8,False,False,False,Blackout
2026-11-14 05:00:00+00:00,1794632400.0,de_gerlache_rim_1,192.37,0.09,2.99,66.69,-3.84,3.8,False,False,False,Blackout
2026-11-14 06:00:00+00:00,1794636000.0,de_gerlache_rim_1,191.87,0.09,3.01,66.63,-3.8,3.8,False,False,False,Blackout
2026-11-14 07:00:00+00:00,1794639600.0,de_gerlache_rim_1,191.36,0.09,3.03,66.58,-3.75,3.8,False,False,False,Blackout
2026-11-14 08:00:00+00:00,1794643200.0,de_gerlache_rim_1,190.85,0.08,3.05,66.52,-3.71,3.8,False,False,False,Blackout
2026-11-14 09:00:00+00:00,1794646800.0,de_gerlache_rim_1,190.34,0.08,3.07,66.46,-3.66,3.8,False,False,False,Blackout
2026-11-14 10:00:00+00:00,1794650400.0,de_gerlache_rim_1,189.84,0.08,3.12,66.4,-3.61,3.8,False,False,False,Blackout
2026-11-14 11:00:00+00:00,1794654000.0,de_gerlache_rim_1,189.33,0.08,3.23,66.35,-3.57,3.8,False,False,False,Blackout
2026-11-14 12:00:00+00:00,1794657600.0,de_gerlache_rim_1,188.82,0.07,3.35,66.29,-3.52,3.8,False,False,False,Blackout
2026-11-14 13:00:00+00:00,1794661200.0,de_gerlache_rim_1,188.31,0.07,3.47,66.23,-3.47,3.8,False,False,False,Blackout
2026-11-14 14:00:00+00:00,1794664800.0,de_gerlache_rim_1,187.81,0.07,3.58,66.18,-3.42,3.8,False,False,False,Blackout
2026-11-14 15:00:00+00:00,1794668400.0,de_gerlache_rim_1,187.3,0.07,3.7,66.12,-3.38,3.8,False,False,False,Blackout
2026-11-14 16:00:00+00:00,1794672000.0,de_gerlache_rim_1,186.79,0.07,3.82,66.06,-3.33,3.8,False,False,False,Blackout
2026-11-14 17:00:00+00:00,1794675600.0,de_gerlache_rim_1,186.28,0.07,3.93,66.01,-3.28,3.8,False,False,False,Blackout
2026-11-14 18:00:00+00:00,1794679200.0,de_gerlache_rim_1,185.78,0.06,4.05,65.95,-3.23,3.8,False,False,False,Blackout
2026-11-14 19:00:00+00:00,1794682800.0,de_gerlache_rim_1,185.27,0.06,4.17,65.89,-3.18,3.8,False,False,False,Blackout
2026-11-14 20:00:00+00:00,1794686400.0,de_gerlache_rim_1,184.76,0.06,4.28,65.83,-3.13,3.8,False,False,False,Blackout
2026-11-14 21:00:00+00:00,1794690000.0,de_gerlache_rim_1,184.25,0.06,4.39,65.78,-3.08,3.8,False,False,False,Blackout
2026-11-14 22:00:00+00:00,1794693600.0,de_gerlache_rim_1,183.75,0.06,4.51,65.72,-3.04,3.8,False,False,False,Blackout
2026-11-14 23:00:00+00:00,1794697200.0,de_gerlache_rim_1,183.24,0.06,4.62,65.67,-2.98,3.8,False,False,False,Blackout
2026-11-15 00:00:00+00:00,1794700800.0,de_gerlache_rim_1,182.73,0.06,4.73,65.61,-2.94,3.8,False,False,False,Blackout
2026-11-15 01:00:00+00:00,1794704400.0,de_gerlache_rim_1,182.22,0.06,4.84,65.55,-2.88,3.8,False,False,False,Blackout
2026-11-15 02:00:00+00:00,1794708000.0,de_gerlache_rim_1,181.72,0.06,4.95,65.5,-2.83,3.8,False,False,False,Blackout
2026-11-15 03:00:00+00:00,1794711600.0,de_gerlache_rim_1,181.21,0.06,5.06,65.44,-2.78,3.8,False,False,False,Blackout
2026-11-15 04:00:00+00:00,1794715200.0,de_gerlache_rim_1,180.7,0.06,5.18,65.38,-2.73,3.8,False,False,False,Blackout
2026-11-15 05:00:00+00:00,1794718800.0,de_gerlache_rim_1,180.19,0.06,5.29,65.33,-2.68,3.8,False,False,False,Blackout
2026-11-15 06:00:00+00:00,1794722400.0,de_gerlache_rim_1,179.69,0.06,5.35,65.27,-2.63,3.8,False,False,False,Blackout
2026-11-15 07:00:00+00:00,1794726000.0,de_gerlache_rim_1,179.18,0.06,5.39,65.21,-2.58,3.8,False,False,False,Blackout
2026-11-15 08:00:00+00:00,1794729600.0,de_gerlache_rim_1,178.67,0.06,5.42,65.16,-2.52,3.8,False,False,False,Blackout
2026-11-15 09:00:00+00:00,1794733200.0,de_gerlache_rim_1,178.16,0.06,5.46,65.1,-2.47,3.8,False,False,False,Blackout
2026-11-15 10:00:00+00:00,1794736800.0,de_gerlache_rim_1,177.66,0.06,5.49,65.05,-2.42,3.8,False,False,False,Blackout
2026-11-15 11:00:00+00:00,1794740400.0,de_gerlache_rim_1,177.15,0.06,5.53,64.99,-2.37,3.8,False,False,False,Blackout
2026-11-15 12:00:00+00:00,1794744000.0,de_gerlache_rim_1,176.64,0.06,5.57,64.94,-2.31,3.8,False,False,False,Blackout
2026-11-15 13:00:00+00:00,1794747600.0,de_gerlache_rim_1,176.13,0.06,5.6,64.88,-2.26,3.8,False,False,False,Blackout
2026-11-15 14:00:00+00:00,1794751200.0,de_gerlache_rim_1,175.63,0.06,5.64,64.82,-2.21,3.8,False,False,False,Blackout
2026-11-15 15:00:00+00:00,1794754800.0,de_gerlache_rim_1,175.12,0.06,5.67,64.77,-2.15,3.8,False,False,False,Blackout
2026-11-15 16:00:00+00:00,1794758400.0,de_gerlache_rim_1,174.61,0.06,5.66,64.71,-2.1,3.8,False,False,False,Blackout
2026-11-15 17:00:00+00:00,1794762000.0,de_gerlache_rim_1,174.11,0.06,5.64,64.66,-2.04,3.8,False,False,False,Blackout
2026-11-15 18:00:00+00:00,1794765600.0,de_gerlache_rim_1,173.6,0.07,5.62,64.6,-1.99,3.8,False,False,False,Blackout
2026-11-15 19:00:00+00:00,1794769200.0,de_gerlache_rim_1,173.09,0.07,5.6,64.55,-1.94,3.8,False,False,False,Blackout
2026-11-15 20:00:00+00:00,1794772800.0,de_gerlache_rim_1,172.58,0.07,5.57,64.5,-1.88,3.8,False,False,False,Blackout
2026-11-15 21:00:00+00:00,1794776400.0,de_gerlache_rim_1,172.08,0.07,5.55,64.44,-1.83,3.8,False,False,False,Blackout
2026-11-15 22:00:00+00:00,1794780000.0,de_gerlache_rim_1,171.57,0.07,5.53,64.39,-1.77,3.8,False,False,False,Blackout
2026-11-15 23:00:00+00:00,1794783600.0,de_gerlache_rim_1,171.06,0.07,5.51,64.33,-1.72,3.8,False,False,False,Blackout
2026-11-16 00:00:00+00:00,1794787200.0,de_gerlache_rim_1,170.56,0.08,5.48,64.28,-1.66,3.8,False,False,False,Blackout
2026-11-16 01:00:00+00:00,1794790800.0,de_gerlache_rim_1,170.05,0.08,5.46,64.23,-1.61,3.8,False,False,False,Blackout
2026-11-16 02:00:00+00:00,1794794400.0,de_gerlache_rim_1,169.54,0.08,5.38,64.17,-1.55,3.8,False,False,False,Blackout
2026-11-16 03:00:00+00:00,1794798000.0,de_gerlache_rim_1,169.03,0.08,5.29,64.12,-1.49,3.8,False,False,False,Blackout
2026-11-16 04:00:00+00:00,1794801600.0,de_gerlache_rim_1,168.53,0.09,5.19,64.07,-1.44,3.8,False,False,False,Blackout
2026-11-16 05:00:00+00:00,1794805200.0,de_gerlache_rim_1,168.02,0.09,5.1,64.02,-1.38,3.8,False,False,False,Blackout
2026-11-16 06:00:00+00:00,1794808800.0,de_gerlache_rim_1,167.51,0.09,5.01,63.96,-1.32,3.8,False,False,False,Blackout
2026-11-16 07:00:00+00:00,1794812400.0,de_gerlache_rim_1,167.0,0.09,4.92,63.91,-1.27,3.8,False,False,False,Blackout
2026-11-16 08:00:00+00:00,1794816000.0,de_gerlache_rim_1,166.5,0.1,4.83,63.86,-1.21,3.8,False,False,False,Blackout
2026-11-16 09:00:00+00:00,1794819600.0,de_gerlache_rim_1,165.99,0.1,4.74,63.81,-1.16,3.8,False,False,False,Blackout
2026-11-16 10:00:00+00:00,1794823200.0,de_gerlache_rim_1,165.48,0.1,4.65,63.76,-1.1,3.8,False,False,False,Blackout
2026-11-16 11:00:00+00:00,1794826800.0,de_gerlache_rim_1,164.98,0.11,4.56,63.71,-1.04,3.8,False,False,False,Blackout
2026-11-16 12:00:00+00:00,1794830400.0,de_gerlache_rim_1,164.47,0.11,4.46,63.66,-0.98,3.8,False,False,False,Blackout
2026-11-16 13:00:00+00:00,1794834000.0,de_gerlache_rim_1,163.96,0.11,4.37,63.61,-0.93,3.8,False,False,False,Blackout
2026-11-16 14:00:00+00:00,1794837600.0,de_gerlache_rim_1,163.46,0.12,4.27,63.56,-0.87,3.8,False,False,False,Blackout
2026-11-16 15:00:00+00:00,1794841200.0,de_gerlache_rim_1,162.95,0.12,4.18,63.51,-0.81,3.8,False,False,False,Blackout
2026-11-16 16:00:00+00:00,1794844800.0,de_gerlache_rim_1,162.44,0.12,4.08,63.46,-0.75,3.8,False,False,False,Blackout
2026-11-16 17:00:00+00:00,1794848400.0,de_gerlache_rim_1,161.93,0.13,3.99,63.41,-0.7,3.8,False,False,False,Blackout
2026-11-16 18:00:00+00:00,1794852000.0,de_gerlache_rim_1,161.43,0.13,3.9,63.36,-0.64,3.8,False,False,False,Blackout
2026-11-16 19:00:00+00:00,1794855600.0,de_gerlache_rim_1,160.92,0.14,3.8,63.31,-0.58,3.8,False,False,False,Blackout
2026-11-16 20:00:00+00:00,1794859200.0,de_gerlache_rim_1,160.41,0.14,3.71,63.26,-0.52,3.8,False,False,False,Blackout
2026-11-16 21:00:00+00:00,1794862800.0,de_gerlache_rim_1,159.91,0.14,3.63,63.22,-0.46,3.8,False,False,False,Blackout
2026-11-16 22:00:00+00:00,1794866400.0,de_gerlache_rim_1,159.4,0.15,3.65,63.17,-0.41,3.8,False,False,False,Blackout
2026-11-16 23:00:00+00:00,1794870000.0,de_gerlache_rim_1,158.89,0.15,3.66,63.12,-0.35,3.8,False,False,False,Blackout
2026-11-17 00:00:00+00:00,1794873600.0,de_gerlache_rim_1,158.38,0.16,3.67,63.08,-0.29,3.8,False,False,False,Blackout
2026-11-17 01:00:00+00:00,1794877200.0,de_gerlache_rim_1,157.88,0.16,3.69,63.03,-0.23,3.8,False,False,False,Blackout
2026-11-17 02:00:00+00:00,1794880800.0,de_gerlache_rim_1,157.37,0.17,3.7,62.98,-0.17,3.8,False,False,False,Blackout
2026-11-17 03:00:00+00:00,1794884400.0,de_gerlache_rim_1,156.87,0.17,3.71,62.94,-0.11,3.8,False,False,False,Blackout
2026-11-17 04:00:00+00:00,1794888000.0,de_gerlache_rim_1,156.36,0.18,3.72,62.89,-0.05,3.8,False,False,False,Blackout
2026-11-17 05:00:00+00:00,1794891600.0,de_gerlache_rim_1,155.85,0.18,3.74,62.85,0.01,3.8,False,False,False,Blackout
2026-11-17 06:00:00+00:00,1794895200.0,de_gerlache_rim_1,155.34,0.19,3.75,62.81,0.07,3.8,False,False,False,Blackout
2026-11-17 07:00:00+00:00,1794898800.0,de_gerlache_rim_1,154.84,0.2,3.82,62.76,0.12,3.8,False,False,False,Blackout
2026-11-17 08:00:00+00:00,1794902400.0,de_gerlache_rim_1,154.33,0.2,3.99,62.72,0.18,3.8,False,False,False,Blackout
2026-11-17 09:00:00+00:00,1794906000.0,de_gerlache_rim_1,153.82,0.21,4.17,62.68,0.24,3.8,False,False,False,Blackout
2026-11-17 10:00:00+00:00,1794909600.0,de_gerlache_rim_1,153.32,0.21,4.35,62.63,0.3,3.8,False,False,False,Blackout
2026-11-17 11:00:00+00:00,1794913200.0,de_gerlache_rim_1,152.81,0.22,4.53,62.59,0.36,3.8,False,False,False,Blackout
2026-11-17 12:00:00+00:00,1794916800.0,de_gerlache_rim_1,152.3,0.22,4.7,62.55,0.42,3.8,False,False,False,Blackout
2026-11-17 13:00:00+00:00,1794920400.0,de_gerlache_rim_1,151.8,0.23,4.88,62.51,0.48,3.8,False,False,False,Blackout
2026-11-17 14:00:00+00:00,1794924000.0,de_gerlache_rim_1,151.29,0.24,5.06,62.47,0.54,3.8,False,False,False,Blackout
2026-11-17 15:00:00+00:00,1794927600.0,de_gerlache_rim_1,150.78,0.24,5.24,62.43,0.6,3.8,False,False,False,Blackout
2026-11-17 16:00:00+00:00,1794931200.0,de_gerlache_rim_1,150.28,0.25,5.41,62.39,0.66,3.8,False,False,False,Blackout
2026-11-17 17:00:00+00:00,1794934800.0,de_gerlache_rim_1,149.77,0.26,5.51,62.35,0.72,3.8,False,False,False,Blackout
2026-11-17 18:00:00+00:00,1794938400.0,de_gerlache_rim_1,149.26,0.26,5.51,62.31,0.78,3.8,False,False,False,Blackout
2026-11-17 19:00:00+00:00,1794942000.0,de_gerlache_rim_1,148.76,0.27,5.51,62.27,0.84,3.8,False,False,False,Blackout
2026-11-17 20:00:00+00:00,1794945600.0,de_gerlache_rim_1,148.25,0.28,5.51,62.24,0.9,3.8,False,False,False,Blackout
2026-11-17 21:00:00+00:00,1794949200.0,de_gerlache_rim_1,147.74,0.28,5.51,62.2,0.96,3.8,False,False,False,Blackout
2026-11-17 22:00:00+00:00,1794952800.0,de_gerlache_rim_1,147.24,0.29,5.51,62.16,1.02,3.8,False,False,False,Blackout
2026-11-17 23:00:00+00:00,1794956400.0,de_gerlache_rim_1,146.73,0.3,5.51,62.12,1.08,3.8,False,False,False,Blackout
2026-11-18 00:00:00+00:00,1794960000.0,de_gerlache_rim_1,146.22,0.3,5.51,62.09,1.14,3.8,False,False,False,Blackout
2026-11-18 01:00:00+00:00,1794963600.0,de_gerlache_rim_1,145.72,0.31,5.51,62.06,1.2,3.8,False,False,False,Blackout
2026-11-18 02:00:00+00:00,1794967200.0,de_gerlache_rim_1,145.21,0.32,5.51,62.02,1.25,3.8,False,False,False,Blackout
2026-11-18 03:00:00+00:00,1794970800.0,de_gerlache_rim_1,144.7,0.33,5.58,61.99,1.31,3.8,False,False,False,Blackout
2026-11-18 04:00:00+00:00,1794974400.0,de_gerlache_rim_1,144.2,0.33,5.71,61.95,1.37,3.8,False,False,False,Blackout
2026-11-18 05:00:00+00:00,1794978000.0,de_gerlache_rim_1,143.69,0.34,5.83,61.92,1.43,3.8,False,False,False,Blackout
2026-11-18 06:00:00+00:00,1794981600.0,de_gerlache_rim_1,143.18,0.35,5.96,61.89,1.49,3.8,False,False,False,Blackout
2026-11-18 07:00:00+00:00,1794985200.0,de_gerlache_rim_1,142.68,0.36,6.09,61.86,1.55,3.8,False,False,False,Blackout
2026-11-18 08:00:00+00:00,1794988800.0,de_gerlache_rim_1,142.17,0.36,6.21,61.83,1.61,3.8,False,False,False,Blackout
2026-11-18 09:00:00+00:00,1794992400.0,de_gerlache_rim_1,141.66,0.37,6.34,61.8,1.67,3.8,False,False,False,Blackout
2026-11-18 10:00:00+00:00,1794996000.0,de_gerlache_rim_1,141.16,0.38,6.46,61.77,1.73,3.8,False,False,False,Blackout
2026-11-18 11:00:00+00:00,1794999600.0,de_gerlache_rim_1,140.65,0.39,6.59,61.74,1.79,3.8,False,False,False,Blackout
2026-11-18 12:00:00+00:00,1795003200.0,de_gerlache_rim_1,140.15,0.4,6.71,61.71,1.85,3.8,False,False,False,Blackout
2026-11-18 13:00:00+00:00,1795006800.0,de_gerlache_rim_1,139.64,0.41,6.75,61.68,1.91,3.8,False,False,False,Blackout
2026-11-18 14:00:00+00:00,1795010400.0,de_gerlache_rim_1,139.13,0.41,6.75,61.65,1.97,3.8,False,False,False,Blackout
2026-11-18 15:00:00+00:00,1795014000.0,de_gerlache_rim_1,138.63,0.42,6.75,61.63,2.03,3.8,False,False,False,Blackout
2026-11-18 16:00:00+00:00,1795017600.0,de_gerlache_rim_1,138.12,0.43,6.75,61.6,2.08,3.8,False,False,False,Blackout
2026-11-18 17:00:00+00:00,1795021200.0,de_gerlache_rim_1,137.61,0.44,6.75,61.57,2.14,3.8,False,False,False,Blackout
2026-11-18 18:00:00+00:00,1795024800.0,de_gerlache_rim_1,137.11,0.45,6.75,61.55,2.2,3.8,False,False,False,Blackout
2026-11-18 19:00:00+00:00,1795028400.0,de_gerlache_rim_1,136.6,0.46,6.75,61.53,2.26,3.8,False,False,False,Blackout
2026-11-18 20:00:00+00:00,1795032000.0,de_gerlache_rim_1,136.1,0.47,6.75,61.5,2.32,3.8,False,False,False,Blackout
2026-11-18 21:00:00+00:00,1795035600.0,de_gerlache_rim_1,135.59,0.48,6.75,61.48,2.38,3.8,False,False,False,Blackout
2026-11-18 22:00:00+00:00,1795039200.0,de_gerlache_rim_1,135.08,0.49,6.75,61.46,2.44,3.8,False,False,False,Blackout
2026-11-18 23:00:00+00:00,1795042800.0,de_gerlache_rim_1,134.58,0.5,6.75,61.44,2.5,3.8,False,False,False,Blackout
2026-11-19 00:00:00+00:00,1795046400.0,de_gerlache_rim_1,134.07,0.51,6.75,61.42,2.55,3.8,False,False,False,Blackout
2026-11-19 01:00:00+00:00,1795050000.0,de_gerlache_rim_1,133.56,0.51,6.75,61.4,2.61,3.8,False,False,False,Blackout
2026-11-19 02:00:00+00:00,1795053600.0,de_gerlache_rim_1,133.06,0.52,6.75,61.38,2.67,3.8,False,False,False,Blackout
2026-11-19 03:00:00+00:00,1795057200.0,de_gerlache_rim_1,132.55,0.53,6.75,61.36,2.73,3.8,False,False,False,Blackout
2026-11-19 04:00:00+00:00,1795060800.0,de_gerlache_rim_1,132.04,0.54,6.75,61.34,2.78,3.8,False,False,False,Blackout
2026-11-19 05:00:00+00:00,1795064400.0,de_gerlache_rim_1,131.54,0.55,6.75,61.32,2.84,3.8,False,False,False,Blackout
2026-11-19 06:00:00+00:00,1795068000.0,de_gerlache_rim_1,131.03,0.56,6.75,61.31,2.9,3.8,False,False,False,Blackout
2026-11-19 07:00:00+00:00,1795071600.0,de_gerlache_rim_1,130.53,0.57,6.75,61.29,2.96,3.8,False,False,False,Blackout
2026-11-19 08:00:00+00:00,1795075200.0,de_gerlache_rim_1,130.02,0.58,6.75,61.28,3.01,3.8,False,False,False,Blackout
2026-11-19 09:00:00+00:00,1795078800.0,de_gerlache_rim_1,129.51,0.59,6.75,61.26,3.07,3.8,False,False,False,Blackout
2026-11-19 10:00:00+00:00,1795082400.0,de_gerlache_rim_1,129.01,0.6,6.75,61.25,3.13,3.8,False,False,False,Blackout
2026-11-19 11:00:00+00:00,1795086000.0,de_gerlache_rim_1,128.5,0.61,6.75,61.24,3.18,3.8,False,False,False,Blackout
2026-11-19 12:00:00+00:00,1795089600.0,de_gerlache_rim_1,128.0,0.62,6.75,61.23,3.24,3.8,False,False,False,Blackout
2026-11-19 13:00:00+00:00,1795093200.0,de_gerlache_rim_1,127.49,0.63,6.75,61.22,3.29,3.8,False,False,False,Blackout
2026-11-19 14:00:00+00:00,1795096800.0,de_gerlache_rim_1,126.98,0.64,6.75,61.21,3.35,3.8,False,False,False,Blackout
2026-11-19 15:00:00+00:00,1795100400.0,de_gerlache_rim_1,126.48,0.65,6.75,61.2,3.41,3.8,False,False,False,Blackout
2026-11-19 16:00:00+00:00,1795104000.0,de_gerlache_rim_1,125.97,0.67,6.75,61.19,3.46,3.8,False,False,False,Blackout
2026-11-19 17:00:00+00:00,1795107600.0,de_gerlache_rim_1,125.47,0.68,6.75,61.18,3.52,3.8,False,False,False,Blackout
2026-11-19 18:00:00+00:00,1795111200.0,de_gerlache_rim_1,124.96,0.69,6.73,61.17,3.57,3.8,False,False,False,Blackout
2026-11-19 19:00:00+00:00,1795114800.0,de_gerlache_rim_1,124.45,0.7,6.43,61.17,3.63,3.8,False,False,False,Blackout
2026-11-19 20:00:00+00:00,1795118400.0,de_gerlache_rim_1,123.95,0.71,6.13,61.16,3.68,3.8,False,False,False,Blackout
2026-11-19 21:00:00+00:00,1795122000.0,de_gerlache_rim_1,123.44,0.72,5.83,61.16,3.73,3.8,False,False,False,Blackout
2026-11-19 22:00:00+00:00,1795125600.0,de_gerlache_rim_1,122.93,0.73,5.53,61.15,3.79,3.8,False,False,False,Blackout
2026-11-19 23:00:00+00:00,1795129200.0,de_gerlache_rim_1,122.43,0.74,5.23,61.15,3.84,3.8,False,True,False,Comm Only
2026-11-20 00:00:00+00:00,1795132800.0,de_gerlache_rim_1,121.92,0.75,4.93,61.15,3.9,3.8,False,True,False,Comm Only
2026-11-20 01:00:00+00:00,1795136400.0,de_gerlache_rim_1,121.42,0.76,4.64,61.15,3.95,3.8,False,True,False,Comm Only
2026-11-20 02:00:00+00:00,1795140000.0,de_gerlache_rim_1,120.91,0.77,4.34,61.15,4.0,3.8,False,True,False,Comm Only
2026-11-20 03:00:00+00:00,1795143600.0,de_gerlache_rim_1,120.4,0.79,4.04,61.15,4.05,3.8,False,True,False,Comm Only
2026-11-20 04:00:00+00:00,1795147200.0,de_gerlache_rim_1,119.9,0.8,3.8,61.15,4.11,3.8,False,True,False,Comm Only
2026-11-20 05:00:00+00:00,1795150800.0,de_gerlache_rim_1,119.39,0.81,3.8,61.15,4.16,3.8,False,True,False,Comm Only
2026-11-20 06:00:00+00:00,1795154400.0,de_gerlache_rim_1,118.89,0.82,3.8,61.15,4.21,3.8,False,True,False,Comm Only
2026-11-20 07:00:00+00:00,1795158000.0,de_gerlache_rim_1,118.38,0.83,3.8,61.16,4.26,3.8,False,True,False,Comm Only
2026-11-20 08:00:00+00:00,1795161600.0,de_gerlache_rim_1,117.88,0.84,3.8,61.16,4.32,3.8,False,True,False,Comm Only
2026-11-20 09:00:00+00:00,1795165200.0,de_gerlache_rim_1,117.37,0.85,3.8,61.17,4.37,3.8,False,True,False,Comm Only
2026-11-20 10:00:00+00:00,1795168800.0,de_gerlache_rim_1,116.86,0.87,3.8,61.17,4.42,3.8,False,True,False,Comm Only
2026-11-20 11:00:00+00:00,1795172400.0,de_gerlache_rim_1,116.36,0.88,3.8,61.18,4.47,3.8,False,True,False,Comm Only
2026-11-20 12:00:00+00:00,1795176000.0,de_gerlache_rim_1,115.85,0.89,3.8,61.19,4.52,3.8,False,True,False,Comm Only
2026-11-20 13:00:00+00:00,1795179600.0,de_gerlache_rim_1,115.35,0.9,3.8,61.2,4.57,3.8,False,True,False,Comm Only
2026-11-20 14:00:00+00:00,1795183200.0,de_gerlache_rim_1,114.84,0.91,3.8,61.21,4.62,3.8,False,True,False,Comm Only
2026-11-20 15:00:00+00:00,1795186800.0,de_gerlache_rim_1,114.33,0.93,3.8,61.22,4.67,3.8,False,True,False,Comm Only
2026-11-20 16:00:00+00:00,1795190400.0,de_gerlache_rim_1,113.83,0.94,3.8,61.23,4.71,3.8,False,True,False,Comm Only
2026-11-20 17:00:00+00:00,1795194000.0,de_gerlache_rim_1,113.32,0.95,3.8,61.24,4.76,3.8,False,True,False,Comm Only
2026-11-20 18:00:00+00:00,1795197600.0,de_gerlache_rim_1,112.82,0.96,3.8,61.25,4.81,3.8,False,True,False,Comm Only
2026-11-20 19:00:00+00:00,1795201200.0,de_gerlache_rim_1,112.31,0.97,3.8,61.27,4.86,3.8,False,True,False,Comm Only
2026-11-20 20:00:00+00:00,1795204800.0,de_gerlache_rim_1,111.81,0.98,3.8,61.28,4.9,3.8,False,True,False,Comm Only
2026-11-20 21:00:00+00:00,1795208400.0,de_gerlache_rim_1,111.3,1.0,3.8,61.3,4.95,3.8,False,True,False,Comm Only
2026-11-20 22:00:00+00:00,1795212000.0,de_gerlache_rim_1,110.79,1.01,3.8,61.32,5.0,3.8,False,True,False,Comm Only
2026-11-20 23:00:00+00:00,1795215600.0,de_gerlache_rim_1,110.29,1.02,3.8,61.33,5.04,3.8,False,True,False,Comm Only
2026-11-21 00:00:00+00:00,1795219200.0,de_gerlache_rim_1,109.78,1.03,3.8,61.35,5.09,3.8,False,True,False,Comm Only
2026-11-21 01:00:00+00:00,1795222800.0,de_gerlache_rim_1,109.28,1.05,3.8,61.37,5.13,3.8,False,True,False,Comm Only
2026-11-21 02:00:00+00:00,1795226400.0,de_gerlache_rim_1,108.77,1.06,3.8,61.39,5.18,3.8,False,True,False,Comm Only
2026-11-21 03:00:00+00:00,1795230000.0,de_gerlache_rim_1,108.26,1.07,3.8,61.41,5.22,3.8,False,True,False,Comm Only
2026-11-21 04:00:00+00:00,1795233600.0,de_gerlache_rim_1,107.76,1.08,3.8,61.43,5.27,3.8,False,True,False,Comm Only
2026-11-21 05:00:00+00:00,1795237200.0,de_gerlache_rim_1,107.25,1.09,3.8,61.46,5.31,3.8,False,True,False,Comm Only
2026-11-21 06:00:00+00:00,1795240800.0,de_gerlache_rim_1,106.75,1.11,3.8,61.48,5.35,3.8,False,True,False,Comm Only
2026-11-21 07:00:00+00:00,1795244400.0,de_gerlache_rim_1,106.24,1.12,3.8,61.51,5.39,3.8,False,True,False,Comm Only
2026-11-21 08:00:00+00:00,1795248000.0,de_gerlache_rim_1,105.74,1.13,3.8,61.53,5.44,3.8,False,True,False,Comm Only
2026-11-21 09:00:00+00:00,1795251600.0,de_gerlache_rim_1,105.23,1.15,3.8,61.56,5.48,3.8,False,True,False,Comm Only
2026-11-21 10:00:00+00:00,1795255200.0,de_gerlache_rim_1,104.73,1.16,3.8,61.58,5.52,3.8,False,True,False,Comm Only
2026-11-21 11:00:00+00:00,1795258800.0,de_gerlache_rim_1,104.22,1.17,3.8,61.61,5.56,3.8,False,True,False,Comm Only
2026-11-21 12:00:00+00:00,1795262400.0,de_gerlache_rim_1,103.71,1.18,3.8,61.64,5.6,3.8,False,True,False,Comm Only
2026-11-21 13:00:00+00:00,1795266000.0,de_gerlache_rim_1,103.21,1.2,3.8,61.67,5.64,3.8,False,True,False,Comm Only
2026-11-21 14:00:00+00:00,1795269600.0,de_gerlache_rim_1,102.7,1.21,3.8,61.7,5.68,3.8,False,True,False,Comm Only
2026-11-21 15:00:00+00:00,1795273200.0,de_gerlache_rim_1,102.2,1.22,3.8,61.74,5.72,3.8,False,True,False,Comm Only
2026-11-21 16:00:00+00:00,1795276800.0,de_gerlache_rim_1,101.69,1.23,3.8,61.77,5.76,3.8,False,True,False,Comm Only
2026-11-21 17:00:00+00:00,1795280400.0,de_gerlache_rim_1,101.19,1.25,3.8,61.8,5.79,3.8,False,True,False,Comm Only
2026-11-21 18:00:00+00:00,1795284000.0,de_gerlache_rim_1,100.68,1.26,3.8,61.83,5.83,3.8,False,True,False,Comm Only
2026-11-21 19:00:00+00:00,1795287600.0,de_gerlache_rim_1,100.18,1.27,3.8,61.87,5.87,3.8,False,True,False,Comm Only
2026-11-21 20:00:00+00:00,1795291200.0,de_gerlache_rim_1,99.67,1.29,3.8,61.91,5.9,3.8,False,True,False,Comm Only
2026-11-21 21:00:00+00:00,1795294800.0,de_gerlache_rim_1,99.16,1.3,3.8,61.94,5.94,3.8,False,True,False,Comm Only
2026-11-21 22:00:00+00:00,1795298400.0,de_gerlache_rim_1,98.66,1.31,3.8,61.98,5.97,3.8,False,True,False,Comm Only
2026-11-21 23:00:00+00:00,1795302000.0,de_gerlache_rim_1,98.15,1.32,3.8,62.02,6.01,3.8,False,True,False,Comm Only
2026-11-22 00:00:00+00:00,1795305600.0,de_gerlache_rim_1,97.65,1.34,3.8,62.06,6.04,3.8,False,True,False,Comm Only
2026-11-22 01:00:00+00:00,1795309200.0,de_gerlache_rim_1,97.14,1.35,3.8,62.1,6.08,3.8,False,True,False,Comm Only
2026-11-22 02:00:00+00:00,1795312800.0,de_gerlache_rim_1,96.64,1.36,3.8,62.14,6.11,3.8,False,True,False,Comm Only
2026-11-22 03:00:00+00:00,1795316400.0,de_gerlache_rim_1,96.13,1.38,3.8,62.18,6.14,3.8,False,True,False,Comm Only
2026-11-22 04:00:00+00:00,1795320000.0,de_gerlache_rim_1,95.62,1.39,3.8,62.23,6.17,3.8,False,True,False,Comm Only
2026-11-22 05:00:00+00:00,1795323600.0,de_gerlache_rim_1,95.12,1.4,3.8,62.27,6.2,3.8,False,True,False,Comm Only
2026-11-22 06:00:00+00:00,1795327200.0,de_gerlache_rim_1,94.61,1.42,3.8,62.31,6.23,3.8,False,True,False,Comm Only
2026-11-22 07:00:00+00:00,1795330800.0,de_gerlache_rim_1,94.11,1.43,3.8,62.36,6.26,3.8,False,True,False,Comm Only
2026-11-22 08:00:00+00:00,1795334400.0,de_gerlache_rim_1,93.6,1.44,3.8,62.41,6.29,3.8,False,True,False,Comm Only
2026-11-22 09:00:00+00:00,1795338000.0,de_gerlache_rim_1,93.1,1.45,3.8,62.45,6.32,3.8,False,True,False,Comm Only
2026-11-22 10:00:00+00:00,1795341600.0,de_gerlache_rim_1,92.59,1.47,3.8,62.5,6.35,3.8,False,True,False,Comm Only
2026-11-22 11:00:00+00:00,1795345200.0,de_gerlache_rim_1,92.09,1.48,3.8,62.55,6.37,3.8,False,True,False,Comm Only
2026-11-22 12:00:00+00:00,1795348800.0,de_gerlache_rim_1,91.58,1.49,3.8,62.6,6.4,3.8,False,True,False,Comm Only
2026-11-22 13:00:00+00:00,1795352400.0,de_gerlache_rim_1,91.07,1.51,3.8,62.65,6.43,3.8,False,True,False,Comm Only
2026-11-22 14:00:00+00:00,1795356000.0,de_gerlache_rim_1,90.57,1.52,3.8,62.7,6.45,3.8,False,True,False,Comm Only
2026-11-22 15:00:00+00:00,1795359600.0,de_gerlache_rim_1,90.06,1.53,3.8,62.75,6.48,3.8,False,True,False,Comm Only
2026-11-22 16:00:00+00:00,1795363200.0,de_gerlache_rim_1,89.56,1.54,3.8,62.81,6.5,3.8,False,True,False,Comm Only
2026-11-22 17:00:00+00:00,1795366800.0,de_gerlache_rim_1,89.05,1.56,3.8,62.86,6.52,3.8,False,True,False,Comm Only
2026-11-22 18:00:00+00:00,1795370400.0,de_gerlache_rim_1,88.55,1.57,3.8,62.91,6.55,3.8,False,True,False,Comm Only
2026-11-22 19:00:00+00:00,1795374000.0,de_gerlache_rim_1,88.04,1.58,3.8,62.97,6.57,3.8,False,True,False,Comm Only
2026-11-22 20:00:00+00:00,1795377600.0,de_gerlache_rim_1,87.54,1.6,3.8,63.02,6.59,3.8,False,True,False,Comm Only
2026-11-22 21:00:00+00:00,1795381200.0,de_gerlache_rim_1,87.03,1.61,3.8,63.08,6.61,3.8,False,True,False,Comm Only
2026-11-22 22:00:00+00:00,1795384800.0,de_gerlache_rim_1,86.53,1.62,3.8,63.14,6.63,3.8,False,True,False,Comm Only
2026-11-22 23:00:00+00:00,1795388400.0,de_gerlache_rim_1,86.02,1.64,3.8,63.19,6.65,3.8,False,True,False,Comm Only
2026-11-23 00:00:00+00:00,1795392000.0,de_gerlache_rim_1,85.51,1.65,3.8,63.25,6.67,3.8,False,True,False,Comm Only
2026-11-23 01:00:00+00:00,1795395600.0,de_gerlache_rim_1,85.01,1.66,3.8,63.31,6.68,3.8,False,True,False,Comm Only
2026-11-23 02:00:00+00:00,1795399200.0,de_gerlache_rim_1,84.5,1.68,3.8,63.37,6.7,3.8,False,True,False,Comm Only
2026-11-23 03:00:00+00:00,1795402800.0,de_gerlache_rim_1,84.0,1.69,3.8,63.43,6.72,3.8,False,True,False,Comm Only
2026-11-23 04:00:00+00:00,1795406400.0,de_gerlache_rim_1,83.49,1.7,3.8,63.5,6.73,3.8,False,True,False,Comm Only
2026-11-23 05:00:00+00:00,1795410000.0,de_gerlache_rim_1,82.99,1.71,3.8,63.56,6.75,3.8,False,True,False,Comm Only
2026-11-23 06:00:00+00:00,1795413600.0,de_gerlache_rim_1,82.48,1.73,3.8,63.62,6.76,3.8,False,True,False,Comm Only
2026-11-23 07:00:00+00:00,1795417200.0,de_gerlache_rim_1,81.98,1.74,3.8,63.68,6.78,3.8,False,True,False,Comm Only
2026-11-23 08:00:00+00:00,1795420800.0,de_gerlache_rim_1,81.47,1.75,3.8,63.75,6.79,3.8,False,True,False,Comm Only
2026-11-23 09:00:00+00:00,1795424400.0,de_gerlache_rim_1,80.97,1.76,3.8,63.81,6.8,3.8,False,True,False,Comm Only
2026-11-23 10:00:00+00:00,1795428000.0,de_gerlache_rim_1,80.46,1.78,3.8,63.88,6.81,3.8,False,True,False,Comm Only
2026-11-23 11:00:00+00:00,1795431600.0,de_gerlache_rim_1,79.95,1.79,3.8,63.94,6.82,3.8,False,True,False,Comm Only
2026-11-23 12:00:00+00:00,1795435200.0,de_gerlache_rim_1,79.45,1.8,3.8,64.01,6.83,3.8,False,True,False,Comm Only
2026-11-23 13:00:00+00:00,1795438800.0,de_gerlache_rim_1,78.94,1.82,3.8,64.08,6.84,3.8,False,True,False,Comm Only
2026-11-23 14:00:00+00:00,1795442400.0,de_gerlache_rim_1,78.44,1.83,3.8,64.15,6.85,3.8,False,True,False,Comm Only
2026-11-23 15:00:00+00:00,1795446000.0,de_gerlache_rim_1,77.93,1.84,3.8,64.21,6.86,3.8,False,True,False,Comm Only
2026-11-23 16:00:00+00:00,1795449600.0,de_gerlache_rim_1,77.43,1.85,3.8,64.28,6.86,3.8,False,True,False,Comm Only
2026-11-23 17:00:00+00:00,1795453200.0,de_gerlache_rim_1,76.92,1.87,3.8,64.35,6.87,3.8,False,True,False,Comm Only
2026-11-23 18:00:00+00:00,1795456800.0,de_gerlache_rim_1,76.42,1.88,3.8,64.42,6.88,3.8,False,True,False,Comm Only
2026-11-23 19:00:00+00:00,1795460400.0,de_gerlache_rim_1,75.91,1.89,3.8,64.49,6.88,3.8,False,True,False,Comm Only
2026-11-23 20:00:00+00:00,1795464000.0,de_gerlache_rim_1,75.41,1.9,3.8,64.56,6.88,3.8,False,True,False,Comm Only
2026-11-23 21:00:00+00:00,1795467600.0,de_gerlache_rim_1,74.9,1.92,3.8,64.64,6.89,3.8,False,True,False,Comm Only
2026-11-23 22:00:00+00:00,1795471200.0,de_gerlache_rim_1,74.4,1.93,3.8,64.71,6.89,3.8,False,True,False,Comm Only
2026-11-23 23:00:00+00:00,1795474800.0,de_gerlache_rim_1,73.89,1.94,3.8,64.78,6.89,3.8,False,True,False,Comm Only
2026-11-24 00:00:00+00:00,1795478400.0,de_gerlache_rim_1,73.38,1.95,3.8,64.85,6.89,3.8,False,True,False,Comm Only
2026-11-24 01:00:00+00:00,1795482000.0,de_gerlache_rim_1,72.88,1.97,3.8,64.93,6.89,3.8,False,True,False,Comm Only
2026-11-24 02:00:00+00:00,1795485600.0,de_gerlache_rim_1,72.37,1.98,3.8,65.0,6.89,3.8,False,True,False,Comm Only
2026-11-24 03:00:00+00:00,1795489200.0,de_gerlache_rim_1,71.87,1.99,3.8,65.08,6.89,3.8,False,True,False,Comm Only
2026-11-24 04:00:00+00:00,1795492800.0,de_gerlache_rim_1,71.36,2.0,3.8,65.15,6.88,3.8,False,True,False,Comm Only
2026-11-24 05:00:00+00:00,1795496400.0,de_gerlache_rim_1,70.86,2.02,3.8,65.23,6.88,3.8,False,True,False,Comm Only
2026-11-24 06:00:00+00:00,1795500000.0,de_gerlache_rim_1,70.35,2.03,3.8,65.3,6.88,3.8,False,True,False,Comm Only
2026-11-24 07:00:00+00:00,1795503600.0,de_gerlache_rim_1,69.85,2.04,3.8,65.38,6.87,3.8,False,True,False,Comm Only
2026-11-24 08:00:00+00:00,1795507200.0,de_gerlache_rim_1,69.34,2.05,3.8,65.45,6.87,3.8,False,True,False,Comm Only
2026-11-24 09:00:00+00:00,1795510800.0,de_gerlache_rim_1,68.84,2.06,3.8,65.53,6.86,3.8,False,True,False,Comm Only
2026-11-24 10:00:00+00:00,1795514400.0,de_gerlache_rim_1,68.33,2.08,3.8,65.61,6.85,3.8,False,True,False,Comm Only
2026-11-24 11:00:00+00:00,1795518000.0,de_gerlache_rim_1,67.82,2.09,3.8,65.69,6.84,3.8,False,True,False,Comm Only
2026-11-24 12:00:00+00:00,1795521600.0,de_gerlache_rim_1,67.32,2.1,3.8,65.76,6.83,3.8,False,True,False,Comm Only
2026-11-24 13:00:00+00:00,1795525200.0,de_gerlache_rim_1,66.81,2.11,3.8,65.84,6.83,3.8,False,True,False,Comm Only
2026-11-24 14:00:00+00:00,1795528800.0,de_gerlache_rim_1,66.31,2.12,3.8,65.92,6.82,3.8,False,True,False,Comm Only
2026-11-24 15:00:00+00:00,1795532400.0,de_gerlache_rim_1,65.8,2.13,3.8,66.0,6.8,3.8,False,True,False,Comm Only
2026-11-24 16:00:00+00:00,1795536000.0,de_gerlache_rim_1,65.3,2.15,3.8,66.08,6.79,3.8,False,True,False,Comm Only
2026-11-24 17:00:00+00:00,1795539600.0,de_gerlache_rim_1,64.79,2.16,3.8,66.16,6.78,3.8,False,True,False,Comm Only
2026-11-24 18:00:00+00:00,1795543200.0,de_gerlache_rim_1,64.29,2.17,3.8,66.24,6.76,3.8,False,True,False,Comm Only
2026-11-24 19:00:00+00:00,1795546800.0,de_gerlache_rim_1,63.78,2.18,3.8,66.32,6.75,3.8,False,True,False,Comm Only
2026-11-24 20:00:00+00:00,1795550400.0,de_gerlache_rim_1,63.28,2.19,3.8,66.4,6.74,3.8,False,True,False,Comm Only
2026-11-24 21:00:00+00:00,1795554000.0,de_gerlache_rim_1,62.77,2.21,3.8,66.48,6.72,3.8,False,True,False,Comm Only
2026-11-24 22:00:00+00:00,1795557600.0,de_gerlache_rim_1,62.26,2.22,3.8,66.56,6.7,3.8,False,True,False,Comm Only
2026-11-24 23:00:00+00:00,1795561200.0,de_gerlache_rim_1,61.76,2.23,3.8,66.64,6.68,3.8,False,True,False,Comm Only
2026-11-25 00:00:00+00:00,1795564800.0,de_gerlache_rim_1,61.25,2.24,3.8,66.72,6.67,3.8,False,True,False,Comm Only
2026-11-25 01:00:00+00:00,1795568400.0,de_gerlache_rim_1,60.75,2.25,3.8,66.8,6.65,3.8,False,True,False,Comm Only
2026-11-25 02:00:00+00:00,1795572000.0,de_gerlache_rim_1,60.24,2.26,3.8,66.88,6.63,3.8,False,True,False,Comm Only
2026-11-25 03:00:00+00:00,1795575600.0,de_gerlache_rim_1,59.74,2.27,3.65,66.97,6.61,3.8,False,True,False,Comm Only
2026-11-25 04:00:00+00:00,1795579200.0,de_gerlache_rim_1,59.23,2.28,3.35,67.05,6.58,3.8,False,True,False,Comm Only
2026-11-25 05:00:00+00:00,1795582800.0,de_gerlache_rim_1,58.73,2.29,3.05,67.13,6.56,3.8,False,True,False,Comm Only
2026-11-25 06:00:00+00:00,1795586400.0,de_gerlache_rim_1,58.22,2.31,2.75,67.21,6.54,3.8,False,True,False,Comm Only
2026-11-25 07:00:00+00:00,1795590000.0,de_gerlache_rim_1,57.72,2.32,2.46,67.29,6.51,3.8,False,True,False,Comm Only
2026-11-25 08:00:00+00:00,1795593600.0,de_gerlache_rim_1,57.21,2.33,2.16,67.38,6.49,3.8,True,True,True,Dual Operational
2026-11-25 09:00:00+00:00,1795597200.0,de_gerlache_rim_1,56.7,2.34,1.86,67.46,6.46,3.8,True,True,True,Dual Operational
2026-11-25 10:00:00+00:00,1795600800.0,de_gerlache_rim_1,56.2,2.35,1.56,67.54,6.44,3.8,True,True,True,Dual Operational
2026-11-25 11:00:00+00:00,1795604400.0,de_gerlache_rim_1,55.69,2.36,1.27,67.62,6.41,3.8,True,True,True,Dual Operational
2026-11-25 12:00:00+00:00,1795608000.0,de_gerlache_rim_1,55.19,2.37,0.97,67.7,6.38,3.8,True,True,True,Dual Operational
2026-11-25 13:00:00+00:00,1795611600.0,de_gerlache_rim_1,54.68,2.38,0.87,67.78,6.36,3.8,True,True,True,Dual Operational
2026-11-25 14:00:00+00:00,1795615200.0,de_gerlache_rim_1,54.18,2.39,0.89,67.87,6.33,3.8,True,True,True,Dual Operational
2026-11-25 15:00:00+00:00,1795618800.0,de_gerlache_rim_1,53.67,2.4,0.92,67.95,6.3,3.8,True,True,True,Dual Operational
2026-11-25 16:00:00+00:00,1795622400.0,de_gerlache_rim_1,53.17,2.41,0.94,68.03,6.27,3.8,True,True,True,Dual Operational
2026-11-25 17:00:00+00:00,1795626000.0,de_gerlache_rim_1,52.66,2.42,0.96,68.11,6.23,3.8,True,True,True,Dual Operational
2026-11-25 18:00:00+00:00,1795629600.0,de_gerlache_rim_1,52.15,2.43,0.98,68.19,6.2,3.8,True,True,True,Dual Operational
2026-11-25 19:00:00+00:00,1795633200.0,de_gerlache_rim_1,51.65,2.44,1.0,68.28,6.17,3.8,True,True,True,Dual Operational
2026-11-25 20:00:00+00:00,1795636800.0,de_gerlache_rim_1,51.14,2.45,1.02,68.36,6.14,3.8,True,True,True,Dual Operational
2026-11-25 21:00:00+00:00,1795640400.0,de_gerlache_rim_1,50.64,2.46,1.04,68.44,6.1,3.8,True,True,True,Dual Operational
2026-11-25 22:00:00+00:00,1795644000.0,de_gerlache_rim_1,50.13,2.47,1.06,68.52,6.07,3.8,True,True,True,Dual Operational
2026-11-25 23:00:00+00:00,1795647600.0,de_gerlache_rim_1,49.62,2.48,1.13,68.6,6.03,3.8,True,True,True,Dual Operational
2026-11-26 00:00:00+00:00,1795651200.0,de_gerlache_rim_1,49.12,2.49,1.2,68.68,6.0,3.8,True,True,True,Dual Operational
2026-11-26 01:00:00+00:00,1795654800.0,de_gerlache_rim_1,48.61,2.5,1.28,68.76,5.96,3.8,True,True,True,Dual Operational
2026-11-26 02:00:00+00:00,1795658400.0,de_gerlache_rim_1,48.11,2.51,1.35,68.85,5.92,3.8,True,True,True,Dual Operational
2026-11-26 03:00:00+00:00,1795662000.0,de_gerlache_rim_1,47.6,2.52,1.42,68.93,5.88,3.8,True,True,True,Dual Operational
2026-11-26 04:00:00+00:00,1795665600.0,de_gerlache_rim_1,47.1,2.53,1.5,69.01,5.84,3.8,True,True,True,Dual Operational
2026-11-26 05:00:00+00:00,1795669200.0,de_gerlache_rim_1,46.59,2.54,1.57,69.09,5.8,3.8,True,True,True,Dual Operational
2026-11-26 06:00:00+00:00,1795672800.0,de_gerlache_rim_1,46.08,2.55,1.65,69.17,5.76,3.8,True,True,True,Dual Operational
2026-11-26 07:00:00+00:00,1795676400.0,de_gerlache_rim_1,45.58,2.56,1.72,69.25,5.72,3.8,True,True,True,Dual Operational
2026-11-26 08:00:00+00:00,1795680000.0,de_gerlache_rim_1,45.07,2.57,1.8,69.32,5.68,3.8,True,True,True,Dual Operational
2026-11-26 09:00:00+00:00,1795683600.0,de_gerlache_rim_1,44.57,2.58,1.87,69.41,5.64,3.8,True,True,True,Dual Operational
2026-11-26 10:00:00+00:00,1795687200.0,de_gerlache_rim_1,44.06,2.58,1.94,69.48,5.59,3.8,True,True,True,Dual Operational
2026-11-26 11:00:00+00:00,1795690800.0,de_gerlache_rim_1,43.56,2.59,2.01,69.56,5.55,3.8,True,True,True,Dual Operational
2026-11-26 12:00:00+00:00,1795694400.0,de_gerlache_rim_1,43.05,2.6,2.08,69.64,5.51,3.8,True,True,True,Dual Operational
2026-11-26 13:00:00+00:00,1795698000.0,de_gerlache_rim_1,42.54,2.61,2.15,69.72,5.46,3.8,True,True,True,Dual Operational
2026-11-26 14:00:00+00:00,1795701600.0,de_gerlache_rim_1,42.04,2.62,2.22,69.8,5.42,3.8,True,True,True,Dual Operational
2026-11-26 15:00:00+00:00,1795705200.0,de_gerlache_rim_1,41.53,2.63,2.29,69.87,5.37,3.8,True,True,True,Dual Operational
2026-11-26 16:00:00+00:00,1795708800.0,de_gerlache_rim_1,41.03,2.63,2.36,69.95,5.32,3.8,True,True,True,Dual Operational
2026-11-26 17:00:00+00:00,1795712400.0,de_gerlache_rim_1,40.52,2.64,2.43,70.03,5.28,3.8,True,True,True,Dual Operational
2026-11-26 18:00:00+00:00,1795716000.0,de_gerlache_rim_1,40.01,2.65,2.5,70.11,5.23,3.8,True,True,True,Dual Operational
2026-11-26 19:00:00+00:00,1795719600.0,de_gerlache_rim_1,39.51,2.66,2.56,70.18,5.18,3.8,True,True,True,Dual Operational
2026-11-26 20:00:00+00:00,1795723200.0,de_gerlache_rim_1,39.0,2.67,2.61,70.26,5.13,3.8,True,True,True,Dual Operational
2026-11-26 21:00:00+00:00,1795726800.0,de_gerlache_rim_1,38.5,2.68,2.67,70.33,5.08,3.8,True,True,True,Dual Operational
2026-11-26 22:00:00+00:00,1795730400.0,de_gerlache_rim_1,37.99,2.68,2.73,70.41,5.03,3.8,False,True,False,Comm Only
2026-11-26 23:00:00+00:00,1795734000.0,de_gerlache_rim_1,37.49,2.69,2.79,70.48,4.98,3.8,False,True,False,Comm Only
2026-11-27 00:00:00+00:00,1795737600.0,de_gerlache_rim_1,36.98,2.7,2.84,70.56,4.93,3.8,False,True,False,Comm Only
2026-11-27 01:00:00+00:00,1795741200.0,de_gerlache_rim_1,36.47,2.71,2.9,70.63,4.88,3.8,False,True,False,Comm Only
2026-11-27 02:00:00+00:00,1795744800.0,de_gerlache_rim_1,35.97,2.71,2.96,70.7,4.82,3.8,False,True,False,Comm Only
2026-11-27 03:00:00+00:00,1795748400.0,de_gerlache_rim_1,35.46,2.72,3.02,70.78,4.77,3.8,False,True,False,Comm Only
2026-11-27 04:00:00+00:00,1795752000.0,de_gerlache_rim_1,34.96,2.73,3.07,70.85,4.72,3.8,False,True,False,Comm Only
2026-11-27 05:00:00+00:00,1795755600.0,de_gerlache_rim_1,34.45,2.74,3.1,70.92,4.66,3.8,False,True,False,Comm Only
2026-11-27 06:00:00+00:00,1795759200.0,de_gerlache_rim_1,33.94,2.74,3.13,70.99,4.61,3.8,False,True,False,Comm Only
2026-11-27 07:00:00+00:00,1795762800.0,de_gerlache_rim_1,33.44,2.75,3.16,71.06,4.55,3.8,False,True,False,Comm Only
2026-11-27 08:00:00+00:00,1795766400.0,de_gerlache_rim_1,32.93,2.76,3.19,71.13,4.5,3.8,False,True,False,Comm Only
2026-11-27 09:00:00+00:00,1795770000.0,de_gerlache_rim_1,32.43,2.76,3.22,71.2,4.44,3.8,False,True,False,Comm Only
2026-11-27 10:00:00+00:00,1795773600.0,de_gerlache_rim_1,31.92,2.77,3.25,71.27,4.39,3.8,False,True,False,Comm Only
2026-11-27 11:00:00+00:00,1795777200.0,de_gerlache_rim_1,31.41,2.78,3.28,71.34,4.33,3.8,False,True,False,Comm Only
2026-11-27 12:00:00+00:00,1795780800.0,de_gerlache_rim_1,30.91,2.78,3.31,71.41,4.27,3.8,False,True,False,Comm Only
2026-11-27 13:00:00+00:00,1795784400.0,de_gerlache_rim_1,30.4,2.79,3.34,71.48,4.22,3.8,False,True,False,Comm Only
2026-11-27 14:00:00+00:00,1795788000.0,de_gerlache_rim_1,29.89,2.8,3.37,71.55,4.16,3.8,False,True,False,Comm Only
2026-11-27 15:00:00+00:00,1795791600.0,de_gerlache_rim_1,29.39,2.8,3.4,71.61,4.1,3.8,False,True,False,Comm Only
2026-11-27 16:00:00+00:00,1795795200.0,de_gerlache_rim_1,28.88,2.81,3.44,71.68,4.04,3.8,False,True,False,Comm Only
2026-11-27 17:00:00+00:00,1795798800.0,de_gerlache_rim_1,28.38,2.81,3.47,71.75,3.98,3.8,False,True,False,Comm Only
2026-11-27 18:00:00+00:00,1795802400.0,de_gerlache_rim_1,27.87,2.82,3.51,71.81,3.92,3.8,False,True,False,Comm Only
2026-11-27 19:00:00+00:00,1795806000.0,de_gerlache_rim_1,27.37,2.83,3.54,71.88,3.86,3.8,False,True,False,Comm Only
2026-11-27 20:00:00+00:00,1795809600.0,de_gerlache_rim_1,26.86,2.83,3.58,71.94,3.8,3.8,False,True,False,Comm Only
2026-11-27 21:00:00+00:00,1795813200.0,de_gerlache_rim_1,26.35,2.84,3.62,72.0,3.74,3.8,False,False,False,Blackout
2026-11-27 22:00:00+00:00,1795816800.0,de_gerlache_rim_1,25.85,2.84,3.65,72.07,3.68,3.8,False,False,False,Blackout
2026-11-27 23:00:00+00:00,1795820400.0,de_gerlache_rim_1,25.34,2.85,3.69,72.13,3.62,3.8,False,False,False,Blackout
2026-11-28 00:00:00+00:00,1795824000.0,de_gerlache_rim_1,24.83,2.85,3.72,72.19,3.56,3.8,False,False,False,Blackout
2026-11-28 01:00:00+00:00,1795827600.0,de_gerlache_rim_1,24.33,2.86,3.75,72.25,3.5,3.8,False,False,False,Blackout
2026-11-28 02:00:00+00:00,1795831200.0,de_gerlache_rim_1,23.82,2.86,3.79,72.31,3.43,3.8,False,False,False,Blackout
2026-11-28 03:00:00+00:00,1795834800.0,de_gerlache_rim_1,23.31,2.87,3.82,72.37,3.37,3.8,False,False,False,Blackout
2026-11-28 04:00:00+00:00,1795838400.0,de_gerlache_rim_1,22.81,2.87,3.85,72.43,3.31,3.8,False,False,False,Blackout
2026-11-28 05:00:00+00:00,1795842000.0,de_gerlache_rim_1,22.3,2.88,3.88,72.49,3.25,3.8,False,False,False,Blackout
2026-11-28 06:00:00+00:00,1795845600.0,de_gerlache_rim_1,21.8,2.88,3.92,72.55,3.18,3.8,False,False,False,Blackout
2026-11-28 07:00:00+00:00,1795849200.0,de_gerlache_rim_1,21.29,2.89,3.95,72.61,3.12,3.8,False,False,False,Blackout
2026-11-28 08:00:00+00:00,1795852800.0,de_gerlache_rim_1,20.78,2.89,3.98,72.66,3.05,3.8,False,False,False,Blackout
2026-11-28 09:00:00+00:00,1795856400.0,de_gerlache_rim_1,20.28,2.9,4.01,72.72,2.99,3.8,False,False,False,Blackout
2026-11-28 10:00:00+00:00,1795860000.0,de_gerlache_rim_1,19.77,2.9,4.01,72.78,2.92,3.8,False,False,False,Blackout
2026-11-28 11:00:00+00:00,1795863600.0,de_gerlache_rim_1,19.26,2.9,3.98,72.83,2.86,3.8,False,False,False,Blackout
2026-11-28 12:00:00+00:00,1795867200.0,de_gerlache_rim_1,18.76,2.91,3.94,72.89,2.79,3.8,False,False,False,Blackout
2026-11-28 13:00:00+00:00,1795870800.0,de_gerlache_rim_1,18.25,2.91,3.9,72.94,2.73,3.8,False,False,False,Blackout
2026-11-28 14:00:00+00:00,1795874400.0,de_gerlache_rim_1,17.75,2.92,3.86,72.99,2.66,3.8,False,False,False,Blackout
2026-11-28 15:00:00+00:00,1795878000.0,de_gerlache_rim_1,17.24,2.92,3.83,73.05,2.6,3.8,False,False,False,Blackout
2026-11-28 16:00:00+00:00,1795881600.0,de_gerlache_rim_1,16.73,2.92,3.79,73.1,2.53,3.8,False,False,False,Blackout
2026-11-28 17:00:00+00:00,1795885200.0,de_gerlache_rim_1,16.23,2.93,3.75,73.15,2.47,3.8,False,False,False,Blackout
2026-11-28 18:00:00+00:00,1795888800.0,de_gerlache_rim_1,15.72,2.93,3.71,73.2,2.4,3.8,False,False,False,Blackout
2026-11-28 19:00:00+00:00,1795892400.0,de_gerlache_rim_1,15.21,2.93,3.68,73.25,2.33,3.8,False,False,False,Blackout
2026-11-28 20:00:00+00:00,1795896000.0,de_gerlache_rim_1,14.71,2.94,3.63,73.3,2.27,3.8,False,False,False,Blackout
2026-11-28 21:00:00+00:00,1795899600.0,de_gerlache_rim_1,14.2,2.94,3.59,73.35,2.2,3.8,False,False,False,Blackout
2026-11-28 22:00:00+00:00,1795903200.0,de_gerlache_rim_1,13.69,2.94,3.54,73.39,2.13,3.8,False,False,False,Blackout
2026-11-28 23:00:00+00:00,1795906800.0,de_gerlache_rim_1,13.19,2.94,3.49,73.44,2.07,3.8,False,False,False,Blackout
2026-11-29 00:00:00+00:00,1795910400.0,de_gerlache_rim_1,12.68,2.95,3.45,73.49,2.0,3.8,False,False,False,Blackout
2026-11-29 01:00:00+00:00,1795914000.0,de_gerlache_rim_1,12.17,2.95,3.4,73.53,1.93,3.8,False,False,False,Blackout
2026-11-29 02:00:00+00:00,1795917600.0,de_gerlache_rim_1,11.67,2.95,3.35,73.58,1.87,3.8,False,False,False,Blackout
2026-11-29 03:00:00+00:00,1795921200.0,de_gerlache_rim_1,11.16,2.95,3.31,73.62,1.8,3.8,False,False,False,Blackout
2026-11-29 04:00:00+00:00,1795924800.0,de_gerlache_rim_1,10.65,2.96,3.26,73.67,1.73,3.8,False,False,False,Blackout
2026-11-29 05:00:00+00:00,1795928400.0,de_gerlache_rim_1,10.15,2.96,3.21,73.71,1.66,3.8,False,False,False,Blackout
2026-11-29 06:00:00+00:00,1795932000.0,de_gerlache_rim_1,9.64,2.96,3.15,73.75,1.59,3.8,False,False,False,Blackout
2026-11-29 07:00:00+00:00,1795935600.0,de_gerlache_rim_1,9.13,2.96,3.09,73.8,1.53,3.8,False,False,False,Blackout
2026-11-29 08:00:00+00:00,1795939200.0,de_gerlache_rim_1,8.63,2.96,3.02,73.84,1.46,3.8,False,False,False,Blackout
2026-11-29 09:00:00+00:00,1795942800.0,de_gerlache_rim_1,8.12,2.97,2.95,73.88,1.39,3.8,True,False,False,Sun Only
2026-11-29 10:00:00+00:00,1795946400.0,de_gerlache_rim_1,7.61,2.97,2.89,73.92,1.32,3.8,True,False,False,Sun Only
2026-11-29 11:00:00+00:00,1795950000.0,de_gerlache_rim_1,7.11,2.97,2.82,73.96,1.26,3.8,True,False,False,Sun Only
2026-11-29 12:00:00+00:00,1795953600.0,de_gerlache_rim_1,6.6,2.97,2.75,74.0,1.19,3.8,True,False,False,Sun Only
2026-11-29 13:00:00+00:00,1795957200.0,de_gerlache_rim_1,6.09,2.97,2.68,74.03,1.12,3.8,True,False,False,Sun Only
2026-11-29 14:00:00+00:00,1795960800.0,de_gerlache_rim_1,5.59,2.97,2.62,74.07,1.05,3.8,True,False,False,Sun Only
2026-11-29 15:00:00+00:00,1795964400.0,de_gerlache_rim_1,5.08,2.97,2.55,74.11,0.98,3.8,True,False,False,Sun Only
2026-11-29 16:00:00+00:00,1795968000.0,de_gerlache_rim_1,4.57,2.97,2.46,74.14,0.92,3.8,True,False,False,Sun Only
2026-11-29 17:00:00+00:00,1795971600.0,de_gerlache_rim_1,4.07,2.98,2.37,74.18,0.85,3.8,True,False,False,Sun Only
2026-11-29 18:00:00+00:00,1795975200.0,de_gerlache_rim_1,3.56,2.98,2.28,74.21,0.78,3.8,True,False,False,Sun Only
2026-11-29 19:00:00+00:00,1795978800.0,de_gerlache_rim_1,3.05,2.98,2.19,74.25,0.71,3.8,True,False,False,Sun Only
2026-11-29 20:00:00+00:00,1795982400.0,de_gerlache_rim_1,2.55,2.98,2.1,74.28,0.64,3.8,True,False,False,Sun Only
2026-11-29 21:00:00+00:00,1795986000.0,de_gerlache_rim_1,2.04,2.98,2.01,74.31,0.57,3.8,True,False,False,Sun Only
2026-11-29 22:00:00+00:00,1795989600.0,de_gerlache_rim_1,1.53,2.98,1.92,74.34,0.51,3.8,True,False,False,Sun Only
2026-11-29 23:00:00+00:00,1795993200.0,de_gerlache_rim_1,1.03,2.98,1.82,74.37,0.44,3.8,True,False,False,Sun Only
2026-11-30 00:00:00+00:00,1795996800.0,de_gerlache_rim_1,0.52,2.98,1.73,74.4,0.37,3.8,True,False,False,Sun Only
2026-11-30 01:00:00+00:00,1796000400.0,de_gerlache_rim_1,0.01,2.98,1.64,74.43,0.3,3.8,True,False,False,Sun Only
2026-11-30 02:00:00+00:00,1796004000.0,de_gerlache_rim_1,359.51,2.98,1.54,74.46,0.24,3.8,True,False,False,Sun Only
2026-11-30 03:00:00+00:00,1796007600.0,de_gerlache_rim_1,359.0,2.98,1.44,74.49,0.17,3.8,True,False,False,Sun Only
2026-11-30 04:00:00+00:00,1796011200.0,de_gerlache_rim_1,358.49,2.98,1.34,74.52,0.1,3.8,True,False,False,Sun Only
2026-11-30 05:00:00+00:00,1796014800.0,de_gerlache_rim_1,357.98,2.97,1.23,74.55,0.03,3.8,True,False,False,Sun Only
2026-11-30 06:00:00+00:00,1796018400.0,de_gerlache_rim_1,357.48,2.97,1.13,74.57,-0.03,3.8,True,False,False,Sun Only
2026-11-30 07:00:00+00:00,1796022000.0,de_gerlache_rim_1,356.97,2.97,1.03,74.6,-0.1,3.8,True,False,False,Sun Only
2026-11-30 08:00:00+00:00,1796025600.0,de_gerlache_rim_1,356.46,2.97,0.93,74.62,-0.17,3.8,True,False,False,Sun Only
2026-11-30 09:00:00+00:00,1796029200.0,de_gerlache_rim_1,355.96,2.97,0.82,74.65,-0.23,3.8,True,False,False,Sun Only
2026-11-30 10:00:00+00:00,1796032800.0,de_gerlache_rim_1,355.45,2.97,0.72,74.67,-0.3,3.8,True,False,False,Sun Only
2026-11-30 11:00:00+00:00,1796036400.0,de_gerlache_rim_1,354.94,2.97,0.62,74.7,-0.37,3.8,True,False,False,Sun Only
2026-11-30 12:00:00+00:00,1796040000.0,de_gerlache_rim_1,354.44,2.97,0.56,74.72,-0.43,3.8,True,False,False,Sun Only
2026-11-30 13:00:00+00:00,1796043600.0,de_gerlache_rim_1,353.93,2.96,0.5,74.74,-0.5,3.8,True,False,False,Sun Only
2026-11-30 14:00:00+00:00,1796047200.0,de_gerlache_rim_1,353.42,2.96,0.44,74.76,-0.57,3.8,True,False,False,Sun Only
2026-11-30 15:00:00+00:00,1796050800.0,de_gerlache_rim_1,352.92,2.96,0.38,74.78,-0.63,3.8,True,False,False,Sun Only
2026-11-30 16:00:00+00:00,1796054400.0,de_gerlache_rim_1,352.41,2.96,0.32,74.8,-0.7,3.8,True,False,False,Sun Only
2026-11-30 17:00:00+00:00,1796058000.0,de_gerlache_rim_1,351.9,2.96,0.26,74.82,-0.77,3.8,True,False,False,Sun Only
2026-11-30 18:00:00+00:00,1796061600.0,de_gerlache_rim_1,351.39,2.96,0.2,74.84,-0.83,3.8,True,False,False,Sun Only
2026-11-30 19:00:00+00:00,1796065200.0,de_gerlache_rim_1,350.89,2.95,0.14,74.86,-0.9,3.8,True,False,False,Sun Only
2026-11-30 20:00:00+00:00,1796068800.0,de_gerlache_rim_1,350.38,2.95,0.08,74.88,-0.96,3.8,True,False,False,Sun Only
2026-11-30 21:00:00+00:00,1796072400.0,de_gerlache_rim_1,349.87,2.95,0.03,74.89,-1.03,3.8,True,False,False,Sun Only
2026-11-30 22:00:00+00:00,1796076000.0,de_gerlache_rim_1,349.37,2.94,0.03,74.91,-1.09,3.8,True,False,False,Sun Only
2026-11-30 23:00:00+00:00,1796079600.0,de_gerlache_rim_1,348.86,2.94,0.02,74.93,-1.16,3.8,True,False,False,Sun Only
2026-11-01 00:00:00+00:00,1793491200.0,haworth_psr_control,290.22,2.34,8.91,9.16,5.46,9.64,False,False,False,Blackout
2026-11-01 01:00:00+00:00,1793494800.0,haworth_psr_control,289.71,2.32,8.87,9.2,5.4,9.64,False,False,False,Blackout
2026-11-01 02:00:00+00:00,1793498400.0,haworth_psr_control,289.21,2.3,8.85,9.24,5.34,9.64,False,False,False,Blackout
2026-11-01 03:00:00+00:00,1793502000.0,haworth_psr_control,288.7,2.28,8.83,9.27,5.28,9.64,False,False,False,Blackout
2026-11-01 04:00:00+00:00,1793505600.0,haworth_psr_control,288.19,2.26,8.8,9.31,5.22,9.63,False,False,False,Blackout
2026-11-01 05:00:00+00:00,1793509200.0,haworth_psr_control,287.69,2.23,8.78,9.35,5.16,9.63,False,False,False,Blackout
2026-11-01 06:00:00+00:00,1793512800.0,haworth_psr_control,287.18,2.21,8.76,9.38,5.1,9.63,False,False,False,Blackout
2026-11-01 07:00:00+00:00,1793516400.0,haworth_psr_control,286.67,2.19,8.74,9.42,5.04,9.63,False,False,False,Blackout
2026-11-01 08:00:00+00:00,1793520000.0,haworth_psr_control,286.17,2.17,8.72,9.45,4.97,9.63,False,False,False,Blackout
2026-11-01 09:00:00+00:00,1793523600.0,haworth_psr_control,285.66,2.15,8.7,9.49,4.91,9.63,False,False,False,Blackout
2026-11-01 10:00:00+00:00,1793527200.0,haworth_psr_control,285.15,2.13,8.68,9.52,4.85,9.63,False,False,False,Blackout
2026-11-01 11:00:00+00:00,1793530800.0,haworth_psr_control,284.65,2.11,8.68,9.55,4.79,9.63,False,False,False,Blackout
2026-11-01 12:00:00+00:00,1793534400.0,haworth_psr_control,284.14,2.09,8.68,9.59,4.73,9.62,False,False,False,Blackout
2026-11-01 13:00:00+00:00,1793538000.0,haworth_psr_control,283.63,2.06,8.69,9.62,4.66,9.62,False,False,False,Blackout
2026-11-01 14:00:00+00:00,1793541600.0,haworth_psr_control,283.13,2.04,8.7,9.65,4.6,9.62,False,False,False,Blackout
2026-11-01 15:00:00+00:00,1793545200.0,haworth_psr_control,282.62,2.02,8.71,9.68,4.54,9.62,False,False,False,Blackout
2026-11-01 16:00:00+00:00,1793548800.0,haworth_psr_control,282.11,2.0,8.72,9.71,4.47,9.62,False,False,False,Blackout
2026-11-01 17:00:00+00:00,1793552400.0,haworth_psr_control,281.61,1.98,8.72,9.75,4.41,9.62,False,False,False,Blackout
2026-11-01 18:00:00+00:00,1793556000.0,haworth_psr_control,281.1,1.96,8.73,9.78,4.35,9.62,False,False,False,Blackout
2026-11-01 19:00:00+00:00,1793559600.0,haworth_psr_control,280.59,1.94,8.74,9.81,4.28,9.62,False,False,False,Blackout
2026-11-01 20:00:00+00:00,1793563200.0,haworth_psr_control,280.09,1.91,8.75,9.83,4.22,9.62,False,False,False,Blackout
2026-11-01 21:00:00+00:00,1793566800.0,haworth_psr_control,279.58,1.89,8.72,9.86,4.16,9.61,False,False,False,Blackout
2026-11-01 22:00:00+00:00,1793570400.0,haworth_psr_control,279.07,1.87,8.69,9.89,4.09,9.61,False,False,False,Blackout
2026-11-01 23:00:00+00:00,1793574000.0,haworth_psr_control,278.56,1.85,8.66,9.92,4.03,9.61,False,False,False,Blackout
2026-11-02 00:00:00+00:00,1793577600.0,haworth_psr_control,278.06,1.82,8.63,9.95,3.96,9.61,False,False,False,Blackout
2026-11-02 01:00:00+00:00,1793581200.0,haworth_psr_control,277.55,1.8,8.59,9.97,3.9,9.61,False,False,False,Blackout
2026-11-02 02:00:00+00:00,1793584800.0,haworth_psr_control,277.04,1.78,8.56,10.0,3.83,9.61,False,False,False,Blackout
2026-11-02 03:00:00+00:00,1793588400.0,haworth_psr_control,276.54,1.76,8.53,10.03,3.77,9.61,False,False,False,Blackout
2026-11-02 04:00:00+00:00,1793592000.0,haworth_psr_control,276.03,1.74,8.5,10.05,3.7,9.61,False,False,False,Blackout
2026-11-02 05:00:00+00:00,1793595600.0,haworth_psr_control,275.52,1.72,8.46,10.08,3.64,9.61,False,False,False,Blackout
2026-11-02 06:00:00+00:00,1793599200.0,haworth_psr_control,275.02,1.69,8.43,10.1,3.57,9.61,False,False,False,Blackout
2026-11-02 07:00:00+00:00,1793602800.0,haworth_psr_control,274.51,1.67,8.39,10.12,3.51,9.61,False,False,False,Blackout
2026-11-02 08:00:00+00:00,1793606400.0,haworth_psr_control,274.0,1.65,8.34,10.15,3.44,9.61,False,False,False,Blackout
2026-11-02 09:00:00+00:00,1793610000.0,haworth_psr_control,273.5,1.63,8.3,10.17,3.38,9.61,False,False,False,Blackout
2026-11-02 10:00:00+00:00,1793613600.0,haworth_psr_control,272.99,1.6,8.25,10.19,3.31,9.61,False,False,False,Blackout
2026-11-02 11:00:00+00:00,1793617200.0,haworth_psr_control,272.48,1.58,8.21,10.22,3.25,9.61,False,False,False,Blackout
2026-11-02 12:00:00+00:00,1793620800.0,haworth_psr_control,271.97,1.56,8.16,10.24,3.18,9.61,False,False,False,Blackout
2026-11-02 13:00:00+00:00,1793624400.0,haworth_psr_control,271.47,1.54,8.12,10.26,3.12,9.61,False,False,False,Blackout
2026-11-02 14:00:00+00:00,1793628000.0,haworth_psr_control,270.96,1.52,8.07,10.28,3.05,9.61,False,False,False,Blackout
2026-11-02 15:00:00+00:00,1793631600.0,haworth_psr_control,270.45,1.49,8.03,10.3,2.98,9.61,False,False,False,Blackout
2026-11-02 16:00:00+00:00,1793635200.0,haworth_psr_control,269.95,1.47,7.99,10.32,2.92,9.61,False,False,False,Blackout
2026-11-02 17:00:00+00:00,1793638800.0,haworth_psr_control,269.44,1.45,7.95,10.34,2.85,9.61,False,False,False,Blackout
2026-11-02 18:00:00+00:00,1793642400.0,haworth_psr_control,268.93,1.43,7.9,10.36,2.79,9.61,False,False,False,Blackout
2026-11-02 19:00:00+00:00,1793646000.0,haworth_psr_control,268.42,1.41,7.86,10.38,2.72,9.61,False,False,False,Blackout
2026-11-02 20:00:00+00:00,1793649600.0,haworth_psr_control,267.92,1.38,7.82,10.4,2.66,9.61,False,False,False,Blackout
2026-11-02 21:00:00+00:00,1793653200.0,haworth_psr_control,267.41,1.36,7.78,10.42,2.59,9.61,False,False,False,Blackout
2026-11-02 22:00:00+00:00,1793656800.0,haworth_psr_control,266.9,1.34,7.74,10.43,2.52,9.61,False,False,False,Blackout
2026-11-02 23:00:00+00:00,1793660400.0,haworth_psr_control,266.4,1.32,7.7,10.45,2.46,9.61,False,False,False,Blackout
2026-11-03 00:00:00+00:00,1793664000.0,haworth_psr_control,265.89,1.29,7.66,10.47,2.39,9.61,False,False,False,Blackout
2026-11-03 01:00:00+00:00,1793667600.0,haworth_psr_control,265.38,1.27,7.62,10.48,2.33,9.61,False,False,False,Blackout
2026-11-03 02:00:00+00:00,1793671200.0,haworth_psr_control,264.88,1.25,7.59,10.5,2.26,9.61,False,False,False,Blackout
2026-11-03 03:00:00+00:00,1793674800.0,haworth_psr_control,264.37,1.23,7.59,10.51,2.2,9.61,False,False,False,Blackout
2026-11-03 04:00:00+00:00,1793678400.0,haworth_psr_control,263.86,1.21,7.59,10.53,2.13,9.61,False,False,False,Blackout
2026-11-03 05:00:00+00:00,1793682000.0,haworth_psr_control,263.36,1.19,7.59,10.54,2.07,9.61,False,False,False,Blackout
2026-11-03 06:00:00+00:00,1793685600.0,haworth_psr_control,262.85,1.16,7.59,10.56,2.0,9.61,False,False,False,Blackout
2026-11-03 07:00:00+00:00,1793689200.0,haworth_psr_control,262.34,1.14,7.59,10.57,1.94,9.61,False,False,False,Blackout
2026-11-03 08:00:00+00:00,1793692800.0,haworth_psr_control,261.83,1.12,7.59,10.58,1.87,9.61,False,False,False,Blackout
2026-11-03 09:00:00+00:00,1793696400.0,haworth_psr_control,261.33,1.1,7.59,10.6,1.81,9.61,False,False,False,Blackout
2026-11-03 10:00:00+00:00,1793700000.0,haworth_psr_control,260.82,1.07,7.59,10.61,1.74,9.61,False,False,False,Blackout
2026-11-03 11:00:00+00:00,1793703600.0,haworth_psr_control,260.31,1.05,7.59,10.62,1.68,9.61,False,False,False,Blackout
2026-11-03 12:00:00+00:00,1793707200.0,haworth_psr_control,259.81,1.03,7.71,10.63,1.61,9.62,False,False,False,Blackout
2026-11-03 13:00:00+00:00,1793710800.0,haworth_psr_control,259.3,1.01,8.01,10.64,1.55,9.62,False,False,False,Blackout
2026-11-03 14:00:00+00:00,1793714400.0,haworth_psr_control,258.79,0.99,8.31,10.65,1.48,9.62,False,False,False,Blackout
2026-11-03 15:00:00+00:00,1793718000.0,haworth_psr_control,258.28,0.97,8.62,10.67,1.42,9.62,False,False,False,Blackout
2026-11-03 16:00:00+00:00,1793721600.0,haworth_psr_control,257.78,0.94,8.92,10.68,1.35,9.62,False,False,False,Blackout
2026-11-03 17:00:00+00:00,1793725200.0,haworth_psr_control,257.27,0.92,9.22,10.69,1.29,9.62,False,False,False,Blackout
2026-11-03 18:00:00+00:00,1793728800.0,haworth_psr_control,256.76,0.9,9.53,10.69,1.23,9.62,False,False,False,Blackout
2026-11-03 19:00:00+00:00,1793732400.0,haworth_psr_control,256.25,0.88,9.83,10.7,1.16,9.62,False,False,False,Blackout
2026-11-03 20:00:00+00:00,1793736000.0,haworth_psr_control,255.75,0.86,10.13,10.71,1.1,9.62,False,False,False,Blackout
2026-11-03 21:00:00+00:00,1793739600.0,haworth_psr_control,255.24,0.84,10.44,10.72,1.03,9.62,False,False,False,Blackout
2026-11-03 22:00:00+00:00,1793743200.0,haworth_psr_control,254.73,0.82,10.58,10.73,0.97,9.62,False,False,False,Blackout
2026-11-03 23:00:00+00:00,1793746800.0,haworth_psr_control,254.23,0.8,10.58,10.74,0.91,9.62,False,False,False,Blackout
2026-11-04 00:00:00+00:00,1793750400.0,haworth_psr_control,253.72,0.77,10.58,10.74,0.85,9.62,False,False,False,Blackout
2026-11-04 01:00:00+00:00,1793754000.0,haworth_psr_control,253.21,0.75,10.58,10.75,0.78,9.62,False,False,False,Blackout
2026-11-04 02:00:00+00:00,1793757600.0,haworth_psr_control,252.71,0.73,10.58,10.76,0.72,9.62,False,False,False,Blackout
2026-11-04 03:00:00+00:00,1793761200.0,haworth_psr_control,252.2,0.71,10.58,10.76,0.66,9.62,False,False,False,Blackout
2026-11-04 04:00:00+00:00,1793764800.0,haworth_psr_control,251.69,0.69,10.58,10.77,0.6,9.62,False,False,False,Blackout
2026-11-04 05:00:00+00:00,1793768400.0,haworth_psr_control,251.18,0.67,10.58,10.77,0.53,9.62,False,False,False,Blackout
2026-11-04 06:00:00+00:00,1793772000.0,haworth_psr_control,250.68,0.65,10.58,10.78,0.47,9.62,False,False,False,Blackout
2026-11-04 07:00:00+00:00,1793775600.0,haworth_psr_control,250.17,0.63,10.58,10.78,0.41,9.62,False,False,False,Blackout
2026-11-04 08:00:00+00:00,1793779200.0,haworth_psr_control,249.66,0.6,10.58,10.79,0.35,9.62,False,False,False,Blackout
2026-11-04 09:00:00+00:00,1793782800.0,haworth_psr_control,249.15,0.58,10.58,10.79,0.29,9.62,False,False,False,Blackout
2026-11-04 10:00:00+00:00,1793786400.0,haworth_psr_control,248.65,0.56,10.58,10.8,0.23,9.62,False,False,False,Blackout
2026-11-04 11:00:00+00:00,1793790000.0,haworth_psr_control,248.14,0.54,10.58,10.8,0.17,9.62,False,False,False,Blackout
2026-11-04 12:00:00+00:00,1793793600.0,haworth_psr_control,247.63,0.52,10.58,10.8,0.11,9.62,False,False,False,Blackout
2026-11-04 13:00:00+00:00,1793797200.0,haworth_psr_control,247.12,0.5,10.58,10.8,0.04,9.62,False,False,False,Blackout
2026-11-04 14:00:00+00:00,1793800800.0,haworth_psr_control,246.62,0.48,10.58,10.81,-0.01,9.62,False,False,False,Blackout
2026-11-04 15:00:00+00:00,1793804400.0,haworth_psr_control,246.11,0.46,10.58,10.81,-0.07,9.62,False,False,False,Blackout
2026-11-04 16:00:00+00:00,1793808000.0,haworth_psr_control,245.6,0.44,10.58,10.81,-0.13,9.62,False,False,False,Blackout
2026-11-04 17:00:00+00:00,1793811600.0,haworth_psr_control,245.1,0.42,10.58,10.81,-0.19,9.62,False,False,False,Blackout
2026-11-04 18:00:00+00:00,1793815200.0,haworth_psr_control,244.59,0.4,10.58,10.81,-0.25,9.62,False,False,False,Blackout
2026-11-04 19:00:00+00:00,1793818800.0,haworth_psr_control,244.08,0.38,10.58,10.81,-0.31,9.62,False,False,False,Blackout
2026-11-04 20:00:00+00:00,1793822400.0,haworth_psr_control,243.57,0.36,10.58,10.81,-0.37,9.62,False,False,False,Blackout
2026-11-04 21:00:00+00:00,1793826000.0,haworth_psr_control,243.07,0.34,10.58,10.81,-0.43,9.62,False,False,False,Blackout
2026-11-04 22:00:00+00:00,1793829600.0,haworth_psr_control,242.56,0.32,10.58,10.81,-0.48,9.62,False,False,False,Blackout
2026-11-04 23:00:00+00:00,1793833200.0,haworth_psr_control,242.05,0.3,10.58,10.81,-0.54,9.62,False,False,False,Blackout
2026-11-05 00:00:00+00:00,1793836800.0,haworth_psr_control,241.54,0.28,10.58,10.81,-0.6,9.62,False,False,False,Blackout
2026-11-05 01:00:00+00:00,1793840400.0,haworth_psr_control,241.03,0.26,10.58,10.81,-0.66,9.62,False,False,False,Blackout
2026-11-05 02:00:00+00:00,1793844000.0,haworth_psr_control,240.53,0.24,10.58,10.81,-0.71,9.62,False,False,False,Blackout
2026-11-05 03:00:00+00:00,1793847600.0,haworth_psr_control,240.02,0.23,10.58,10.8,-0.77,9.62,False,False,False,Blackout
2026-11-05 04:00:00+00:00,1793851200.0,haworth_psr_control,239.51,0.21,10.66,10.8,-0.82,9.62,False,False,False,Blackout
2026-11-05 05:00:00+00:00,1793854800.0,haworth_psr_control,239.0,0.19,10.74,10.8,-0.88,9.62,False,False,False,Blackout
2026-11-05 06:00:00+00:00,1793858400.0,haworth_psr_control,238.5,0.17,10.82,10.8,-0.94,9.62,False,False,False,Blackout
2026-11-05 07:00:00+00:00,1793862000.0,haworth_psr_control,237.99,0.15,10.9,10.79,-0.99,9.62,False,False,False,Blackout
2026-11-05 08:00:00+00:00,1793865600.0,haworth_psr_control,237.48,0.13,10.98,10.79,-1.04,9.62,False,False,False,Blackout
2026-11-05 09:00:00+00:00,1793869200.0,haworth_psr_control,236.98,0.11,11.06,10.79,-1.1,9.62,False,False,False,Blackout
2026-11-05 10:00:00+00:00,1793872800.0,haworth_psr_control,236.47,0.09,11.14,10.78,-1.15,9.62,False,False,False,Blackout
2026-11-05 11:00:00+00:00,1793876400.0,haworth_psr_control,235.96,0.08,11.22,10.78,-1.21,9.62,False,False,False,Blackout
2026-11-05 12:00:00+00:00,1793880000.0,haworth_psr_control,235.45,0.06,11.3,10.77,-1.26,9.62,False,False,False,Blackout
2026-11-05 13:00:00+00:00,1793883600.0,haworth_psr_control,234.94,0.04,11.37,10.77,-1.31,9.62,False,False,False,Blackout
2026-11-05 14:00:00+00:00,1793887200.0,haworth_psr_control,234.44,0.02,11.37,10.76,-1.37,9.62,False,False,False,Blackout
2026-11-05 15:00:00+00:00,1793890800.0,haworth_psr_control,233.93,0.0,11.37,10.76,-1.42,9.62,False,False,False,Blackout
2026-11-05 16:00:00+00:00,1793894400.0,haworth_psr_control,233.42,-0.01,11.37,10.75,-1.47,9.62,False,False,False,Blackout
2026-11-05 17:00:00+00:00,1793898000.0,haworth_psr_control,232.91,-0.03,11.37,10.74,-1.52,9.62,False,False,False,Blackout
2026-11-05 18:00:00+00:00,1793901600.0,haworth_psr_control,232.41,-0.05,11.37,10.74,-1.57,9.62,False,False,False,Blackout
2026-11-05 19:00:00+00:00,1793905200.0,haworth_psr_control,231.9,-0.07,11.37,10.73,-1.62,9.62,False,False,False,Blackout
2026-11-05 20:00:00+00:00,1793908800.0,haworth_psr_control,231.39,-0.08,11.37,10.72,-1.67,9.62,False,False,False,Blackout
2026-11-05 21:00:00+00:00,1793912400.0,haworth_psr_control,230.88,-0.1,11.37,10.72,-1.72,9.62,False,False,False,Blackout
2026-11-05 22:00:00+00:00,1793916000.0,haworth_psr_control,230.38,-0.12,11.37,10.71,-1.77,9.62,False,False,False,Blackout
2026-11-05 23:00:00+00:00,1793919600.0,haworth_psr_control,229.87,-0.14,11.35,10.7,-1.82,9.62,False,False,False,Blackout
2026-11-06 00:00:00+00:00,1793923200.0,haworth_psr_control,229.36,-0.15,11.27,10.69,-1.87,9.62,False,False,False,Blackout
2026-11-06 01:00:00+00:00,1793926800.0,haworth_psr_control,228.85,-0.17,11.19,10.68,-1.92,9.62,False,False,False,Blackout
2026-11-06 02:00:00+00:00,1793930400.0,haworth_psr_control,228.34,-0.18,11.11,10.67,-1.97,9.62,False,False,False,Blackout
2026-11-06 03:00:00+00:00,1793934000.0,haworth_psr_control,227.84,-0.2,11.03,10.67,-2.01,9.62,False,False,False,Blackout
2026-11-06 04:00:00+00:00,1793937600.0,haworth_psr_control,227.33,-0.22,10.95,10.66,-2.06,9.62,False,False,False,Blackout
2026-11-06 05:00:00+00:00,1793941200.0,haworth_psr_control,226.82,-0.23,10.87,10.65,-2.11,9.62,False,False,False,Blackout
2026-11-06 06:00:00+00:00,1793944800.0,haworth_psr_control,226.31,-0.25,10.79,10.64,-2.15,9.62,False,False,False,Blackout
2026-11-06 07:00:00+00:00,1793948400.0,haworth_psr_control,225.81,-0.27,10.71,10.62,-2.2,9.62,False,False,False,Blackout
2026-11-06 08:00:00+00:00,1793952000.0,haworth_psr_control,225.3,-0.28,10.63,10.62,-2.24,9.61,False,False,False,Blackout
2026-11-06 09:00:00+00:00,1793955600.0,haworth_psr_control,224.79,-0.3,10.58,10.6,-2.29,9.61,False,False,False,Blackout
2026-11-06 10:00:00+00:00,1793959200.0,haworth_psr_control,224.28,-0.31,10.58,10.59,-2.33,9.61,False,False,False,Blackout
2026-11-06 11:00:00+00:00,1793962800.0,haworth_psr_control,223.77,-0.33,10.58,10.58,-2.38,9.61,False,False,False,Blackout
2026-11-06 12:00:00+00:00,1793966400.0,haworth_psr_control,223.26,-0.34,10.58,10.57,-2.42,9.61,False,False,False,Blackout
2026-11-06 13:00:00+00:00,1793970000.0,haworth_psr_control,222.76,-0.36,10.58,10.56,-2.46,9.61,False,False,False,Blackout
2026-11-06 14:00:00+00:00,1793973600.0,haworth_psr_control,222.25,-0.37,10.58,10.55,-2.51,9.61,False,False,False,Blackout
2026-11-06 15:00:00+00:00,1793977200.0,haworth_psr_control,221.74,-0.39,10.58,10.53,-2.55,9.61,False,False,False,Blackout
2026-11-06 16:00:00+00:00,1793980800.0,haworth_psr_control,221.23,-0.4,10.58,10.52,-2.59,9.61,False,False,False,Blackout
2026-11-06 17:00:00+00:00,1793984400.0,haworth_psr_control,220.73,-0.42,10.58,10.51,-2.63,9.61,False,False,False,Blackout
2026-11-06 18:00:00+00:00,1793988000.0,haworth_psr_control,220.22,-0.43,10.58,10.49,-2.67,9.61,False,False,False,Blackout
2026-11-06 19:00:00+00:00,1793991600.0,haworth_psr_control,219.71,-0.44,10.58,10.48,-2.71,9.61,False,False,False,Blackout
2026-11-06 20:00:00+00:00,1793995200.0,haworth_psr_control,219.2,-0.46,10.58,10.47,-2.75,9.61,False,False,False,Blackout
2026-11-06 21:00:00+00:00,1793998800.0,haworth_psr_control,218.69,-0.47,10.58,10.45,-2.79,9.61,False,False,False,Blackout
2026-11-06 22:00:00+00:00,1794002400.0,haworth_psr_control,218.19,-0.49,10.58,10.44,-2.83,9.61,False,False,False,Blackout
2026-11-06 23:00:00+00:00,1794006000.0,haworth_psr_control,217.68,-0.5,10.58,10.42,-2.87,9.61,False,False,False,Blackout
2026-11-07 00:00:00+00:00,1794009600.0,haworth_psr_control,217.17,-0.51,10.58,10.41,-2.91,9.61,False,False,False,Blackout
2026-11-07 01:00:00+00:00,1794013200.0,haworth_psr_control,216.66,-0.53,10.58,10.39,-2.95,9.61,False,False,False,Blackout
2026-11-07 02:00:00+00:00,1794016800.0,haworth_psr_control,216.15,-0.54,10.58,10.38,-2.98,9.61,False,False,False,Blackout
2026-11-07 03:00:00+00:00,1794020400.0,haworth_psr_control,215.65,-0.55,10.58,10.36,-3.02,9.61,False,False,False,Blackout
2026-11-07 04:00:00+00:00,1794024000.0,haworth_psr_control,215.14,-0.56,10.58,10.34,-3.06,9.61,False,False,False,Blackout
2026-11-07 05:00:00+00:00,1794027600.0,haworth_psr_control,214.63,-0.58,10.58,10.33,-3.09,9.61,False,False,False,Blackout
2026-11-07 06:00:00+00:00,1794031200.0,haworth_psr_control,214.12,-0.59,10.58,10.31,-3.13,9.61,False,False,False,Blackout
2026-11-07 07:00:00+00:00,1794034800.0,haworth_psr_control,213.61,-0.6,10.58,10.29,-3.16,9.61,False,False,False,Blackout
2026-11-07 08:00:00+00:00,1794038400.0,haworth_psr_control,213.11,-0.61,10.58,10.28,-3.19,9.61,False,False,False,Blackout
2026-11-07 09:00:00+00:00,1794042000.0,haworth_psr_control,212.6,-0.62,10.58,10.26,-3.23,9.61,False,False,False,Blackout
2026-11-07 10:00:00+00:00,1794045600.0,haworth_psr_control,212.09,-0.64,10.58,10.24,-3.26,9.61,False,False,False,Blackout
2026-11-07 11:00:00+00:00,1794049200.0,haworth_psr_control,211.58,-0.65,10.58,10.22,-3.29,9.61,False,False,False,Blackout
2026-11-07 12:00:00+00:00,1794052800.0,haworth_psr_control,211.07,-0.66,10.58,10.2,-3.33,9.61,False,False,False,Blackout
2026-11-07 13:00:00+00:00,1794056400.0,haworth_psr_control,210.57,-0.67,10.58,10.19,-3.36,9.61,False,False,False,Blackout
2026-11-07 14:00:00+00:00,1794060000.0,haworth_psr_control,210.06,-0.68,10.58,10.17,-3.39,9.61,False,False,False,Blackout
2026-11-07 15:00:00+00:00,1794063600.0,haworth_psr_control,209.55,-0.69,10.49,10.15,-3.42,9.61,False,False,False,Blackout
2026-11-07 16:00:00+00:00,1794067200.0,haworth_psr_control,209.04,-0.7,10.39,10.13,-3.45,9.61,False,False,False,Blackout
2026-11-07 17:00:00+00:00,1794070800.0,haworth_psr_control,208.53,-0.71,10.3,10.11,-3.48,9.61,False,False,False,Blackout
2026-11-07 18:00:00+00:00,1794074400.0,haworth_psr_control,208.02,-0.72,10.2,10.09,-3.51,9.61,False,False,False,Blackout
2026-11-07 19:00:00+00:00,1794078000.0,haworth_psr_control,207.52,-0.73,10.1,10.07,-3.54,9.61,False,False,False,Blackout
2026-11-07 20:00:00+00:00,1794081600.0,haworth_psr_control,207.01,-0.74,10.0,10.05,-3.57,9.61,False,False,False,Blackout
2026-11-07 21:00:00+00:00,1794085200.0,haworth_psr_control,206.5,-0.75,9.9,10.03,-3.59,9.61,False,False,False,Blackout
2026-11-07 22:00:00+00:00,1794088800.0,haworth_psr_control,205.99,-0.76,9.8,10.01,-3.62,9.61,False,False,False,Blackout
2026-11-07 23:00:00+00:00,1794092400.0,haworth_psr_control,205.48,-0.77,9.7,9.98,-3.65,9.61,False,False,False,Blackout
2026-11-08 00:00:00+00:00,1794096000.0,haworth_psr_control,204.98,-0.78,9.61,9.96,-3.67,9.61,False,False,False,Blackout
2026-11-08 01:00:00+00:00,1794099600.0,haworth_psr_control,204.47,-0.79,9.61,9.94,-3.7,9.61,False,False,False,Blackout
2026-11-08 02:00:00+00:00,1794103200.0,haworth_psr_control,203.96,-0.8,9.61,9.92,-3.72,9.61,False,False,False,Blackout
2026-11-08 03:00:00+00:00,1794106800.0,haworth_psr_control,203.45,-0.81,9.61,9.9,-3.75,9.61,False,False,False,Blackout
2026-11-08 04:00:00+00:00,1794110400.0,haworth_psr_control,202.94,-0.82,9.61,9.87,-3.77,9.61,False,False,False,Blackout
2026-11-08 05:00:00+00:00,1794114000.0,haworth_psr_control,202.43,-0.83,9.61,9.85,-3.79,9.62,False,False,False,Blackout
2026-11-08 06:00:00+00:00,1794117600.0,haworth_psr_control,201.92,-0.83,9.61,9.83,-3.82,9.62,False,False,False,Blackout
2026-11-08 07:00:00+00:00,1794121200.0,haworth_psr_control,201.42,-0.84,9.61,9.8,-3.84,9.62,False,False,False,Blackout
2026-11-08 08:00:00+00:00,1794124800.0,haworth_psr_control,200.91,-0.85,9.61,9.78,-3.86,9.62,False,False,False,Blackout
2026-11-08 09:00:00+00:00,1794128400.0,haworth_psr_control,200.4,-0.86,9.61,9.75,-3.88,9.62,False,False,False,Blackout
2026-11-08 10:00:00+00:00,1794132000.0,haworth_psr_control,199.89,-0.86,9.59,9.73,-3.9,9.62,False,False,False,Blackout
2026-11-08 11:00:00+00:00,1794135600.0,haworth_psr_control,199.38,-0.87,9.47,9.7,-3.92,9.62,False,False,False,Blackout
2026-11-08 12:00:00+00:00,1794139200.0,haworth_psr_control,198.88,-0.88,9.36,9.68,-3.94,9.62,False,False,False,Blackout
2026-11-08 13:00:00+00:00,1794142800.0,haworth_psr_control,198.37,-0.89,9.24,9.65,-3.96,9.62,False,False,False,Blackout
2026-11-08 14:00:00+00:00,1794146400.0,haworth_psr_control,197.86,-0.89,9.13,9.63,-3.98,9.62,False,False,False,Blackout
2026-11-08 15:00:00+00:00,1794150000.0,haworth_psr_control,197.35,-0.9,9.01,9.6,-4.0,9.62,False,False,False,Blackout
2026-11-08 16:00:00+00:00,1794153600.0,haworth_psr_control,196.84,-0.91,8.9,9.58,-4.02,9.63,False,False,False,Blackout
2026-11-08 17:00:00+00:00,1794157200.0,haworth_psr_control,196.33,-0.91,8.78,9.55,-4.03,9.63,False,False,False,Blackout
2026-11-08 18:00:00+00:00,1794160800.0,haworth_psr_control,195.83,-0.92,8.67,9.52,-4.05,9.63,False,False,False,Blackout
2026-11-08 19:00:00+00:00,1794164400.0,haworth_psr_control,195.32,-0.92,8.55,9.5,-4.07,9.63,False,False,False,Blackout
2026-11-08 20:00:00+00:00,1794168000.0,haworth_psr_control,194.81,-0.93,8.45,9.47,-4.08,9.63,False,False,False,Blackout
2026-11-08 21:00:00+00:00,1794171600.0,haworth_psr_control,194.3,-0.94,8.36,9.44,-4.1,9.63,False,False,False,Blackout
2026-11-08 22:00:00+00:00,1794175200.0,haworth_psr_control,193.79,-0.94,8.28,9.41,-4.11,9.63,False,False,False,Blackout
2026-11-08 23:00:00+00:00,1794178800.0,haworth_psr_control,193.28,-0.94,8.19,9.38,-4.12,9.63,False,False,False,Blackout
2026-11-09 00:00:00+00:00,1794182400.0,haworth_psr_control,192.78,-0.95,8.11,9.36,-4.14,9.63,False,False,False,Blackout
2026-11-09 01:00:00+00:00,1794186000.0,haworth_psr_control,192.27,-0.95,8.02,9.33,-4.15,9.63,False,False,False,Blackout
2026-11-09 02:00:00+00:00,1794189600.0,haworth_psr_control,191.76,-0.96,7.94,9.3,-4.16,9.64,False,False,False,Blackout
2026-11-09 03:00:00+00:00,1794193200.0,haworth_psr_control,191.25,-0.96,7.85,9.27,-4.17,9.64,False,False,False,Blackout
2026-11-09 04:00:00+00:00,1794196800.0,haworth_psr_control,190.74,-0.97,7.76,9.24,-4.18,9.64,False,False,False,Blackout
2026-11-09 05:00:00+00:00,1794200400.0,haworth_psr_control,190.23,-0.97,7.68,9.21,-4.2,9.64,False,False,False,Blackout
2026-11-09 06:00:00+00:00,1794204000.0,haworth_psr_control,189.73,-0.97,7.64,9.18,-4.21,9.64,False,False,False,Blackout
2026-11-09 07:00:00+00:00,1794207600.0,haworth_psr_control,189.22,-0.98,7.64,9.15,-4.21,9.64,False,False,False,Blackout
2026-11-09 08:00:00+00:00,1794211200.0,haworth_psr_control,188.71,-0.98,7.64,9.12,-4.22,9.64,False,False,False,Blackout
2026-11-09 09:00:00+00:00,1794214800.0,haworth_psr_control,188.2,-0.98,7.64,9.08,-4.23,9.64,False,False,False,Blackout
2026-11-09 10:00:00+00:00,1794218400.0,haworth_psr_control,187.69,-0.99,7.64,9.05,-4.24,9.64,False,False,False,Blackout
2026-11-09 11:00:00+00:00,1794222000.0,haworth_psr_control,187.18,-0.99,7.64,9.02,-4.25,9.65,False,False,False,Blackout
2026-11-09 12:00:00+00:00,1794225600.0,haworth_psr_control,186.68,-0.99,7.64,8.99,-4.25,9.65,False,False,False,Blackout
2026-11-09 13:00:00+00:00,1794229200.0,haworth_psr_control,186.17,-0.99,7.64,8.96,-4.26,9.65,False,False,False,Blackout
2026-11-09 14:00:00+00:00,1794232800.0,haworth_psr_control,185.66,-1.0,7.64,8.92,-4.26,9.65,False,False,False,Blackout
2026-11-09 15:00:00+00:00,1794236400.0,haworth_psr_control,185.15,-1.0,7.64,8.89,-4.27,9.65,False,False,False,Blackout
2026-11-09 16:00:00+00:00,1794240000.0,haworth_psr_control,184.64,-1.0,7.64,8.86,-4.28,9.65,False,False,False,Blackout
2026-11-09 17:00:00+00:00,1794243600.0,haworth_psr_control,184.13,-1.0,7.64,8.82,-4.28,9.65,False,False,False,Blackout
2026-11-09 18:00:00+00:00,1794247200.0,haworth_psr_control,183.63,-1.0,7.64,8.79,-4.28,9.65,False,False,False,Blackout
2026-11-09 19:00:00+00:00,1794250800.0,haworth_psr_control,183.12,-1.0,7.64,8.75,-4.29,9.65,False,False,False,Blackout
2026-11-09 20:00:00+00:00,1794254400.0,haworth_psr_control,182.61,-1.0,7.64,8.72,-4.29,9.66,False,False,False,Blackout
2026-11-09 21:00:00+00:00,1794258000.0,haworth_psr_control,182.1,-1.0,7.64,8.69,-4.29,9.66,False,False,False,Blackout
2026-11-09 22:00:00+00:00,1794261600.0,haworth_psr_control,181.59,-1.0,7.64,8.65,-4.29,9.66,False,False,False,Blackout
2026-11-09 23:00:00+00:00,1794265200.0,haworth_psr_control,181.08,-1.01,7.64,8.62,-4.29,9.66,False,False,False,Blackout
2026-11-10 00:00:00+00:00,1794268800.0,haworth_psr_control,180.58,-1.01,7.64,8.58,-4.29,9.66,False,False,False,Blackout
2026-11-10 01:00:00+00:00,1794272400.0,haworth_psr_control,180.07,-1.0,7.64,8.54,-4.29,9.66,False,False,False,Blackout
2026-11-10 02:00:00+00:00,1794276000.0,haworth_psr_control,179.56,-1.0,7.64,8.51,-4.29,9.66,False,False,False,Blackout
2026-11-10 03:00:00+00:00,1794279600.0,haworth_psr_control,179.05,-1.0,7.64,8.47,-4.29,9.67,False,False,False,Blackout
2026-11-10 04:00:00+00:00,1794283200.0,haworth_psr_control,178.54,-1.0,7.64,8.43,-4.29,9.67,False,False,False,Blackout
2026-11-10 05:00:00+00:00,1794286800.0,haworth_psr_control,178.03,-1.0,7.64,8.4,-4.29,9.67,False,False,False,Blackout
2026-11-10 06:00:00+00:00,1794290400.0,haworth_psr_control,177.53,-1.0,7.64,8.36,-4.28,9.67,False,False,False,Blackout
2026-11-10 07:00:00+00:00,1794294000.0,haworth_psr_control,177.02,-1.0,7.64,8.32,-4.28,9.67,False,False,False,Blackout
2026-11-10 08:00:00+00:00,1794297600.0,haworth_psr_control,176.51,-1.0,7.64,8.28,-4.28,9.67,False,False,False,Blackout
2026-11-10 09:00:00+00:00,1794301200.0,haworth_psr_control,176.0,-1.0,7.64,8.24,-4.27,9.67,False,False,False,Blackout
2026-11-10 10:00:00+00:00,1794304800.0,haworth_psr_control,175.49,-0.99,7.64,8.2,-4.27,9.67,False,False,False,Blackout
2026-11-10 11:00:00+00:00,1794308400.0,haworth_psr_control,174.98,-0.99,7.64,8.17,-4.26,9.68,False,False,False,Blackout
2026-11-10 12:00:00+00:00,1794312000.0,haworth_psr_control,174.48,-0.99,7.64,8.13,-4.25,9.68,False,False,False,Blackout
2026-11-10 13:00:00+00:00,1794315600.0,haworth_psr_control,173.97,-0.99,7.64,8.09,-4.25,9.68,False,False,False,Blackout
2026-11-10 14:00:00+00:00,1794319200.0,haworth_psr_control,173.46,-0.99,7.64,8.05,-4.24,9.68,False,False,False,Blackout
2026-11-10 15:00:00+00:00,1794322800.0,haworth_psr_control,172.95,-0.98,7.64,8.01,-4.23,9.68,False,False,False,Blackout
2026-11-10 16:00:00+00:00,1794326400.0,haworth_psr_control,172.44,-0.98,7.64,7.97,-4.23,9.68,False,False,False,Blackout
2026-11-10 17:00:00+00:00,1794330000.0,haworth_psr_control,171.93,-0.98,7.64,7.93,-4.22,9.68,False,False,False,Blackout
2026-11-10 18:00:00+00:00,1794333600.0,haworth_psr_control,171.43,-0.97,7.64,7.88,-4.21,9.69,False,False,False,Blackout
2026-11-10 19:00:00+00:00,1794337200.0,haworth_psr_control,170.92,-0.97,7.64,7.84,-4.2,9.69,False,False,False,Blackout
2026-11-10 20:00:00+00:00,1794340800.0,haworth_psr_control,170.41,-0.96,7.64,7.8,-4.19,9.69,False,False,False,Blackout
2026-11-10 21:00:00+00:00,1794344400.0,haworth_psr_control,169.9,-0.96,7.62,7.76,-4.18,9.69,False,False,False,Blackout
2026-11-10 22:00:00+00:00,1794348000.0,haworth_psr_control,169.39,-0.96,7.53,7.72,-4.17,9.69,False,False,False,Blackout
2026-11-10 23:00:00+00:00,1794351600.0,haworth_psr_control,168.88,-0.95,7.43,7.68,-4.16,9.69,False,False,False,Blackout
2026-11-11 00:00:00+00:00,1794355200.0,haworth_psr_control,168.38,-0.95,7.33,7.63,-4.14,9.7,False,False,False,Blackout
2026-11-11 01:00:00+00:00,1794358800.0,haworth_psr_control,167.87,-0.94,7.24,7.59,-4.13,9.7,False,False,False,Blackout
2026-11-11 02:00:00+00:00,1794362400.0,haworth_psr_control,167.36,-0.94,7.14,7.55,-4.12,9.7,False,False,False,Blackout
2026-11-11 03:00:00+00:00,1794366000.0,haworth_psr_control,166.85,-0.93,7.05,7.5,-4.1,9.7,False,False,False,Blackout
2026-11-11 04:00:00+00:00,1794369600.0,haworth_psr_control,166.34,-0.93,6.95,7.46,-4.09,9.7,False,False,False,Blackout
2026-11-11 05:00:00+00:00,1794373200.0,haworth_psr_control,165.84,-0.92,6.86,7.42,-4.08,9.7,False,False,False,Blackout
2026-11-11 06:00:00+00:00,1794376800.0,haworth_psr_control,165.33,-0.92,6.76,7.37,-4.06,9.7,False,False,False,Blackout
2026-11-11 07:00:00+00:00,1794380400.0,haworth_psr_control,164.82,-0.91,6.7,7.33,-4.04,9.71,False,False,False,Blackout
2026-11-11 08:00:00+00:00,1794384000.0,haworth_psr_control,164.31,-0.9,6.7,7.28,-4.03,9.71,False,False,False,Blackout
2026-11-11 09:00:00+00:00,1794387600.0,haworth_psr_control,163.8,-0.9,6.7,7.24,-4.01,9.71,False,False,False,Blackout
2026-11-11 10:00:00+00:00,1794391200.0,haworth_psr_control,163.29,-0.89,6.7,7.19,-4.0,9.71,False,False,False,Blackout
2026-11-11 11:00:00+00:00,1794394800.0,haworth_psr_control,162.79,-0.88,6.7,7.14,-3.98,9.71,False,False,False,Blackout
2026-11-11 12:00:00+00:00,1794398400.0,haworth_psr_control,162.28,-0.88,6.7,7.1,-3.96,9.71,False,False,False,Blackout
2026-11-11 13:00:00+00:00,1794402000.0,haworth_psr_control,161.77,-0.87,6.7,7.05,-3.94,9.72,False,False,False,Blackout
2026-11-11 14:00:00+00:00,1794405600.0,haworth_psr_control,161.26,-0.86,6.7,7.0,-3.92,9.72,False,False,False,Blackout
2026-11-11 15:00:00+00:00,1794409200.0,haworth_psr_control,160.75,-0.85,6.7,6.96,-3.9,9.72,False,False,False,Blackout
2026-11-11 16:00:00+00:00,1794412800.0,haworth_psr_control,160.25,-0.85,6.7,6.91,-3.88,9.72,False,False,False,Blackout
2026-11-11 17:00:00+00:00,1794416400.0,haworth_psr_control,159.74,-0.84,6.7,6.86,-3.86,9.72,False,False,False,Blackout
2026-11-11 18:00:00+00:00,1794420000.0,haworth_psr_control,159.23,-0.83,6.7,6.82,-3.84,9.72,False,False,False,Blackout
2026-11-11 19:00:00+00:00,1794423600.0,haworth_psr_control,158.72,-0.82,6.7,6.77,-3.82,9.73,False,False,False,Blackout
2026-11-11 20:00:00+00:00,1794427200.0,haworth_psr_control,158.21,-0.81,6.7,6.72,-3.8,9.73,False,False,False,Blackout
2026-11-11 21:00:00+00:00,1794430800.0,haworth_psr_control,157.71,-0.81,6.7,6.67,-3.78,9.73,False,False,False,Blackout
2026-11-11 22:00:00+00:00,1794434400.0,haworth_psr_control,157.2,-0.8,6.7,6.62,-3.76,9.73,False,False,False,Blackout
2026-11-11 23:00:00+00:00,1794438000.0,haworth_psr_control,156.69,-0.79,6.7,6.57,-3.73,9.73,False,False,False,Blackout
2026-11-12 00:00:00+00:00,1794441600.0,haworth_psr_control,156.18,-0.78,6.7,6.52,-3.71,9.74,False,False,False,Blackout
2026-11-12 01:00:00+00:00,1794445200.0,haworth_psr_control,155.67,-0.77,6.7,6.48,-3.69,9.74,False,False,False,Blackout
2026-11-12 02:00:00+00:00,1794448800.0,haworth_psr_control,155.17,-0.76,6.7,6.43,-3.66,9.74,False,False,False,Blackout
2026-11-12 03:00:00+00:00,1794452400.0,haworth_psr_control,154.66,-0.75,6.64,6.38,-3.64,9.74,False,False,False,Blackout
2026-11-12 04:00:00+00:00,1794456000.0,haworth_psr_control,154.15,-0.74,6.54,6.33,-3.61,9.74,False,False,False,Blackout
2026-11-12 05:00:00+00:00,1794459600.0,haworth_psr_control,153.64,-0.73,6.44,6.28,-3.59,9.74,False,False,False,Blackout
2026-11-12 06:00:00+00:00,1794463200.0,haworth_psr_control,153.13,-0.72,6.35,6.23,-3.56,9.75,False,False,False,Blackout
2026-11-12 07:00:00+00:00,1794466800.0,haworth_psr_control,152.63,-0.71,6.25,6.18,-3.53,9.75,False,False,False,Blackout
2026-11-12 08:00:00+00:00,1794470400.0,haworth_psr_control,152.12,-0.7,6.16,6.12,-3.51,9.75,False,False,False,Blackout
2026-11-12 09:00:00+00:00,1794474000.0,haworth_psr_control,151.61,-0.69,6.06,6.07,-3.48,9.75,False,False,False,Blackout
2026-11-12 10:00:00+00:00,1794477600.0,haworth_psr_control,151.1,-0.68,5.97,6.02,-3.45,9.75,False,False,False,Blackout
2026-11-12 11:00:00+00:00,1794481200.0,haworth_psr_control,150.59,-0.67,5.87,5.97,-3.42,9.76,False,False,False,Blackout
2026-11-12 12:00:00+00:00,1794484800.0,haworth_psr_control,150.09,-0.66,5.78,5.92,-3.39,9.76,False,False,False,Blackout
2026-11-12 13:00:00+00:00,1794488400.0,haworth_psr_control,149.58,-0.64,5.76,5.87,-3.37,9.76,False,False,False,Blackout
2026-11-12 14:00:00+00:00,1794492000.0,haworth_psr_control,149.07,-0.63,5.76,5.81,-3.34,9.76,False,False,False,Blackout
2026-11-12 15:00:00+00:00,1794495600.0,haworth_psr_control,148.56,-0.62,5.76,5.76,-3.31,9.76,False,False,False,Blackout
2026-11-12 16:00:00+00:00,1794499200.0,haworth_psr_control,148.06,-0.61,5.76,5.71,-3.27,9.76,False,False,False,Blackout
2026-11-12 17:00:00+00:00,1794502800.0,haworth_psr_control,147.55,-0.6,5.76,5.65,-3.25,9.77,False,False,False,Blackout
2026-11-12 18:00:00+00:00,1794506400.0,haworth_psr_control,147.04,-0.58,5.76,5.6,-3.21,9.77,False,False,False,Blackout
2026-11-12 19:00:00+00:00,1794510000.0,haworth_psr_control,146.53,-0.57,5.76,5.55,-3.18,9.77,False,False,False,Blackout
2026-11-12 20:00:00+00:00,1794513600.0,haworth_psr_control,146.02,-0.56,5.76,5.5,-3.15,9.77,False,False,False,Blackout
2026-11-12 21:00:00+00:00,1794517200.0,haworth_psr_control,145.52,-0.55,5.76,5.44,-3.12,9.77,False,False,False,Blackout
2026-11-12 22:00:00+00:00,1794520800.0,haworth_psr_control,145.01,-0.53,5.76,5.39,-3.08,9.78,False,False,False,Blackout
2026-11-12 23:00:00+00:00,1794524400.0,haworth_psr_control,144.5,-0.52,5.76,5.33,-3.05,9.78,False,False,False,Blackout
2026-11-13 00:00:00+00:00,1794528000.0,haworth_psr_control,143.99,-0.51,5.76,5.28,-3.02,9.78,False,False,False,Blackout
2026-11-13 01:00:00+00:00,1794531600.0,haworth_psr_control,143.49,-0.49,5.76,5.22,-2.98,9.78,False,False,False,Blackout
2026-11-13 02:00:00+00:00,1794535200.0,haworth_psr_control,142.98,-0.48,5.76,5.17,-2.95,9.78,False,False,False,Blackout
2026-11-13 03:00:00+00:00,1794538800.0,haworth_psr_control,142.47,-0.47,5.76,5.12,-2.92,9.79,False,False,False,Blackout
2026-11-13 04:00:00+00:00,1794542400.0,haworth_psr_control,141.96,-0.45,5.76,5.06,-2.88,9.79,False,False,False,Blackout
2026-11-13 05:00:00+00:00,1794546000.0,haworth_psr_control,141.45,-0.44,5.76,5.0,-2.85,9.79,False,False,False,Blackout
2026-11-13 06:00:00+00:00,1794549600.0,haworth_psr_control,140.95,-0.42,5.76,4.95,-2.81,9.79,False,False,False,Blackout
2026-11-13 07:00:00+00:00,1794553200.0,haworth_psr_control,140.44,-0.41,5.76,4.89,-2.77,9.79,False,False,False,Blackout
2026-11-13 08:00:00+00:00,1794556800.0,haworth_psr_control,139.93,-0.4,5.74,4.84,-2.74,9.78,False,False,False,Blackout
2026-11-13 09:00:00+00:00,1794560400.0,haworth_psr_control,139.42,-0.38,5.62,4.78,-2.7,9.78,False,False,False,Blackout
2026-11-13 10:00:00+00:00,1794564000.0,haworth_psr_control,138.92,-0.37,5.5,4.73,-2.66,9.78,False,False,False,Blackout
2026-11-13 11:00:00+00:00,1794567600.0,haworth_psr_control,138.41,-0.35,5.38,4.67,-2.62,9.78,False,False,False,Blackout
2026-11-13 12:00:00+00:00,1794571200.0,haworth_psr_control,137.9,-0.34,5.26,4.62,-2.59,9.78,False,False,False,Blackout
2026-11-13 13:00:00+00:00,1794574800.0,haworth_psr_control,137.39,-0.32,5.13,4.56,-2.55,9.77,False,False,False,Blackout
2026-11-13 14:00:00+00:00,1794578400.0,haworth_psr_control,136.89,-0.3,5.01,4.5,-2.51,9.77,False,False,False,Blackout
2026-11-13 15:00:00+00:00,1794582000.0,haworth_psr_control,136.38,-0.29,4.89,4.45,-2.47,9.77,False,False,False,Blackout
2026-11-13 16:00:00+00:00,1794585600.0,haworth_psr_control,135.87,-0.27,4.77,4.39,-2.43,9.77,False,False,False,Blackout
2026-11-13 17:00:00+00:00,1794589200.0,haworth_psr_control,135.36,-0.26,4.65,4.33,-2.39,9.76,False,False,False,Blackout
2026-11-13 18:00:00+00:00,1794592800.0,haworth_psr_control,134.86,-0.24,4.56,4.28,-2.35,9.76,False,False,False,Blackout
2026-11-13 19:00:00+00:00,1794596400.0,haworth_psr_control,134.35,-0.23,4.54,4.22,-2.31,9.76,False,False,False,Blackout
2026-11-13 20:00:00+00:00,1794600000.0,haworth_psr_control,133.84,-0.21,4.53,4.16,-2.27,9.76,False,False,False,Blackout
2026-11-13 21:00:00+00:00,1794603600.0,haworth_psr_control,133.33,-0.19,4.52,4.11,-2.23,9.76,False,False,False,Blackout
2026-11-13 22:00:00+00:00,1794607200.0,haworth_psr_control,132.83,-0.18,4.5,4.05,-2.19,9.75,False,False,False,Blackout
2026-11-13 23:00:00+00:00,1794610800.0,haworth_psr_control,132.32,-0.16,4.49,3.99,-2.15,9.75,False,False,False,Blackout
2026-11-14 00:00:00+00:00,1794614400.0,haworth_psr_control,131.81,-0.14,4.48,3.93,-2.1,9.75,False,False,False,Blackout
2026-11-14 01:00:00+00:00,1794618000.0,haworth_psr_control,131.3,-0.13,4.46,3.88,-2.06,9.75,False,False,False,Blackout
2026-11-14 02:00:00+00:00,1794621600.0,haworth_psr_control,130.8,-0.11,4.45,3.82,-2.02,9.75,False,False,False,Blackout
2026-11-14 03:00:00+00:00,1794625200.0,haworth_psr_control,130.29,-0.09,4.44,3.76,-1.98,9.74,False,False,False,Blackout
2026-11-14 04:00:00+00:00,1794628800.0,haworth_psr_control,129.78,-0.07,4.42,3.7,-1.93,9.74,False,False,False,Blackout
2026-11-14 05:00:00+00:00,1794632400.0,haworth_psr_control,129.27,-0.06,4.4,3.64,-1.89,9.74,False,False,False,Blackout
2026-11-14 06:00:00+00:00,1794636000.0,haworth_psr_control,128.77,-0.04,4.38,3.59,-1.85,9.74,False,False,False,Blackout
2026-11-14 07:00:00+00:00,1794639600.0,haworth_psr_control,128.26,-0.02,4.35,3.53,-1.8,9.73,False,False,False,Blackout
2026-11-14 08:00:00+00:00,1794643200.0,haworth_psr_control,127.75,-0.0,4.33,3.47,-1.76,9.73,False,False,False,Blackout
2026-11-14 09:00:00+00:00,1794646800.0,haworth_psr_control,127.25,0.01,4.31,3.41,-1.71,9.73,False,False,False,Blackout
2026-11-14 10:00:00+00:00,1794650400.0,haworth_psr_control,126.74,0.03,4.29,3.36,-1.67,9.73,False,False,False,Blackout
2026-11-14 11:00:00+00:00,1794654000.0,haworth_psr_control,126.23,0.05,4.26,3.3,-1.62,9.73,False,False,False,Blackout
2026-11-14 12:00:00+00:00,1794657600.0,haworth_psr_control,125.72,0.07,4.24,3.24,-1.58,9.72,False,False,False,Blackout
2026-11-14 13:00:00+00:00,1794661200.0,haworth_psr_control,125.22,0.09,4.22,3.18,-1.53,9.72,False,False,False,Blackout
2026-11-14 14:00:00+00:00,1794664800.0,haworth_psr_control,124.71,0.1,4.2,3.12,-1.48,9.72,False,False,False,Blackout
2026-11-14 15:00:00+00:00,1794668400.0,haworth_psr_control,124.2,0.12,4.17,3.07,-1.44,9.72,False,False,False,Blackout
2026-11-14 16:00:00+00:00,1794672000.0,haworth_psr_control,123.69,0.14,4.15,3.01,-1.39,9.71,False,False,False,Blackout
2026-11-14 17:00:00+00:00,1794675600.0,haworth_psr_control,123.19,0.16,4.12,2.95,-1.34,9.71,False,False,False,Blackout
2026-11-14 18:00:00+00:00,1794679200.0,haworth_psr_control,122.68,0.18,4.1,2.89,-1.29,9.71,False,False,False,Blackout
2026-11-14 19:00:00+00:00,1794682800.0,haworth_psr_control,122.17,0.2,4.07,2.83,-1.25,9.71,False,False,False,Blackout
2026-11-14 20:00:00+00:00,1794686400.0,haworth_psr_control,121.67,0.22,4.05,2.78,-1.2,9.71,False,False,False,Blackout
2026-11-14 21:00:00+00:00,1794690000.0,haworth_psr_control,121.16,0.24,4.03,2.72,-1.15,9.7,False,False,False,Blackout
2026-11-14 22:00:00+00:00,1794693600.0,haworth_psr_control,120.65,0.26,4.0,2.66,-1.1,9.7,False,False,False,Blackout
2026-11-14 23:00:00+00:00,1794697200.0,haworth_psr_control,120.14,0.28,3.98,2.6,-1.05,9.7,False,False,False,Blackout
2026-11-15 00:00:00+00:00,1794700800.0,haworth_psr_control,119.64,0.3,3.99,2.55,-1.0,9.7,False,False,False,Blackout
2026-11-15 01:00:00+00:00,1794704400.0,haworth_psr_control,119.13,0.32,4.01,2.49,-0.96,9.69,False,False,False,Blackout
2026-11-15 02:00:00+00:00,1794708000.0,haworth_psr_control,118.62,0.34,4.03,2.43,-0.91,9.69,False,False,False,Blackout
2026-11-15 03:00:00+00:00,1794711600.0,haworth_psr_control,118.12,0.35,4.05,2.37,-0.86,9.69,False,False,False,Blackout
2026-11-15 04:00:00+00:00,1794715200.0,haworth_psr_control,117.61,0.38,4.07,2.32,-0.81,9.69,False,False,False,Blackout
2026-11-15 05:00:00+00:00,1794718800.0,haworth_psr_control,117.1,0.4,4.09,2.26,-0.76,9.69,False,False,False,Blackout
2026-11-15 06:00:00+00:00,1794722400.0,haworth_psr_control,116.6,0.41,4.11,2.2,-0.71,9.68,False,False,False,Blackout
2026-11-15 07:00:00+00:00,1794726000.0,haworth_psr_control,116.09,0.43,4.13,2.14,-0.66,9.68,False,False,False,Blackout
2026-11-15 08:00:00+00:00,1794729600.0,haworth_psr_control,115.58,0.46,4.16,2.09,-0.6,9.68,False,False,False,Blackout
2026-11-15 09:00:00+00:00,1794733200.0,haworth_psr_control,115.07,0.48,4.18,2.03,-0.55,9.68,False,False,False,Blackout
2026-11-15 10:00:00+00:00,1794736800.0,haworth_psr_control,114.57,0.5,4.15,1.97,-0.5,9.67,False,False,False,Blackout
2026-11-15 11:00:00+00:00,1794740400.0,haworth_psr_control,114.06,0.52,4.12,1.92,-0.45,9.67,False,False,False,Blackout
2026-11-15 12:00:00+00:00,1794744000.0,haworth_psr_control,113.55,0.54,4.09,1.86,-0.4,9.67,False,False,False,Blackout
2026-11-15 13:00:00+00:00,1794747600.0,haworth_psr_control,113.05,0.56,4.05,1.8,-0.35,9.67,False,False,False,Blackout
2026-11-15 14:00:00+00:00,1794751200.0,haworth_psr_control,112.54,0.58,4.02,1.75,-0.29,9.67,False,False,False,Blackout
2026-11-15 15:00:00+00:00,1794754800.0,haworth_psr_control,112.03,0.6,3.99,1.69,-0.24,9.66,False,False,False,Blackout
2026-11-15 16:00:00+00:00,1794758400.0,haworth_psr_control,111.53,0.62,3.96,1.63,-0.19,9.66,False,False,False,Blackout
2026-11-15 17:00:00+00:00,1794762000.0,haworth_psr_control,111.02,0.64,3.93,1.58,-0.14,9.66,False,False,False,Blackout
2026-11-15 18:00:00+00:00,1794765600.0,haworth_psr_control,110.51,0.66,3.89,1.52,-0.08,9.66,False,False,False,Blackout
2026-11-15 19:00:00+00:00,1794769200.0,haworth_psr_control,110.0,0.68,3.86,1.47,-0.03,9.66,False,False,False,Blackout
2026-11-15 20:00:00+00:00,1794772800.0,haworth_psr_control,109.5,0.7,3.89,1.41,0.02,9.65,False,False,False,Blackout
2026-11-15 21:00:00+00:00,1794776400.0,haworth_psr_control,108.99,0.73,3.92,1.36,0.08,9.65,False,False,False,Blackout
2026-11-15 22:00:00+00:00,1794780000.0,haworth_psr_control,108.48,0.75,3.95,1.3,0.13,9.65,False,False,False,Blackout
2026-11-15 23:00:00+00:00,1794783600.0,haworth_psr_control,107.98,0.77,3.99,1.25,0.18,9.65,False,False,False,Blackout
2026-11-16 00:00:00+00:00,1794787200.0,haworth_psr_control,107.47,0.79,4.02,1.19,0.24,9.65,False,False,False,Blackout
2026-11-16 01:00:00+00:00,1794790800.0,haworth_psr_control,106.96,0.81,4.05,1.14,0.29,9.64,False,False,False,Blackout
2026-11-16 02:00:00+00:00,1794794400.0,haworth_psr_control,106.46,0.83,4.08,1.08,0.35,9.64,False,False,False,Blackout
2026-11-16 03:00:00+00:00,1794798000.0,haworth_psr_control,105.95,0.85,4.11,1.03,0.4,9.64,False,False,False,Blackout
2026-11-16 04:00:00+00:00,1794801600.0,haworth_psr_control,105.44,0.88,4.14,0.97,0.46,9.64,False,False,False,Blackout
2026-11-16 05:00:00+00:00,1794805200.0,haworth_psr_control,104.94,0.9,4.17,0.92,0.51,9.63,False,False,False,Blackout
2026-11-16 06:00:00+00:00,1794808800.0,haworth_psr_control,104.43,0.92,4.18,0.87,0.57,9.63,False,False,False,Blackout
2026-11-16 07:00:00+00:00,1794812400.0,haworth_psr_control,103.92,0.94,4.19,0.81,0.62,9.63,False,False,False,Blackout
2026-11-16 08:00:00+00:00,1794816000.0,haworth_psr_control,103.42,0.96,4.2,0.76,0.68,9.63,False,False,False,Blackout
2026-11-16 09:00:00+00:00,1794819600.0,haworth_psr_control,102.91,0.99,4.21,0.71,0.73,9.63,False,False,False,Blackout
2026-11-16 10:00:00+00:00,1794823200.0,haworth_psr_control,102.4,1.01,4.22,0.66,0.79,9.62,False,False,False,Blackout
2026-11-16 11:00:00+00:00,1794826800.0,haworth_psr_control,101.9,1.03,4.23,0.6,0.84,9.62,False,False,False,Blackout
2026-11-16 12:00:00+00:00,1794830400.0,haworth_psr_control,101.39,1.05,4.24,0.55,0.9,9.62,False,False,False,Blackout
2026-11-16 13:00:00+00:00,1794834000.0,haworth_psr_control,100.88,1.07,4.25,0.5,0.96,9.62,False,False,False,Blackout
2026-11-16 14:00:00+00:00,1794837600.0,haworth_psr_control,100.38,1.1,4.26,0.45,1.01,9.62,False,False,False,Blackout
2026-11-16 15:00:00+00:00,1794841200.0,haworth_psr_control,99.87,1.12,4.28,0.4,1.07,9.62,False,False,False,Blackout
2026-11-16 16:00:00+00:00,1794844800.0,haworth_psr_control,99.36,1.14,4.3,0.35,1.13,9.61,False,False,False,Blackout
2026-11-16 17:00:00+00:00,1794848400.0,haworth_psr_control,98.86,1.16,4.32,0.3,1.18,9.61,False,False,False,Blackout
2026-11-16 18:00:00+00:00,1794852000.0,haworth_psr_control,98.35,1.19,4.35,0.25,1.24,9.61,False,False,False,Blackout
2026-11-16 19:00:00+00:00,1794855600.0,haworth_psr_control,97.84,1.21,4.37,0.2,1.3,9.61,False,False,False,Blackout
2026-11-16 20:00:00+00:00,1794859200.0,haworth_psr_control,97.34,1.23,4.4,0.15,1.35,9.61,False,False,False,Blackout
2026-11-16 21:00:00+00:00,1794862800.0,haworth_psr_control,96.83,1.25,4.42,0.1,1.41,9.6,False,False,False,Blackout
2026-11-16 22:00:00+00:00,1794866400.0,haworth_psr_control,96.32,1.27,4.45,0.05,1.47,9.6,False,False,False,Blackout
2026-11-16 23:00:00+00:00,1794870000.0,haworth_psr_control,95.82,1.3,4.47,0.0,1.53,9.6,False,False,False,Blackout
2026-11-17 00:00:00+00:00,1794873600.0,haworth_psr_control,95.31,1.32,4.5,359.95,1.58,9.59,False,False,False,Blackout
2026-11-17 01:00:00+00:00,1794877200.0,haworth_psr_control,94.8,1.34,4.51,359.91,1.64,9.59,False,False,False,Blackout
2026-11-17 02:00:00+00:00,1794880800.0,haworth_psr_control,94.3,1.36,4.52,359.86,1.7,9.58,False,False,False,Blackout
2026-11-17 03:00:00+00:00,1794884400.0,haworth_psr_control,93.79,1.39,4.52,359.81,1.76,9.57,False,False,False,Blackout
2026-11-17 04:00:00+00:00,1794888000.0,haworth_psr_control,93.28,1.41,4.53,359.77,1.81,9.57,False,False,False,Blackout
2026-11-17 05:00:00+00:00,1794891600.0,haworth_psr_control,92.78,1.43,4.53,359.72,1.87,9.56,False,False,False,Blackout
2026-11-17 06:00:00+00:00,1794895200.0,haworth_psr_control,92.27,1.45,4.54,359.68,1.93,9.56,False,False,False,Blackout
2026-11-17 07:00:00+00:00,1794898800.0,haworth_psr_control,91.76,1.48,4.54,359.63,1.99,9.55,False,False,False,Blackout
2026-11-17 08:00:00+00:00,1794902400.0,haworth_psr_control,91.26,1.5,4.55,359.59,2.05,9.54,False,False,False,Blackout
2026-11-17 09:00:00+00:00,1794906000.0,haworth_psr_control,90.75,1.52,4.55,359.54,2.1,9.54,False,False,False,Blackout
2026-11-17 10:00:00+00:00,1794909600.0,haworth_psr_control,90.25,1.54,4.56,359.5,2.16,9.53,False,False,False,Blackout
2026-11-17 11:00:00+00:00,1794913200.0,haworth_psr_control,89.74,1.56,4.58,359.45,2.22,9.52,False,False,False,Blackout
2026-11-17 12:00:00+00:00,1794916800.0,haworth_psr_control,89.23,1.59,4.62,359.41,2.28,9.52,False,False,False,Blackout
2026-11-17 13:00:00+00:00,1794920400.0,haworth_psr_control,88.73,1.61,4.66,359.37,2.34,9.51,False,False,False,Blackout
2026-11-17 14:00:00+00:00,1794924000.0,haworth_psr_control,88.22,1.63,4.7,359.33,2.4,9.51,False,False,False,Blackout
2026-11-17 15:00:00+00:00,1794927600.0,haworth_psr_control,87.71,1.66,4.74,359.28,2.46,9.5,False,False,False,Blackout
2026-11-17 16:00:00+00:00,1794931200.0,haworth_psr_control,87.21,1.68,4.78,359.24,2.52,9.5,False,False,False,Blackout
2026-11-17 17:00:00+00:00,1794934800.0,haworth_psr_control,86.7,1.7,4.82,359.2,2.57,9.49,False,False,False,Blackout
2026-11-17 18:00:00+00:00,1794938400.0,haworth_psr_control,86.19,1.72,4.86,359.16,2.63,9.48,False,False,False,Blackout
2026-11-17 19:00:00+00:00,1794942000.0,haworth_psr_control,85.69,1.75,4.9,359.12,2.69,9.48,False,False,False,Blackout
2026-11-17 20:00:00+00:00,1794945600.0,haworth_psr_control,85.18,1.77,4.94,359.08,2.75,9.47,False,False,False,Blackout
2026-11-17 21:00:00+00:00,1794949200.0,haworth_psr_control,84.68,1.79,4.98,359.05,2.81,9.47,False,False,False,Blackout
2026-11-17 22:00:00+00:00,1794952800.0,haworth_psr_control,84.17,1.81,5.03,359.01,2.87,9.46,False,False,False,Blackout
2026-11-17 23:00:00+00:00,1794956400.0,haworth_psr_control,83.66,1.83,5.08,358.97,2.93,9.46,False,False,False,Blackout
2026-11-18 00:00:00+00:00,1794960000.0,haworth_psr_control,83.16,1.86,5.13,358.93,2.98,9.45,False,False,False,Blackout
2026-11-18 01:00:00+00:00,1794963600.0,haworth_psr_control,82.65,1.88,5.18,358.9,3.04,9.45,False,False,False,Blackout
2026-11-18 02:00:00+00:00,1794967200.0,haworth_psr_control,82.14,1.9,5.23,358.86,3.1,9.44,False,False,False,Blackout
2026-11-18 03:00:00+00:00,1794970800.0,haworth_psr_control,81.64,1.92,5.28,358.83,3.16,9.44,False,False,False,Blackout
2026-11-18 04:00:00+00:00,1794974400.0,haworth_psr_control,81.13,1.95,5.33,358.79,3.22,9.43,False,False,False,Blackout
2026-11-18 05:00:00+00:00,1794978000.0,haworth_psr_control,80.62,1.97,5.38,358.76,3.28,9.43,False,False,False,Blackout
2026-11-18 06:00:00+00:00,1794981600.0,haworth_psr_control,80.12,1.99,5.43,358.72,3.34,9.42,False,False,False,Blackout
2026-11-18 07:00:00+00:00,1794985200.0,haworth_psr_control,79.61,2.01,5.46,358.69,3.4,9.42,False,False,False,Blackout
2026-11-18 08:00:00+00:00,1794988800.0,haworth_psr_control,79.1,2.03,5.49,358.66,3.45,9.41,False,False,False,Blackout
2026-11-18 09:00:00+00:00,1794992400.0,haworth_psr_control,78.6,2.06,5.51,358.63,3.51,9.41,False,False,False,Blackout
2026-11-18 10:00:00+00:00,1794996000.0,haworth_psr_control,78.09,2.08,5.54,358.6,3.57,9.41,False,False,False,Blackout
2026-11-18 11:00:00+00:00,1794999600.0,haworth_psr_control,77.58,2.1,5.57,358.56,3.63,9.4,False,False,False,Blackout
2026-11-18 12:00:00+00:00,1795003200.0,haworth_psr_control,77.08,2.12,5.59,358.53,3.69,9.4,False,False,False,Blackout
2026-11-18 13:00:00+00:00,1795006800.0,haworth_psr_control,76.57,2.14,5.62,358.51,3.75,9.39,False,False,False,Blackout
2026-11-18 14:00:00+00:00,1795010400.0,haworth_psr_control,76.07,2.17,5.64,358.48,3.81,9.39,False,False,False,Blackout
2026-11-18 15:00:00+00:00,1795014000.0,haworth_psr_control,75.56,2.19,5.67,358.45,3.86,9.39,False,False,False,Blackout
2026-11-18 16:00:00+00:00,1795017600.0,haworth_psr_control,75.05,2.21,5.7,358.42,3.92,9.38,False,False,False,Blackout
2026-11-18 17:00:00+00:00,1795021200.0,haworth_psr_control,74.55,2.23,5.73,358.39,3.98,9.38,False,False,False,Blackout
2026-11-18 18:00:00+00:00,1795024800.0,haworth_psr_control,74.04,2.25,5.77,358.37,4.04,9.37,False,False,False,Blackout
2026-11-18 19:00:00+00:00,1795028400.0,haworth_psr_control,73.53,2.27,5.81,358.34,4.1,9.37,False,False,False,Blackout
2026-11-18 20:00:00+00:00,1795032000.0,haworth_psr_control,73.03,2.29,5.85,358.32,4.15,9.37,False,False,False,Blackout
2026-11-18 21:00:00+00:00,1795035600.0,haworth_psr_control,72.52,2.32,5.89,358.29,4.21,9.36,False,False,False,Blackout
2026-11-18 22:00:00+00:00,1795039200.0,haworth_psr_control,72.01,2.34,5.93,358.27,4.27,9.36,False,False,False,Blackout
2026-11-18 23:00:00+00:00,1795042800.0,haworth_psr_control,71.51,2.36,5.97,358.25,4.33,9.36,False,False,False,Blackout
2026-11-19 00:00:00+00:00,1795046400.0,haworth_psr_control,71.0,2.38,6.0,358.23,4.38,9.36,False,False,False,Blackout
2026-11-19 01:00:00+00:00,1795050000.0,haworth_psr_control,70.5,2.4,6.04,358.2,4.44,9.35,False,False,False,Blackout
2026-11-19 02:00:00+00:00,1795053600.0,haworth_psr_control,69.99,2.42,6.08,358.18,4.5,9.35,False,False,False,Blackout
2026-11-19 03:00:00+00:00,1795057200.0,haworth_psr_control,69.48,2.44,6.1,358.16,4.56,9.35,False,False,False,Blackout
2026-11-19 04:00:00+00:00,1795060800.0,haworth_psr_control,68.98,2.46,6.13,358.15,4.61,9.34,False,False,False,Blackout
2026-11-19 05:00:00+00:00,1795064400.0,haworth_psr_control,68.47,2.48,6.15,358.13,4.67,9.34,False,False,False,Blackout
2026-11-19 06:00:00+00:00,1795068000.0,haworth_psr_control,67.97,2.51,6.17,358.11,4.73,9.34,False,False,False,Blackout
2026-11-19 07:00:00+00:00,1795071600.0,haworth_psr_control,67.46,2.53,6.19,358.09,4.78,9.34,False,False,False,Blackout
2026-11-19 08:00:00+00:00,1795075200.0,haworth_psr_control,66.95,2.55,6.21,358.08,4.84,9.33,False,False,False,Blackout
2026-11-19 09:00:00+00:00,1795078800.0,haworth_psr_control,66.45,2.57,6.24,358.06,4.9,9.33,False,False,False,Blackout
2026-11-19 10:00:00+00:00,1795082400.0,haworth_psr_control,65.94,2.59,6.26,358.05,4.95,9.33,False,False,False,Blackout
2026-11-19 11:00:00+00:00,1795086000.0,haworth_psr_control,65.43,2.61,6.28,358.03,5.01,9.33,False,False,False,Blackout
2026-11-19 12:00:00+00:00,1795089600.0,haworth_psr_control,64.93,2.63,6.31,358.02,5.07,9.33,False,False,False,Blackout
2026-11-19 13:00:00+00:00,1795093200.0,haworth_psr_control,64.42,2.65,6.37,358.01,5.12,9.32,False,False,False,Blackout
2026-11-19 14:00:00+00:00,1795096800.0,haworth_psr_control,63.91,2.67,6.42,358.0,5.18,9.32,False,False,False,Blackout
2026-11-19 15:00:00+00:00,1795100400.0,haworth_psr_control,63.41,2.69,6.48,357.98,5.23,9.32,False,False,False,Blackout
2026-11-19 16:00:00+00:00,1795104000.0,haworth_psr_control,62.9,2.71,6.54,357.98,5.29,9.32,False,False,False,Blackout
2026-11-19 17:00:00+00:00,1795107600.0,haworth_psr_control,62.39,2.73,6.6,357.97,5.34,9.32,False,False,False,Blackout
2026-11-19 18:00:00+00:00,1795111200.0,haworth_psr_control,61.89,2.75,6.65,357.96,5.4,9.32,False,False,False,Blackout
2026-11-19 19:00:00+00:00,1795114800.0,haworth_psr_control,61.38,2.77,6.71,357.95,5.45,9.32,False,False,False,Blackout
2026-11-19 20:00:00+00:00,1795118400.0,haworth_psr_control,60.88,2.79,6.77,357.94,5.51,9.32,False,False,False,Blackout
2026-11-19 21:00:00+00:00,1795122000.0,haworth_psr_control,60.37,2.81,6.83,357.94,5.56,9.32,False,False,False,Blackout
2026-11-19 22:00:00+00:00,1795125600.0,haworth_psr_control,59.86,2.83,6.89,357.93,5.61,9.31,False,False,False,Blackout
2026-11-19 23:00:00+00:00,1795129200.0,haworth_psr_control,59.36,2.85,6.98,357.93,5.67,9.31,False,False,False,Blackout
2026-11-20 00:00:00+00:00,1795132800.0,haworth_psr_control,58.85,2.87,7.07,357.92,5.72,9.31,False,False,False,Blackout
2026-11-20 01:00:00+00:00,1795136400.0,haworth_psr_control,58.35,2.88,7.15,357.92,5.78,9.31,False,False,False,Blackout
2026-11-20 02:00:00+00:00,1795140000.0,haworth_psr_control,57.84,2.9,7.24,357.92,5.83,9.31,False,False,False,Blackout
2026-11-20 03:00:00+00:00,1795143600.0,haworth_psr_control,57.33,2.92,7.32,357.92,5.88,9.31,False,False,False,Blackout
2026-11-20 04:00:00+00:00,1795147200.0,haworth_psr_control,56.83,2.94,7.41,357.92,5.93,9.31,False,False,False,Blackout
2026-11-20 05:00:00+00:00,1795150800.0,haworth_psr_control,56.32,2.96,7.5,357.92,5.99,9.31,False,False,False,Blackout
2026-11-20 06:00:00+00:00,1795154400.0,haworth_psr_control,55.81,2.98,7.58,357.92,6.04,9.31,False,False,False,Blackout
2026-11-20 07:00:00+00:00,1795158000.0,haworth_psr_control,55.31,3.0,7.67,357.92,6.09,9.31,False,False,False,Blackout
2026-11-20 08:00:00+00:00,1795161600.0,haworth_psr_control,54.8,3.02,7.76,357.93,6.14,9.31,False,False,False,Blackout
2026-11-20 09:00:00+00:00,1795165200.0,haworth_psr_control,54.29,3.03,7.85,357.93,6.19,9.31,False,False,False,Blackout
2026-11-20 10:00:00+00:00,1795168800.0,haworth_psr_control,53.79,3.05,7.94,357.93,6.24,9.32,False,False,False,Blackout
2026-11-20 11:00:00+00:00,1795172400.0,haworth_psr_control,53.28,3.07,8.04,357.94,6.29,9.32,False,False,False,Blackout
2026-11-20 12:00:00+00:00,1795176000.0,haworth_psr_control,52.77,3.09,8.13,357.95,6.34,9.32,False,False,False,Blackout
2026-11-20 13:00:00+00:00,1795179600.0,haworth_psr_control,52.27,3.1,8.22,357.96,6.39,9.32,False,False,False,Blackout
2026-11-20 14:00:00+00:00,1795183200.0,haworth_psr_control,51.76,3.12,8.32,357.96,6.44,9.32,False,False,False,Blackout
2026-11-20 15:00:00+00:00,1795186800.0,haworth_psr_control,51.26,3.14,8.41,357.97,6.49,9.32,False,False,False,Blackout
2026-11-20 16:00:00+00:00,1795190400.0,haworth_psr_control,50.75,3.16,8.5,357.98,6.54,9.32,False,False,False,Blackout
2026-11-20 17:00:00+00:00,1795194000.0,haworth_psr_control,50.24,3.17,8.6,357.99,6.59,9.32,False,False,False,Blackout
2026-11-20 18:00:00+00:00,1795197600.0,haworth_psr_control,49.74,3.19,8.69,358.01,6.64,9.32,False,False,False,Blackout
2026-11-20 19:00:00+00:00,1795201200.0,haworth_psr_control,49.23,3.21,8.77,358.02,6.68,9.33,False,False,False,Blackout
2026-11-20 20:00:00+00:00,1795204800.0,haworth_psr_control,48.72,3.23,8.86,358.03,6.73,9.33,False,False,False,Blackout
2026-11-20 21:00:00+00:00,1795208400.0,haworth_psr_control,48.22,3.24,8.95,358.05,6.78,9.33,False,False,False,Blackout
2026-11-20 22:00:00+00:00,1795212000.0,haworth_psr_control,47.71,3.26,9.04,358.06,6.83,9.33,False,False,False,Blackout
2026-11-20 23:00:00+00:00,1795215600.0,haworth_psr_control,47.2,3.27,9.13,358.08,6.87,9.34,False,False,False,Blackout
2026-11-21 00:00:00+00:00,1795219200.0,haworth_psr_control,46.7,3.29,9.21,358.1,6.92,9.34,False,False,False,Blackout
2026-11-21 01:00:00+00:00,1795222800.0,haworth_psr_control,46.19,3.31,9.3,358.12,6.96,9.34,False,False,False,Blackout
2026-11-21 02:00:00+00:00,1795226400.0,haworth_psr_control,45.69,3.32,9.39,358.14,7.01,9.34,False,False,False,Blackout
2026-11-21 03:00:00+00:00,1795230000.0,haworth_psr_control,45.18,3.34,9.48,358.16,7.05,9.35,False,False,False,Blackout
2026-11-21 04:00:00+00:00,1795233600.0,haworth_psr_control,44.67,3.35,9.53,358.18,7.1,9.35,False,False,False,Blackout
2026-11-21 05:00:00+00:00,1795237200.0,haworth_psr_control,44.17,3.37,9.55,358.2,7.14,9.35,False,False,False,Blackout
2026-11-21 06:00:00+00:00,1795240800.0,haworth_psr_control,43.66,3.39,9.58,358.22,7.18,9.35,False,False,False,Blackout
2026-11-21 07:00:00+00:00,1795244400.0,haworth_psr_control,43.15,3.4,9.61,358.25,7.23,9.36,False,False,False,Blackout
2026-11-21 08:00:00+00:00,1795248000.0,haworth_psr_control,42.65,3.42,9.64,358.27,7.27,9.36,False,False,False,Blackout
2026-11-21 09:00:00+00:00,1795251600.0,haworth_psr_control,42.14,3.43,9.66,358.29,7.31,9.36,False,False,False,Blackout
2026-11-21 10:00:00+00:00,1795255200.0,haworth_psr_control,41.63,3.45,9.69,358.32,7.36,9.37,False,False,False,Blackout
2026-11-21 11:00:00+00:00,1795258800.0,haworth_psr_control,41.13,3.46,9.72,358.35,7.4,9.37,False,False,False,Blackout
2026-11-21 12:00:00+00:00,1795262400.0,haworth_psr_control,40.62,3.48,9.75,358.38,7.44,9.38,False,False,False,Blackout
2026-11-21 13:00:00+00:00,1795266000.0,haworth_psr_control,40.12,3.49,9.77,358.41,7.48,9.38,False,False,False,Blackout
2026-11-21 14:00:00+00:00,1795269600.0,haworth_psr_control,39.61,3.5,9.75,358.44,7.52,9.38,False,False,False,Blackout
2026-11-21 15:00:00+00:00,1795273200.0,haworth_psr_control,39.1,3.52,9.7,358.47,7.56,9.39,False,False,False,Blackout
2026-11-21 16:00:00+00:00,1795276800.0,haworth_psr_control,38.6,3.53,9.66,358.5,7.6,9.39,False,False,False,Blackout
2026-11-21 17:00:00+00:00,1795280400.0,haworth_psr_control,38.09,3.55,9.61,358.53,7.63,9.4,False,False,False,Blackout
2026-11-21 18:00:00+00:00,1795284000.0,haworth_psr_control,37.58,3.56,9.57,358.56,7.67,9.4,False,False,False,Blackout
2026-11-21 19:00:00+00:00,1795287600.0,haworth_psr_control,37.08,3.57,9.52,358.6,7.71,9.41,False,False,False,Blackout
2026-11-21 20:00:00+00:00,1795291200.0,haworth_psr_control,36.57,3.59,9.48,358.63,7.75,9.41,False,False,False,Blackout
2026-11-21 21:00:00+00:00,1795294800.0,haworth_psr_control,36.06,3.6,9.43,358.67,7.78,9.42,False,False,False,Blackout
2026-11-21 22:00:00+00:00,1795298400.0,haworth_psr_control,35.56,3.61,9.39,358.71,7.82,9.42,False,False,False,Blackout
2026-11-21 23:00:00+00:00,1795302000.0,haworth_psr_control,35.05,3.62,9.34,358.75,7.85,9.43,False,False,False,Blackout
2026-11-22 00:00:00+00:00,1795305600.0,haworth_psr_control,34.55,3.64,9.32,358.79,7.89,9.43,False,False,False,Blackout
2026-11-22 01:00:00+00:00,1795309200.0,haworth_psr_control,34.04,3.65,9.29,358.82,7.92,9.44,False,False,False,Blackout
2026-11-22 02:00:00+00:00,1795312800.0,haworth_psr_control,33.53,3.66,9.26,358.86,7.96,9.44,False,False,False,Blackout
2026-11-22 03:00:00+00:00,1795316400.0,haworth_psr_control,33.02,3.67,9.23,358.91,7.99,9.45,False,False,False,Blackout
2026-11-22 04:00:00+00:00,1795320000.0,haworth_psr_control,32.52,3.69,9.21,358.95,8.02,9.45,False,False,False,Blackout
2026-11-22 05:00:00+00:00,1795323600.0,haworth_psr_control,32.01,3.7,9.18,358.99,8.05,9.46,False,False,False,Blackout
2026-11-22 06:00:00+00:00,1795327200.0,haworth_psr_control,31.51,3.71,9.15,359.04,8.09,9.47,False,False,False,Blackout
2026-11-22 07:00:00+00:00,1795330800.0,haworth_psr_control,31.0,3.72,9.12,359.08,8.12,9.47,False,False,False,Blackout
2026-11-22 08:00:00+00:00,1795334400.0,haworth_psr_control,30.49,3.73,9.1,359.13,8.15,9.48,False,False,False,Blackout
2026-11-22 09:00:00+00:00,1795338000.0,haworth_psr_control,29.99,3.74,9.07,359.17,8.18,9.49,False,False,False,Blackout
2026-11-22 10:00:00+00:00,1795341600.0,haworth_psr_control,29.48,3.75,9.06,359.22,8.2,9.49,False,False,False,Blackout
2026-11-22 11:00:00+00:00,1795345200.0,haworth_psr_control,28.97,3.77,9.05,359.27,8.23,9.5,False,False,False,Blackout
2026-11-22 12:00:00+00:00,1795348800.0,haworth_psr_control,28.47,3.78,9.04,359.32,8.26,9.51,False,False,False,Blackout
2026-11-22 13:00:00+00:00,1795352400.0,haworth_psr_control,27.96,3.79,9.03,359.37,8.29,9.51,False,False,False,Blackout
2026-11-22 14:00:00+00:00,1795356000.0,haworth_psr_control,27.45,3.8,9.01,359.42,8.31,9.52,False,False,False,Blackout
2026-11-22 15:00:00+00:00,1795359600.0,haworth_psr_control,26.95,3.81,9.0,359.47,8.34,9.53,False,False,False,Blackout
2026-11-22 16:00:00+00:00,1795363200.0,haworth_psr_control,26.44,3.82,8.99,359.52,8.37,9.53,False,False,False,Blackout
2026-11-22 17:00:00+00:00,1795366800.0,haworth_psr_control,25.94,3.83,8.98,359.58,8.39,9.54,False,False,False,Blackout
2026-11-22 18:00:00+00:00,1795370400.0,haworth_psr_control,25.43,3.84,8.97,359.63,8.41,9.55,False,False,False,Blackout
2026-11-22 19:00:00+00:00,1795374000.0,haworth_psr_control,24.92,3.85,8.96,359.68,8.44,9.56,False,False,False,Blackout
2026-11-22 20:00:00+00:00,1795377600.0,haworth_psr_control,24.42,3.85,8.99,359.74,8.46,9.56,False,False,False,Blackout
2026-11-22 21:00:00+00:00,1795381200.0,haworth_psr_control,23.91,3.86,9.02,359.8,8.48,9.57,False,False,False,Blackout
2026-11-22 22:00:00+00:00,1795384800.0,haworth_psr_control,23.4,3.87,9.05,359.85,8.5,9.58,False,False,False,Blackout
2026-11-22 23:00:00+00:00,1795388400.0,haworth_psr_control,22.9,3.88,9.08,359.91,8.52,9.59,False,False,False,Blackout
2026-11-23 00:00:00+00:00,1795392000.0,haworth_psr_control,22.39,3.89,9.11,359.97,8.54,9.6,False,False,False,Blackout
2026-11-23 01:00:00+00:00,1795395600.0,haworth_psr_control,21.88,3.9,9.14,0.03,8.56,9.6,False,False,False,Blackout
2026-11-23 02:00:00+00:00,1795399200.0,haworth_psr_control,21.38,3.9,9.17,0.09,8.58,9.6,False,False,False,Blackout
2026-11-23 03:00:00+00:00,1795402800.0,haworth_psr_control,20.87,3.91,9.2,0.15,8.6,9.61,False,False,False,Blackout
2026-11-23 04:00:00+00:00,1795406400.0,haworth_psr_control,20.36,3.92,9.23,0.21,8.62,9.61,False,False,False,Blackout
2026-11-23 05:00:00+00:00,1795410000.0,haworth_psr_control,19.86,3.93,9.26,0.27,8.63,9.61,False,False,False,Blackout
2026-11-23 06:00:00+00:00,1795413600.0,haworth_psr_control,19.35,3.94,9.3,0.33,8.65,9.61,False,False,False,Blackout
2026-11-23 07:00:00+00:00,1795417200.0,haworth_psr_control,18.84,3.94,9.34,0.4,8.66,9.62,False,False,False,Blackout
2026-11-23 08:00:00+00:00,1795420800.0,haworth_psr_control,18.34,3.95,9.38,0.46,8.68,9.62,False,False,False,Blackout
2026-11-23 09:00:00+00:00,1795424400.0,haworth_psr_control,17.83,3.96,9.42,0.53,8.69,9.62,False,False,False,Blackout
2026-11-23 10:00:00+00:00,1795428000.0,haworth_psr_control,17.32,3.96,9.46,0.59,8.7,9.62,False,False,False,Blackout
2026-11-23 11:00:00+00:00,1795431600.0,haworth_psr_control,16.82,3.97,9.5,0.66,8.71,9.63,False,False,False,Blackout
2026-11-23 12:00:00+00:00,1795435200.0,haworth_psr_control,16.31,3.98,9.55,0.72,8.73,9.63,False,False,False,Blackout
2026-11-23 13:00:00+00:00,1795438800.0,haworth_psr_control,15.81,3.98,9.59,0.79,8.74,9.63,False,False,False,Blackout
2026-11-23 14:00:00+00:00,1795442400.0,haworth_psr_control,15.3,3.99,9.63,0.86,8.75,9.63,False,False,False,Blackout
2026-11-23 15:00:00+00:00,1795446000.0,haworth_psr_control,14.79,3.99,9.65,0.93,8.76,9.64,False,False,False,Blackout
2026-11-23 16:00:00+00:00,1795449600.0,haworth_psr_control,14.29,4.0,9.64,1.0,8.76,9.64,False,False,False,Blackout
2026-11-23 17:00:00+00:00,1795453200.0,haworth_psr_control,13.78,4.0,9.64,1.07,8.77,9.64,False,False,False,Blackout
2026-11-23 18:00:00+00:00,1795456800.0,haworth_psr_control,13.27,4.01,9.64,1.14,8.78,9.64,False,False,False,Blackout
2026-11-23 19:00:00+00:00,1795460400.0,haworth_psr_control,12.77,4.01,9.63,1.21,8.78,9.65,False,False,False,Blackout
2026-11-23 20:00:00+00:00,1795464000.0,haworth_psr_control,12.26,4.02,9.63,1.28,8.79,9.65,False,False,False,Blackout
2026-11-23 21:00:00+00:00,1795467600.0,haworth_psr_control,11.75,4.02,9.62,1.35,8.79,9.65,False,False,False,Blackout
2026-11-23 22:00:00+00:00,1795471200.0,haworth_psr_control,11.25,4.03,9.62,1.42,8.8,9.65,False,False,False,Blackout
2026-11-23 23:00:00+00:00,1795474800.0,haworth_psr_control,10.74,4.03,9.62,1.5,8.8,9.66,False,False,False,Blackout
2026-11-24 00:00:00+00:00,1795478400.0,haworth_psr_control,10.23,4.03,9.61,1.57,8.8,9.66,False,False,False,Blackout
2026-11-24 01:00:00+00:00,1795482000.0,haworth_psr_control,9.73,4.04,9.62,1.64,8.8,9.66,False,False,False,Blackout
2026-11-24 02:00:00+00:00,1795485600.0,haworth_psr_control,9.22,4.04,9.64,1.72,8.8,9.67,False,False,False,Blackout
2026-11-24 03:00:00+00:00,1795489200.0,haworth_psr_control,8.71,4.04,9.66,1.79,8.8,9.67,False,False,False,Blackout
2026-11-24 04:00:00+00:00,1795492800.0,haworth_psr_control,8.21,4.05,9.67,1.87,8.8,9.67,False,False,False,Blackout
2026-11-24 05:00:00+00:00,1795496400.0,haworth_psr_control,7.7,4.05,9.69,1.94,8.8,9.67,False,False,False,Blackout
2026-11-24 06:00:00+00:00,1795500000.0,haworth_psr_control,7.19,4.05,9.71,2.02,8.8,9.68,False,False,False,Blackout
2026-11-24 07:00:00+00:00,1795503600.0,haworth_psr_control,6.69,4.05,9.73,2.1,8.8,9.68,False,False,False,Blackout
2026-11-24 08:00:00+00:00,1795507200.0,haworth_psr_control,6.18,4.06,9.75,2.17,8.79,9.68,False,False,False,Blackout
2026-11-24 09:00:00+00:00,1795510800.0,haworth_psr_control,5.67,4.06,9.77,2.25,8.79,9.69,False,False,False,Blackout
2026-11-24 10:00:00+00:00,1795514400.0,haworth_psr_control,5.17,4.06,9.78,2.33,8.78,9.69,False,False,False,Blackout
2026-11-24 11:00:00+00:00,1795518000.0,haworth_psr_control,4.66,4.06,9.78,2.41,8.78,9.69,False,False,False,Blackout
2026-11-24 12:00:00+00:00,1795521600.0,haworth_psr_control,4.15,4.06,9.76,2.49,8.77,9.69,False,False,False,Blackout
2026-11-24 13:00:00+00:00,1795525200.0,haworth_psr_control,3.65,4.07,9.74,2.57,8.76,9.7,False,False,False,Blackout
2026-11-24 14:00:00+00:00,1795528800.0,haworth_psr_control,3.14,4.07,9.72,2.64,8.75,9.7,False,False,False,Blackout
2026-11-24 15:00:00+00:00,1795532400.0,haworth_psr_control,2.63,4.07,9.7,2.72,8.74,9.7,False,False,False,Blackout
2026-11-24 16:00:00+00:00,1795536000.0,haworth_psr_control,2.13,4.07,9.68,2.8,8.73,9.71,False,False,False,Blackout
2026-11-24 17:00:00+00:00,1795539600.0,haworth_psr_control,1.62,4.07,9.66,2.88,8.72,9.71,False,False,False,Blackout
2026-11-24 18:00:00+00:00,1795543200.0,haworth_psr_control,1.12,4.07,9.64,2.96,8.71,9.71,False,False,False,Blackout
2026-11-24 19:00:00+00:00,1795546800.0,haworth_psr_control,0.61,4.07,9.62,3.05,8.69,9.72,False,False,False,Blackout
2026-11-24 20:00:00+00:00,1795550400.0,haworth_psr_control,0.1,4.07,9.6,3.13,8.68,9.72,False,False,False,Blackout
2026-11-24 21:00:00+00:00,1795554000.0,haworth_psr_control,359.6,4.07,9.54,3.21,8.67,9.72,False,False,False,Blackout
2026-11-24 22:00:00+00:00,1795557600.0,haworth_psr_control,359.09,4.07,9.47,3.29,8.65,9.72,False,False,False,Blackout
2026-11-24 23:00:00+00:00,1795561200.0,haworth_psr_control,358.58,4.07,9.4,3.37,8.63,9.73,False,False,False,Blackout
2026-11-25 00:00:00+00:00,1795564800.0,haworth_psr_control,358.08,4.07,9.33,3.45,8.62,9.73,False,False,False,Blackout
2026-11-25 01:00:00+00:00,1795568400.0,haworth_psr_control,357.57,4.07,9.26,3.53,8.6,9.73,False,False,False,Blackout
2026-11-25 02:00:00+00:00,1795572000.0,haworth_psr_control,357.06,4.06,9.19,3.62,8.58,9.74,False,False,False,Blackout
2026-11-25 03:00:00+00:00,1795575600.0,haworth_psr_control,356.56,4.06,9.12,3.7,8.56,9.74,False,False,False,Blackout
2026-11-25 04:00:00+00:00,1795579200.0,haworth_psr_control,356.05,4.06,9.05,3.78,8.54,9.74,False,False,False,Blackout
2026-11-25 05:00:00+00:00,1795582800.0,haworth_psr_control,355.54,4.06,8.99,3.86,8.52,9.75,False,False,False,Blackout
2026-11-25 06:00:00+00:00,1795586400.0,haworth_psr_control,355.04,4.06,8.92,3.95,8.5,9.75,False,False,False,Blackout
2026-11-25 07:00:00+00:00,1795590000.0,haworth_psr_control,354.53,4.05,8.9,4.03,8.48,9.75,False,False,False,Blackout
2026-11-25 08:00:00+00:00,1795593600.0,haworth_psr_control,354.02,4.05,8.9,4.11,8.46,9.76,False,False,False,Blackout
2026-11-25 09:00:00+00:00,1795597200.0,haworth_psr_control,353.52,4.05,8.89,4.19,8.43,9.76,False,False,False,Blackout
2026-11-25 10:00:00+00:00,1795600800.0,haworth_psr_control,353.01,4.04,8.88,4.28,8.41,9.76,False,False,False,Blackout
2026-11-25 11:00:00+00:00,1795604400.0,haworth_psr_control,352.5,4.04,8.88,4.36,8.38,9.77,False,False,False,Blackout
2026-11-25 12:00:00+00:00,1795608000.0,haworth_psr_control,352.0,4.04,8.87,4.44,8.36,9.77,False,False,False,Blackout
2026-11-25 13:00:00+00:00,1795611600.0,haworth_psr_control,351.49,4.04,8.86,4.53,8.33,9.77,False,False,False,Blackout
2026-11-25 14:00:00+00:00,1795615200.0,haworth_psr_control,350.99,4.03,8.85,4.61,8.3,9.78,False,False,False,Blackout
2026-11-25 15:00:00+00:00,1795618800.0,haworth_psr_control,350.48,4.03,8.85,4.69,8.28,9.78,False,False,False,Blackout
2026-11-25 16:00:00+00:00,1795622400.0,haworth_psr_control,349.97,4.02,8.84,4.77,8.25,9.78,False,False,False,Blackout
2026-11-25 17:00:00+00:00,1795626000.0,haworth_psr_control,349.47,4.02,8.82,4.86,8.22,9.78,False,False,False,Blackout
2026-11-25 18:00:00+00:00,1795629600.0,haworth_psr_control,348.96,4.01,8.8,4.94,8.19,9.79,False,False,False,Blackout
2026-11-25 19:00:00+00:00,1795633200.0,haworth_psr_control,348.45,4.01,8.78,5.02,8.15,9.79,False,False,False,Blackout
2026-11-25 20:00:00+00:00,1795636800.0,haworth_psr_control,347.95,4.0,8.76,5.11,8.12,9.79,False,False,False,Blackout
2026-11-25 21:00:00+00:00,1795640400.0,haworth_psr_control,347.44,4.0,8.74,5.19,8.09,9.78,False,False,False,Blackout
2026-11-25 22:00:00+00:00,1795644000.0,haworth_psr_control,346.93,3.99,8.72,5.27,8.06,9.78,False,False,False,Blackout
2026-11-25 23:00:00+00:00,1795647600.0,haworth_psr_control,346.43,3.99,8.7,5.35,8.02,9.78,False,False,False,Blackout
2026-11-26 00:00:00+00:00,1795651200.0,haworth_psr_control,345.92,3.98,8.68,5.44,7.99,9.77,False,False,False,Blackout
2026-11-26 01:00:00+00:00,1795654800.0,haworth_psr_control,345.41,3.98,8.66,5.52,7.95,9.77,False,False,False,Blackout
2026-11-26 02:00:00+00:00,1795658400.0,haworth_psr_control,344.91,3.97,8.64,5.6,7.92,9.77,False,False,False,Blackout
2026-11-26 03:00:00+00:00,1795662000.0,haworth_psr_control,344.4,3.96,8.63,5.68,7.88,9.77,False,False,False,Blackout
2026-11-26 04:00:00+00:00,1795665600.0,haworth_psr_control,343.89,3.96,8.63,5.76,7.84,9.76,False,False,False,Blackout
2026-11-26 05:00:00+00:00,1795669200.0,haworth_psr_control,343.39,3.95,8.62,5.84,7.8,9.76,False,False,False,Blackout
2026-11-26 06:00:00+00:00,1795672800.0,haworth_psr_control,342.88,3.94,8.61,5.93,7.76,9.76,False,False,False,Blackout
2026-11-26 07:00:00+00:00,1795676400.0,haworth_psr_control,342.38,3.94,8.61,6.01,7.73,9.75,False,False,False,Blackout
2026-11-26 08:00:00+00:00,1795680000.0,haworth_psr_control,341.87,3.93,8.6,6.09,7.68,9.75,False,False,False,Blackout
2026-11-26 09:00:00+00:00,1795683600.0,haworth_psr_control,341.36,3.92,8.6,6.17,7.64,9.75,False,False,False,Blackout
2026-11-26 10:00:00+00:00,1795687200.0,haworth_psr_control,340.86,3.92,8.59,6.25,7.6,9.75,False,False,False,Blackout
2026-11-26 11:00:00+00:00,1795690800.0,haworth_psr_control,340.35,3.91,8.58,6.33,7.56,9.74,False,False,False,Blackout
2026-11-26 12:00:00+00:00,1795694400.0,haworth_psr_control,339.84,3.9,8.59,6.41,7.52,9.74,False,False,False,Blackout
2026-11-26 13:00:00+00:00,1795698000.0,haworth_psr_control,339.34,3.89,8.61,6.49,7.47,9.74,False,False,False,Blackout
2026-11-26 14:00:00+00:00,1795701600.0,haworth_psr_control,338.83,3.88,8.63,6.57,7.43,9.73,False,False,False,Blackout
2026-11-26 15:00:00+00:00,1795705200.0,haworth_psr_control,338.32,3.87,8.65,6.64,7.39,9.73,False,False,False,Blackout
2026-11-26 16:00:00+00:00,1795708800.0,haworth_psr_control,337.82,3.87,8.68,6.72,7.34,9.73,False,False,False,Blackout
2026-11-26 17:00:00+00:00,1795712400.0,haworth_psr_control,337.31,3.86,8.7,6.8,7.29,9.73,False,False,False,Blackout
2026-11-26 18:00:00+00:00,1795716000.0,haworth_psr_control,336.8,3.85,8.72,6.88,7.25,9.72,False,False,False,Blackout
2026-11-26 19:00:00+00:00,1795719600.0,haworth_psr_control,336.3,3.84,8.74,6.96,7.2,9.72,False,False,False,Blackout
2026-11-26 20:00:00+00:00,1795723200.0,haworth_psr_control,335.79,3.83,8.77,7.03,7.15,9.72,False,False,False,Blackout
2026-11-26 21:00:00+00:00,1795726800.0,haworth_psr_control,335.28,3.82,8.79,7.11,7.11,9.71,False,False,False,Blackout
2026-11-26 22:00:00+00:00,1795730400.0,haworth_psr_control,334.78,3.81,8.81,7.19,7.06,9.71,False,False,False,Blackout
2026-11-26 23:00:00+00:00,1795734000.0,haworth_psr_control,334.27,3.8,8.84,7.26,7.01,9.71,False,False,False,Blackout
2026-11-27 00:00:00+00:00,1795737600.0,haworth_psr_control,333.76,3.79,8.87,7.34,6.96,9.71,False,False,False,Blackout
2026-11-27 01:00:00+00:00,1795741200.0,haworth_psr_control,333.26,3.78,8.9,7.41,6.91,9.7,False,False,False,Blackout
2026-11-27 02:00:00+00:00,1795744800.0,haworth_psr_control,332.75,3.77,8.93,7.49,6.86,9.7,False,False,False,Blackout
2026-11-27 03:00:00+00:00,1795748400.0,haworth_psr_control,332.25,3.76,8.97,7.56,6.8,9.7,False,False,False,Blackout
2026-11-27 04:00:00+00:00,1795752000.0,haworth_psr_control,331.74,3.75,9.0,7.63,6.75,9.7,False,False,False,Blackout
2026-11-27 05:00:00+00:00,1795755600.0,haworth_psr_control,331.23,3.73,9.03,7.71,6.7,9.69,False,False,False,Blackout
2026-11-27 06:00:00+00:00,1795759200.0,haworth_psr_control,330.73,3.72,9.06,7.78,6.65,9.69,False,False,False,Blackout
2026-11-27 07:00:00+00:00,1795762800.0,haworth_psr_control,330.22,3.71,9.09,7.85,6.59,9.69,False,False,False,Blackout
2026-11-27 08:00:00+00:00,1795766400.0,haworth_psr_control,329.71,3.7,9.12,7.92,6.54,9.68,False,False,False,Blackout
2026-11-27 09:00:00+00:00,1795770000.0,haworth_psr_control,329.21,3.69,9.17,8.0,6.49,9.68,False,False,False,Blackout
2026-11-27 10:00:00+00:00,1795773600.0,haworth_psr_control,328.7,3.68,9.21,8.07,6.43,9.68,False,False,False,Blackout
2026-11-27 11:00:00+00:00,1795777200.0,haworth_psr_control,328.19,3.66,9.26,8.14,6.38,9.68,False,False,False,Blackout
2026-11-27 12:00:00+00:00,1795780800.0,haworth_psr_control,327.69,3.65,9.3,8.21,6.32,9.67,False,False,False,Blackout
2026-11-27 13:00:00+00:00,1795784400.0,haworth_psr_control,327.18,3.64,9.34,8.28,6.26,9.67,False,False,False,Blackout
2026-11-27 14:00:00+00:00,1795788000.0,haworth_psr_control,326.68,3.63,9.39,8.35,6.21,9.67,False,False,False,Blackout
2026-11-27 15:00:00+00:00,1795791600.0,haworth_psr_control,326.17,3.61,9.43,8.41,6.15,9.67,False,False,False,Blackout
2026-11-27 16:00:00+00:00,1795795200.0,haworth_psr_control,325.66,3.6,9.47,8.48,6.09,9.66,False,False,False,Blackout
2026-11-27 17:00:00+00:00,1795798800.0,haworth_psr_control,325.16,3.59,9.52,8.55,6.04,9.66,False,False,False,Blackout
2026-11-27 18:00:00+00:00,1795802400.0,haworth_psr_control,324.65,3.58,9.54,8.62,5.98,9.66,False,False,False,Blackout
2026-11-27 19:00:00+00:00,1795806000.0,haworth_psr_control,324.14,3.56,9.54,8.68,5.92,9.66,False,False,False,Blackout
2026-11-27 20:00:00+00:00,1795809600.0,haworth_psr_control,323.64,3.55,9.55,8.75,5.86,9.66,False,False,False,Blackout
2026-11-27 21:00:00+00:00,1795813200.0,haworth_psr_control,323.13,3.53,9.56,8.81,5.8,9.65,False,False,False,Blackout
2026-11-27 22:00:00+00:00,1795816800.0,haworth_psr_control,322.62,3.52,9.57,8.88,5.74,9.65,False,False,False,Blackout
2026-11-27 23:00:00+00:00,1795820400.0,haworth_psr_control,322.12,3.51,9.58,8.94,5.68,9.65,False,False,False,Blackout
2026-11-28 00:00:00+00:00,1795824000.0,haworth_psr_control,321.61,3.49,9.58,9.0,5.62,9.65,False,False,False,Blackout
2026-11-28 01:00:00+00:00,1795827600.0,haworth_psr_control,321.11,3.48,9.59,9.07,5.56,9.64,False,False,False,Blackout
2026-11-28 02:00:00+00:00,1795831200.0,haworth_psr_control,320.6,3.46,9.6,9.13,5.5,9.64,False,False,False,Blackout
2026-11-28 03:00:00+00:00,1795834800.0,haworth_psr_control,320.09,3.45,9.61,9.19,5.43,9.64,False,False,False,Blackout
2026-11-28 04:00:00+00:00,1795838400.0,haworth_psr_control,319.58,3.43,9.64,9.25,5.37,9.64,False,False,False,Blackout
2026-11-28 05:00:00+00:00,1795842000.0,haworth_psr_control,319.08,3.42,9.67,9.31,5.31,9.63,False,False,False,Blackout
2026-11-28 06:00:00+00:00,1795845600.0,haworth_psr_control,318.57,3.4,9.7,9.37,5.25,9.63,False,False,False,Blackout
2026-11-28 07:00:00+00:00,1795849200.0,haworth_psr_control,318.07,3.39,9.73,9.43,5.19,9.63,False,False,False,Blackout
2026-11-28 08:00:00+00:00,1795852800.0,haworth_psr_control,317.56,3.37,9.77,9.49,5.12,9.63,False,False,False,Blackout
2026-11-28 09:00:00+00:00,1795856400.0,haworth_psr_control,317.05,3.36,9.8,9.54,5.06,9.63,False,False,False,Blackout
2026-11-28 10:00:00+00:00,1795860000.0,haworth_psr_control,316.55,3.34,9.83,9.6,5.0,9.62,False,False,False,Blackout
2026-11-28 11:00:00+00:00,1795863600.0,haworth_psr_control,316.04,3.33,9.86,9.66,4.93,9.62,False,False,False,Blackout
2026-11-28 12:00:00+00:00,1795867200.0,haworth_psr_control,315.54,3.31,9.9,9.71,4.87,9.62,False,False,False,Blackout
2026-11-28 13:00:00+00:00,1795870800.0,haworth_psr_control,315.03,3.29,9.93,9.77,4.8,9.62,False,False,False,Blackout
2026-11-28 14:00:00+00:00,1795874400.0,haworth_psr_control,314.52,3.28,9.95,9.82,4.74,9.62,False,False,False,Blackout
2026-11-28 15:00:00+00:00,1795878000.0,haworth_psr_control,314.02,3.26,9.97,9.88,4.67,9.61,False,False,False,Blackout
2026-11-28 16:00:00+00:00,1795881600.0,haworth_psr_control,313.51,3.24,10.0,9.93,4.61,9.61,False,False,False,Blackout
2026-11-28 17:00:00+00:00,1795885200.0,haworth_psr_control,313.0,3.23,10.02,9.98,4.54,9.61,False,False,False,Blackout
2026-11-28 18:00:00+00:00,1795888800.0,haworth_psr_control,312.5,3.21,10.04,10.03,4.48,9.61,False,False,False,Blackout
2026-11-28 19:00:00+00:00,1795892400.0,haworth_psr_control,311.99,3.19,10.06,10.09,4.41,9.61,False,False,False,Blackout
2026-11-28 20:00:00+00:00,1795896000.0,haworth_psr_control,311.48,3.18,10.08,10.14,4.35,9.61,False,False,False,Blackout
2026-11-28 21:00:00+00:00,1795899600.0,haworth_psr_control,310.98,3.16,10.11,10.19,4.28,9.61,False,False,False,Blackout
2026-11-28 22:00:00+00:00,1795903200.0,haworth_psr_control,310.47,3.14,10.13,10.23,4.22,9.61,False,False,False,Blackout
2026-11-28 23:00:00+00:00,1795906800.0,haworth_psr_control,309.96,3.12,10.15,10.28,4.15,9.61,False,False,False,Blackout
2026-11-29 00:00:00+00:00,1795910400.0,haworth_psr_control,309.46,3.11,10.17,10.33,4.08,9.61,False,False,False,Blackout
2026-11-29 01:00:00+00:00,1795914000.0,haworth_psr_control,308.95,3.09,10.19,10.38,4.02,9.61,False,False,False,Blackout
2026-11-29 02:00:00+00:00,1795917600.0,haworth_psr_control,308.45,3.07,10.21,10.42,3.95,9.61,False,False,False,Blackout
2026-11-29 03:00:00+00:00,1795921200.0,haworth_psr_control,307.94,3.05,10.23,10.47,3.88,9.61,False,False,False,Blackout
2026-11-29 04:00:00+00:00,1795924800.0,haworth_psr_control,307.43,3.03,10.25,10.52,3.82,9.61,False,False,False,Blackout
2026-11-29 05:00:00+00:00,1795928400.0,haworth_psr_control,306.93,3.02,10.27,10.56,3.75,9.61,False,False,False,Blackout
2026-11-29 06:00:00+00:00,1795932000.0,haworth_psr_control,306.42,3.0,10.29,10.6,3.68,9.61,False,False,False,Blackout
2026-11-29 07:00:00+00:00,1795935600.0,haworth_psr_control,305.92,2.98,10.31,10.65,3.62,9.62,False,False,False,Blackout
2026-11-29 08:00:00+00:00,1795939200.0,haworth_psr_control,305.41,2.96,10.32,10.69,3.55,9.62,False,False,False,Blackout
2026-11-29 09:00:00+00:00,1795942800.0,haworth_psr_control,304.9,2.94,10.34,10.73,3.48,9.62,False,False,False,Blackout
2026-11-29 10:00:00+00:00,1795946400.0,haworth_psr_control,304.4,2.92,10.31,10.77,3.41,9.62,False,False,False,Blackout
2026-11-29 11:00:00+00:00,1795950000.0,haworth_psr_control,303.89,2.9,10.29,10.81,3.35,9.62,False,False,False,Blackout
2026-11-29 12:00:00+00:00,1795953600.0,haworth_psr_control,303.38,2.88,10.27,10.85,3.28,9.62,False,False,False,Blackout
2026-11-29 13:00:00+00:00,1795957200.0,haworth_psr_control,302.88,2.87,10.25,10.89,3.21,9.62,False,False,False,Blackout
2026-11-29 14:00:00+00:00,1795960800.0,haworth_psr_control,302.37,2.85,10.22,10.93,3.15,9.62,False,False,False,Blackout
2026-11-29 15:00:00+00:00,1795964400.0,haworth_psr_control,301.86,2.83,10.2,10.97,3.08,9.62,False,False,False,Blackout
2026-11-29 16:00:00+00:00,1795968000.0,haworth_psr_control,301.36,2.81,10.18,11.0,3.01,9.62,False,False,False,Blackout
2026-11-29 17:00:00+00:00,1795971600.0,haworth_psr_control,300.85,2.79,10.16,11.04,2.94,9.62,False,False,False,Blackout
2026-11-29 18:00:00+00:00,1795975200.0,haworth_psr_control,300.35,2.77,10.14,11.08,2.88,9.62,False,False,False,Blackout
2026-11-29 19:00:00+00:00,1795978800.0,haworth_psr_control,299.84,2.75,10.1,11.11,2.81,9.62,False,False,False,Blackout
2026-11-29 20:00:00+00:00,1795982400.0,haworth_psr_control,299.33,2.73,10.03,11.15,2.74,9.62,False,False,False,Blackout
2026-11-29 21:00:00+00:00,1795986000.0,haworth_psr_control,298.83,2.71,9.97,11.18,2.67,9.62,False,False,False,Blackout
2026-11-29 22:00:00+00:00,1795989600.0,haworth_psr_control,298.32,2.69,9.9,11.21,2.6,9.62,False,False,False,Blackout
2026-11-29 23:00:00+00:00,1795993200.0,haworth_psr_control,297.81,2.67,9.83,11.24,2.54,9.62,False,False,False,Blackout
2026-11-30 00:00:00+00:00,1795996800.0,haworth_psr_control,297.31,2.65,9.76,11.28,2.47,9.62,False,False,False,Blackout
2026-11-30 01:00:00+00:00,1796000400.0,haworth_psr_control,296.8,2.63,9.7,11.31,2.4,9.62,False,False,False,Blackout
2026-11-30 02:00:00+00:00,1796004000.0,haworth_psr_control,296.3,2.61,9.63,11.34,2.34,9.62,False,False,False,Blackout
2026-11-30 03:00:00+00:00,1796007600.0,haworth_psr_control,295.79,2.59,9.56,11.37,2.27,9.62,False,False,False,Blackout
2026-11-30 04:00:00+00:00,1796011200.0,haworth_psr_control,295.28,2.57,9.5,11.4,2.2,9.62,False,False,False,Blackout
2026-11-30 05:00:00+00:00,1796014800.0,haworth_psr_control,294.78,2.54,9.43,11.42,2.13,9.62,False,False,False,Blackout
2026-11-30 06:00:00+00:00,1796018400.0,haworth_psr_control,294.27,2.52,9.38,11.45,2.07,9.62,False,False,False,Blackout
2026-11-30 07:00:00+00:00,1796022000.0,haworth_psr_control,293.76,2.5,9.32,11.48,2.0,9.62,False,False,False,Blackout
2026-11-30 08:00:00+00:00,1796025600.0,haworth_psr_control,293.26,2.48,9.26,11.5,1.93,9.62,False,False,False,Blackout
2026-11-30 09:00:00+00:00,1796029200.0,haworth_psr_control,292.75,2.46,9.2,11.53,1.87,9.62,False,False,False,Blackout
2026-11-30 10:00:00+00:00,1796032800.0,haworth_psr_control,292.25,2.44,9.14,11.55,1.8,9.62,False,False,False,Blackout
2026-11-30 11:00:00+00:00,1796036400.0,haworth_psr_control,291.74,2.42,9.08,11.58,1.74,9.62,False,False,False,Blackout
2026-11-30 12:00:00+00:00,1796040000.0,haworth_psr_control,291.23,2.4,9.02,11.6,1.67,9.62,False,False,False,Blackout
2026-11-30 13:00:00+00:00,1796043600.0,haworth_psr_control,290.73,2.38,8.96,11.63,1.6,9.62,False,False,False,Blackout
2026-11-30 14:00:00+00:00,1796047200.0,haworth_psr_control,290.22,2.36,8.91,11.65,1.54,9.62,False,False,False,Blackout
2026-11-30 15:00:00+00:00,1796050800.0,haworth_psr_control,289.71,2.33,8.87,11.67,1.47,9.62,False,False,False,Blackout
2026-11-30 16:00:00+00:00,1796054400.0,haworth_psr_control,289.21,2.31,8.85,11.69,1.41,9.62,False,False,False,Blackout
2026-11-30 17:00:00+00:00,1796058000.0,haworth_psr_control,288.7,2.29,8.83,11.71,1.34,9.62,False,False,False,Blackout
2026-11-30 18:00:00+00:00,1796061600.0,haworth_psr_control,288.19,2.27,8.8,11.73,1.27,9.62,False,False,False,Blackout
2026-11-30 19:00:00+00:00,1796065200.0,haworth_psr_control,287.69,2.25,8.78,11.75,1.21,9.62,False,False,False,Blackout
2026-11-30 20:00:00+00:00,1796068800.0,haworth_psr_control,287.18,2.23,8.76,11.77,1.14,9.62,False,False,False,Blackout
2026-11-30 21:00:00+00:00,1796072400.0,haworth_psr_control,286.68,2.2,8.74,11.79,1.08,9.62,False,False,False,Blackout
2026-11-30 22:00:00+00:00,1796076000.0,haworth_psr_control,286.17,2.18,8.72,11.81,1.01,9.62,False,False,False,Blackout
2026-11-30 23:00:00+00:00,1796079600.0,haworth_psr_control,285.66,2.16,8.7,11.82,0.95,9.62,False,False,False,Blackout
